institution_id,canonical_key,group_size,level,state_inegi,municipality,municipality_name,body_type,core_name,confidence,reason,orig_name,orig_siglas,orig_gobierno_nivel,orig_state_code,total_contracts
1,,,federal,,,,organismo,ADMINISTRACION PORTUARIA INTEGRAL DE ALTAMIRA,n/a,level:ucfed 1608/1608,"ADMINISTRACIÓN PORTUARIA INTEGRAL DE ALTAMIRA, S.A. DE C.V.",,,,1846
2,state|03||organismo|ADMINISTRACION PORTUARIA INTEGRAL,2,state,03,,,organismo,ADMINISTRACION PORTUARIA INTEGRAL,medium,state:text;level:name-rules,ADMINISTRACIÓN PORTUARIA INTEGRAL DE BAJA CALIFORNIA SUR S.A. DE C.V.,,,,74
3,,,federal,,,,organismo,ADMINISTRACION PORTUARIA INTEGRAL DE COATZACOALCOS,n/a,level:ucfed 625/625,"ADMINISTRACIÓN PORTUARIA INTEGRAL DE COATZACOALCOS, S.A. DE C.V.",,,,759
4,,,federal,,,,organismo,ADMINISTRACION PORTUARIA INTEGRAL DE DOS BOCAS,n/a,level:ucfed 353/353,"ADMINISTRACIÓN PORTUARIA INTEGRAL DE DOS BOCAS, S.A. DE C.V.",,,,456
5,,,federal,,,,organismo,ADMINISTRACION PORTUARIA INTEGRAL DE ENSENADA,n/a,level:ucfed 483/483,"ADMINISTRACIÓN PORTUARIA INTEGRAL DE ENSENADA, S.A. DE C.V.",,,,540
6,,,federal,,,,organismo,ADMINISTRACION PORTUARIA INTEGRAL DE GUAYMAS,n/a,level:ucfed 1041/1041,"ADMINISTRACIÓN PORTUARIA INTEGRAL DE GUAYMAS, S.A. DE C.V.",,,,1106
7,,,federal,,,,organismo,ADMINISTRACION PORTUARIA INTEGRAL DE LAZARO CARDENAS,n/a,level:ucfed 2268/2268,"ADMINISTRACIÓN PORTUARIA INTEGRAL DE LÁZARO CÁRDENAS, S.A. DE C.V.",,,,2422
8,,,federal,,,,organismo,ADMINISTRACION PORTUARIA INTEGRAL DE MANZANILLO,n/a,level:ucfed 2515/2515,"ADMINISTRACIÓN PORTUARIA INTEGRAL DE MANZANILLO, S.A. DE C.V.",,,,2691
9,,,federal,,,,organismo,ADMINISTRACION PORTUARIA INTEGRAL DE MAZATLAN,n/a,level:ucfed 347/347,"ADMINISTRACIÓN PORTUARIA INTEGRAL DE MAZATLÁN, S.A. DE C.V.",,,,529
10,,,federal,,,,organismo,ADMINISTRACION PORTUARIA INTEGRAL DE PROGRESO,n/a,level:ucfed 710/710,"ADMINISTRACIÓN PORTUARIA INTEGRAL DE PROGRESO, S.A. DE C.V.",,,,840
11,,,federal,,,,organismo,ADMINISTRACION PORTUARIA INTEGRAL DE PUERTO VALLARTA,n/a,level:ucfed 419/419,"ADMINISTRACIÓN PORTUARIA INTEGRAL DE PUERTO VALLARTA, S.A. DE C.V.",,,,442
12,,,federal,,,,organismo,ADMINISTRACION PORTUARIA INTEGRAL DE SALINA CRUZ,n/a,level:ucfed 265/265,"ADMINISTRACIÓN PORTUARIA INTEGRAL DE SALINA CRUZ, S.A. DE C.V.",,,,333
13,,,federal,,,,organismo,ADMINISTRACION PORTUARIA INTEGRAL DE TAMPICO,n/a,level:ucAfed 110/110,"ADMINISTRACIÓN PORTUARIA INTEGRAL DE TAMPICO, S.A. DE. C.V",,,,110
14,,,federal,,,,organismo,ADMINISTRACION PORTUARIA INTEGRAL DE TUXPAN,n/a,level:ucfed 371/371,"ADMINISTRACIÓN PORTUARIA INTEGRAL DE TUXPAN, S.A. DE C.V.",,,,467
15,state|30||organismo|ADMINISTRACION PORTUARIA INTEGRAL,1,state,30,,,organismo,ADMINISTRACION PORTUARIA INTEGRAL,medium,state:text;level:name-rules,"ADMINISTRACIÓN PORTUARIA INTEGRAL DE VERACRUZ, S.A. DE C.V.",,,,5905
16,,,federal,,,,organismo,AEROPUERTO INTERNACIONAL DE LA CIUDAD DE MEXICO,n/a,level:ucAfed 759/759,AEROPUERTO INTERNACIONAL DE LA CIUDAD DE MÉXICO S.A. DE C.V.,,,,759
17,,,federal,,,,organismo,AEROPUERTOS Y SERVICIOS AUXILIARES,n/a,level:ucfed 12466/12486,AEROPUERTOS Y SERVICIOS AUXILIARES,,,,14283
18,,,federal,,,,organismo,AGROASEMEX S A,n/a,level:ucfed 1252/1256,"AGROASEMEX, S.A.",,,,1443
19,state|26||organismo de agua|AGUA DE HERMOSILLO,1,state,26,,,organismo de agua,AGUA DE HERMOSILLO,high,state:ucA 65/65;level:name-rules,AGUA DE HERMOSILLO,,,,65
20,,,federal,,,,organismo,APOYOS Y SERVICIOS A LA COMERCIALIZACION AGROPECUARIA,n/a,level:ucAfed 179/179,APOYOS Y SERVICIOS A LA COMERCIALIZACIÓN AGROPECUARIA,,,,179
21,,,federal,,,,organismo,ASEGURADORA HIDALGO S A,n/a,level:ucAfed 13/13,"ASEGURADORA HIDALGO, S.A.",,,,13
22,,,federal,,,,organismo,BAJA MANTENIMIENTO Y OPERACION,n/a,level:ucAfed 3/3,"BAJA, MANTENIMIENTO Y OPERACIÓN, S.A. DE C.V.",,,,3
23,,,federal,,,,organismo,BANCO DE CREDITO RURAL DE OCCIDENTE S N C,n/a,level:ucAfed 22/22,"BANCO DE CRÉDITO RURAL DE OCCIDENTE, S.N.C.",,,,22
24,,,federal,,,,organismo,BANCO DE CREDITO RURAL DEL CENTRO S N C,n/a,level:ucAfed 6/6,"BANCO DE CRÉDITO RURAL DEL CENTRO, S.N.C.",,,,6
25,,,federal,,,,organismo,BANCO DE CREDITO RURAL DEL CENTRO NORTE S N C,n/a,level:ucAfed 16/16,"BANCO DE CRÉDITO RURAL DEL CENTRO-NORTE, S.N.C.",,,,16
26,,,federal,,,,organismo,BANCO DE CREDITO RURAL DEL CENTRO SUR S N C,n/a,level:ucAfed 11/11,"BANCO DE CRÉDITO RURAL DEL CENTRO-SUR, S.N.C.",,,,11
27,,,federal,,,,organismo,BANCO DE CREDITO RURAL DEL GOLFO S N C,n/a,level:ucAfed 26/26,"BANCO DE CRÉDITO RURAL DEL GOLFO, S.N.C.",,,,26
28,,,federal,,,,organismo,BANCO DE CREDITO RURAL DEL ISTMO S N C,n/a,level:ucAfed 15/15,"BANCO DE CRÉDITO RURAL DEL ISTMO, S.N.C.",,,,15
29,,,federal,,,,organismo,BANCO DE CREDITO RURAL DEL NORESTE S N C,n/a,level:ucAfed 16/16,"BANCO DE CRÉDITO RURAL DEL NORESTE, S.N.C.",,,,16
30,,,federal,,,,organismo,BANCO DE CREDITO RURAL DEL NOROESTE S N C,n/a,level:ucAfed 38/38,"BANCO DE CRÉDITO RURAL DEL NOROESTE, S.N.C.",,,,38
31,,,federal,,,,organismo,BANCO DE CREDITO RURAL DEL NORTE S N C,n/a,level:ucAfed 22/22,"BANCO DE CRÉDITO RURAL DEL NORTE, S.N.C.",,,,22
32,,,federal,,,,organismo,BANCO DE CREDITO RURAL DEL PACIFICO NORTE S N C,n/a,level:ucAfed 32/32,"BANCO DE CRÉDITO RURAL DEL PACÍFICO-NORTE, S.N.C.",,,,32
33,,,federal,,,,organismo,BANCO DE CREDITO RURAL DEL PACIFICO SUR S N C,n/a,level:ucAfed 32/32,"BANCO DE CRÉDITO RURAL DEL PACÍFICO-SUR, S.N.C.",,,,32
34,,,federal,,,,organismo,BANCO DE CREDITO RURAL PENINSULAR S N C,n/a,level:ucAfed 9/9,"BANCO DE CRÉDITO RURAL PENINSULAR, S.N.C.",,,,9
35,,,federal,,,,organismo,BANCO DEL AHORRO NACIONAL Y SERVICIOS FINANCIEROS SNC,n/a,level:ucAfed 284/284,BANCO DEL AHORRO NACIONAL Y SERVICIOS FINANCIEROS SNC,,,,284
36,,,federal,,,,organismo,BANCO NACIONAL DE COMERCIO EXTERIOR S N C,n/a,level:ucfed 3499/3503,"BANCO NACIONAL DE COMERCIO EXTERIOR, S.N.C.",,,,3693
37,,,federal,,,,organismo,BANCO NACIONAL DE CREDITO RURAL S N C,n/a,level:ucAfed 29/29,"BANCO NACIONAL DE CRÉDITO RURAL, S.N.C.",,,,29
38,,,federal,,,,organismo,BANCO NACIONAL DE OBRAS Y SERVICIOS PUBLICOS S N C,n/a,level:ucfed 3856/3861,"BANCO NACIONAL DE OBRAS Y SERVICIOS PÚBLICOS, S.N.C.",,,,4202
39,,,federal,,,,organismo,BANCO NACIONAL DEL EJERCITO FUERZA AEREA Y ARMADA S N C,n/a,level:ucfed 8306/8326,"BANCO NACIONAL DEL EJÉRCITO, FUERZA AÉREA Y ARMADA, S.N.C.",,,,8875
40,state|20||organismo|CAMINOS Y AEROPISTAS,2,state,20,,,organismo,CAMINOS Y AEROPISTAS,high,state:ucA 294/294;level:name-rules,CAMINOS Y AEROPISTAS DE OAXACA,,,,295
41,,,federal,,,,organismo,CAMINOS Y PUENTES FEDERALES DE INGRESOS Y SERVICIOS CONEXOS,n/a,level:ucfed 15379/15392,CAMINOS Y PUENTES FEDERALES DE INGRESOS Y SERVICIOS CONEXOS,,,,22575
42,,,federal,,,,organismo,CENTRO DE CAPACITACION CINEMATOGRAFICA,n/a,level:ucfed 2908/4425,"CENTRO DE CAPACITACIÓN CINEMATOGRÁFICA, A.C.",,,,4597
43,,,federal,,,,organismo,CENTRO DE ENSENANZA TECNICA INDUSTRIAL,n/a,level:ucfed 1482/1490,CENTRO DE ENSEÑANZA TÉCNICA INDUSTRIAL,,,,1788
44,state|26||organismo|CENTRO DE ESTUDIOS SUPERIORES,1,state,26,,,organismo,CENTRO DE ESTUDIOS SUPERIORES,high,state:ucA 128/128;level:name-rules,CENTRO DE ESTUDIOS SUPERIORES DEL ESTADO DE SONORA,,,,128
45,,,federal,,,,organismo,CENTRO DE INGENIERIA Y DESARROLLO INDUSTRIAL,n/a,level:ucfed 774/802,CENTRO DE INGENIERÍA Y DESARROLLO INDUSTRIAL,,,,914
46,state|31||organismo|CENTRO DE INVESTIGACION CIENTIFICA,1,state,31,,,organismo,CENTRO DE INVESTIGACION CIENTIFICA,medium,state:text;level:name-rules,"CENTRO DE INVESTIGACIÓN CIENTÍFICA DE YUCATÁN, A. C.",,,,175
47,,,federal,,,,organismo,CENTRO DE INVESTIGACION CIENTIFICA Y EDUCACION SUPERIOR DE ENSENADA B C,n/a,level:ucAfed 62/62,"CENTRO DE INVESTIGACIÓN CIENTÍFICA Y EDUCACIÓN SUPERIOR DE ENSENADA, B.C.",,,,63
48,,,federal,,,,organismo,CENTRO DE INVESTIGACION EN ALIMENTACION Y DESARROLLO,n/a,level:ucfed 5641/5657,"CENTRO DE INVESTIGACIÓN EN ALIMENTACIÓN Y DESARROLLO, A.C.",,,,5764
49,,,federal,,,,organismo,CENTRO DE INVESTIGACION EN GEOGRAFIA Y GEOMATICA ING JORGE L TAMAYO,n/a,level:ucAfed 26/26,"CENTRO DE INVESTIGACIÓN EN GEOGRAFÍA Y GEOMÁTICA ING. JORGE L.TAMAYO, A.C.",,,,26
50,,,federal,,,,organismo,CENTRO DE INVESTIGACION EN MATEMATICAS,n/a,level:ucfed 1534/1540,"CENTRO DE INVESTIGACIÓN EN MATEMÁTICAS, A.C.",,,,1629
51,,,federal,,,,organismo,CENTRO DE INVESTIGACION EN MATERIALES AVANZADOS,n/a,level:ucfed 1576/1595,"CENTRO DE INVESTIGACIÓN EN MATERIALES AVANZADOS, S.C.",,,,1701
52,,,federal,,,,organismo,CENTRO DE INVESTIGACION Y ASESORIA TECNOLOGICA EN CUERO Y CALZADO,n/a,level:ucAfed 67/67,"CENTRO DE INVESTIGACIÓN Y ASESORÍA TECNOLÓGICA EN CUERO Y CALZADO, A. C.",,,,67
53,state|14||organismo|CENTRO DE INVESTIGACION Y ASISTENCIA EN TECNOLOGIA Y DISENO,1,state,14,,,organismo,CENTRO DE INVESTIGACION Y ASISTENCIA EN TECNOLOGIA Y DISENO,medium,state:text;level:name-rules,CENTRO DE INVESTIGACIÓN Y ASISTENCIA EN TECNOLOGÍA Y DISEÑO DEL ESTADO DE JALISCO,,,,87
54,,,federal,,,,organismo,CENTRO DE INVESTIGACION Y DE ESTUDIOS AVANZADOS DEL IPN,n/a,level:ucAfed 707/707,CENTRO DE INVESTIGACIÓN Y DE ESTUDIOS AVANZADOS DEL IPN,,,,707
55,,,federal,,,,organismo,CENTRO DE INVESTIGACION Y DESARROLLO TECNOLOGICO EN ELECTROQUIMICA,n/a,level:ucfed 1434/1484,"CENTRO DE INVESTIGACIÓN Y DESARROLLO TECNOLÓGICO EN ELECTROQUÍMICA, S.C.",,,,1680
56,,,federal,,,,organismo,CENTRO DE INVESTIGACION Y DOCENCIA ECONOMICAS,n/a,level:ucfed 2134/2165,"CENTRO DE INVESTIGACIÓN Y DOCENCIA ECONÓMICAS, A.C.",,,,2269
57,,,federal,,,,organismo,CENTRO DE INVESTIGACION Y SEGURIDAD NACIONAL,n/a,level:ucfed 2175/2175,CENTRO DE INVESTIGACIÓN Y SEGURIDAD NACIONAL,,,,3287
58,,,federal,,,,organismo,CENTRO DE INVESTIGACIONES BIOLOGICAS DEL NOROESTE,n/a,level:ucAfed 88/88,CENTRO DE INVESTIGACIONES BIOLÓGICAS DEL NOROESTE S.C.,,,,88
59,,,federal,,,,organismo,CENTRO DE INVESTIGACIONES EN OPTICA,n/a,level:ucAfed 16/16,CENTRO DE INVESTIGACIONES EN ÓPTICA. A. C.,,,,16
60,,,federal,,,,organismo,CENTRO DE INVESTIGACIONES Y ESTUDIOS SUPERIORES EN ANTROPOLOGIA SOCIAL,n/a,level:ucfed 1931/1957,CENTRO DE INVESTIGACIONES Y ESTUDIOS SUPERIORES EN ANTROPOLOGÍA SOCIAL,,,,2110
61,,,federal,,,,organismo,CENTRO NACIONAL DE METROLOGIA,n/a,level:ucfed 4806/4833,CENTRO NACIONAL DE METROLOGÍA,,,,5037
62,,,federal,,,,organismo,CENTRO NACIONAL DE VIGILANCIA EPIDEMIOLOGICA,n/a,level:ucAfed 1037/1037,CENTRO NACIONAL DE VIGILANCIA EPIDEMIOLÓGICA,,,,1038
63,,,federal,,,,organismo,CENTROS DE INTEGRACION JUVENIL,n/a,level:ucAfed 1143/1143,"CENTROS DE INTEGRACIÓN JUVENIL, A. C.",,,,1147
64,,,federal,,,,organismo,CIATEQ,n/a,level:ucAfed 123/123,CIATEQ  A.C.,,,,123
65,,,federal,,,,colegio de bachilleres,COLEGIO DE BACHILLERES,n/a,level:ucfed 1762/2037,COLEGIO DE BACHILLERES,,,,2428
66,state|02||colegio de bachilleres|COLEGIO DE BACHILLERES,2,state,02,,,colegio de bachilleres,COLEGIO DE BACHILLERES,high,state:ucA 40/40;state-subsystem;level:name-rules,COLEGIO DE BACHILLERES DEL ESTADO DE BAJA CALIFORNIA,,,,40
67,state|13||colegio de bachilleres|COLEGIO DE BACHILLERES,2,state,13,,,colegio de bachilleres,COLEGIO DE BACHILLERES,high,state:uc9 239/239;level:uc9 239/239,COLEGIO DE BACHILLERES DEL ESTADO DE HIDALGO,,,,570
68,state|30||colegio de bachilleres|COLEGIO DE BACHILLERES,2,state,30,,,colegio de bachilleres,COLEGIO DE BACHILLERES,high,state:uc9 42/42;level:uc9 42/42,COLEGIO DE BACHILLERES DEL ESTADO DE VERACRUZ,,,,98
69,state|11||cecyte|COLEGIO DE ESTUDIOS CIENTIFICOS Y TECNOLOGICOS,2,state,11,,,cecyte,COLEGIO DE ESTUDIOS CIENTIFICOS Y TECNOLOGICOS,high,state:uc9 216/216;level:uc9 216/216,COLEGIO DE ESTUDIOS CIENTÍFICOS Y TECNOLÓGICOS DEL ESTADO DE GUANAJUATO,,,,417
70,,,federal,,,,organismo,COLEGIO DE POSGRADUADOS,n/a,level:ucAfed 188/188,COLEGIO DE POSGRADUADOS,,,,188
71,,,federal,,,,organismo,COLEGIO NACIONAL DE EDUCACION PROFESIONAL TECNICA,n/a,level:ucfed 1892/1897,COLEGIO NACIONAL DE EDUCACIÓN PROFESIONAL TÉCNICA,,,,2348
72,state|12||organismo|COLEGIO SUPERIOR AGROPECUARIO,1,state,12,,,organismo,COLEGIO SUPERIOR AGROPECUARIO,medium,state:text;level:name-rules,COLEGIO SUPERIOR AGROPECUARIO DEL ESTADO DE GUERRERO,,,,959
73,municipal|01|01001|organismo de agua|COMISION CIUDADANA DE AGUA POTABLE Y ALCANTARLLADO,1,municipal,01,01001,Aguascalientes,organismo de agua,COMISION CIUDADANA DE AGUA POTABLE Y ALCANTARLLADO,high,state:ucA 17/17;level:name-rules;muni:inegi,COMISIÓN CIUDADANA DE AGUA POTABLE Y ALCANTARLLADO DEL MUNICIPIO DE AGUASCALIENTES,,,,17
74,state|12||organismo de agua|COMISION DE AGUA POTABLE ALCANTARILLADO Y SANEAMIENTO,3,state,12,,,organismo de agua,COMISION DE AGUA POTABLE ALCANTARILLADO Y SANEAMIENTO,high,state:ucA 458/458;level:name-rules,COMISIÓN DE AGUA POTABLE ALCANTARILLADO Y SANEAMIENTO DE GUERRERO,,,,459
75,state|12||organismo de agua|COMISION DE AGUA POTABLE Y ALCANTARILLADO DE CHILPANCINGO,1,state,12,,,organismo de agua,COMISION DE AGUA POTABLE Y ALCANTARILLADO DE CHILPANCINGO,high,state:ucA 10/10;level:name-rules,"COMISIÓN DE AGUA POTABLE Y ALCANTARILLADO DE CHILPANCINGO, GUERRERO",,,,10
76,state|23||organismo de agua|COMISION DE AGUA POTABLE Y ALCANTARILLADO,3,state,23,,,organismo de agua,COMISION DE AGUA POTABLE Y ALCANTARILLADO,high,state:ucA 331/331;level:name-rules,COMISIÓN DE AGUA POTABLE Y ALCANTARILLADO DE QUINTANA ROO,,,,331
77,state|04||organismo de agua|COMISION DE AGUA POTABLE Y ALCANTARILLADO,2,state,04,,,organismo de agua,COMISION DE AGUA POTABLE Y ALCANTARILLADO,high,state:uc9 80/80;level:uc9 80/80,COMISIÓN DE AGUA POTABLE Y ALCANTARILLADO DEL ESTADO DE CAMPECHE,,,,197
78,municipal|12|12001|organismo de agua|COMISION DE AGUA POTABLE Y ALCANTARILLADO,2,municipal,12,12001,Acapulco de Juárez,organismo de agua,COMISION DE AGUA POTABLE Y ALCANTARILLADO,high,state:ucA 14/14;level:name-rules;muni:inegi,"COMISIÓN DE AGUA POTABLE Y ALCANTARILLADO DEL MUNICIPIO DE ACAPULCO, GUERRERO",,,,14
79,state|06||organismo de agua|COMISION DE AGUA POTABLE DRENAJE Y ALCANTARILLADO DE MANZANILLO,2,state,06,,,organismo de agua,COMISION DE AGUA POTABLE DRENAJE Y ALCANTARILLADO DE MANZANILLO,high,state:ucA 3/3;level:name-rules,"COMISIÓN DE AGUA POTABLE, DRENAJE Y ALCANTARILLADO DE MANZANILLO, COLIMA",,,,3
80,state|13||organismo de agua|COMISION DE AGUA Y ALCANTARILLADO DE SISTEMAS INTERMUNICIPALES,1,state,13,,,organismo de agua,COMISION DE AGUA Y ALCANTARILLADO DE SISTEMAS INTERMUNICIPALES,high,state:ucA 279/279;level:name-rules,COMISIÓN DE AGUA Y ALCANTARILLADO DE SISTEMAS INTERMUNICIPALES,,,,279
81,,,federal,,,,organismo,COMISION DE AVALUOS DE BIENES NACIONALES,n/a,level:ucAfed 28/28,COMISIÓN DE AVALÚOS DE BIENES NACIONALES,,,,28
82,state|07||organismo|COMISION DE CAMINOS,2,state,07,,,organismo,COMISION DE CAMINOS,high,state:ucA 232/232;level:name-rules,COMISIÓN DE CAMINOS DEL ESTADO DE CHIAPAS,,,,232
83,state|23||infraestructura educativa|COMISION DE INFRAESTRUCTURA EDUCATIVA,1,state,23,,,infraestructura educativa,COMISION DE INFRAESTRUCTURA EDUCATIVA,high,state:ucA 528/528;level:name-rules,COMISIÓN DE INFRAESTRUCTURA EDUCATIVA DEL ESTADO DE QUINTANA ROO,,,,530
84,,,federal,,,,organismo,COMISION DE OPERACION Y FOMENTO DE ACTIVIDADES ACADEMICAS DEL IPN,n/a,level:ucAfed 2416/2416,COMISIÓN DE OPERACIÓN Y FOMENTO DE ACTIVIDADES ACADÉMICAS DEL IPN,,,,2473
85,state|15||organismo de agua|COMISION DEL AGUA,2,state,15,,,organismo de agua,COMISION DEL AGUA,high,state:uc9 109/109;level:uc9 109/109,COMISIÓN DEL AGUA DEL ESTADO DE MÉXICO,,,,493
86,state|30||organismo de agua|COMISION DEL AGUA,2,state,30,,,organismo de agua,COMISION DEL AGUA,high,state:uc9 77/77;level:uc9 77/77,COMISIÓN DEL AGUA DEL ESTADO DE VERACRUZ,,,,355
87,state|20||organismo|COMISION DEL PATRIMONIO EDIFICADO,1,state,20,,,organismo,COMISION DEL PATRIMONIO EDIFICADO,high,state:ucA 4/4;level:name-rules,COMISIÓN DEL PATRIMONIO EDIFICADO DEL ESTADO DE OAXACA,,,,4
88,state|18||organismo de agua|COMISION DE AGUA POTABLE Y ALCANTARILLADO,3,state,18,,,organismo de agua,COMISION DE AGUA POTABLE Y ALCANTARILLADO,high,state:ucA 200/200;level:name-rules,COMISIÓN ESTATAL DE AGUA POTABLE Y ALCANTARILLADO DE NAYARIT,,,,201
89,state|25||organismo de agua|COMISION DE AGUA POTABLE Y ALCANTARILLADO,2,state,25,,,organismo de agua,COMISION DE AGUA POTABLE Y ALCANTARILLADO,high,state:uc9 13/13;level:uc9 13/13,COMISIÓN ESTATAL DE AGUA POTABLE Y ALCANTARILLADO DE SINALOA,,,,87
90,state|32||organismo de agua|COMISION DE AGUA POTABLE Y ALCANTARILLADO,2,state,32,,,organismo de agua,COMISION DE AGUA POTABLE Y ALCANTARILLADO,high,state:ucA 474/474;level:name-rules,COMISIÓN ESTATAL DE AGUA POTABLE Y ALCANTARILLADO DE ZACATECAS,,,,474
91,state|07||organismo de agua|COMISION DE AGUA Y SANEAMIENTO,1,state,07,,,organismo de agua,COMISION DE AGUA Y SANEAMIENTO,high,state:ucA 629/629;level:name-rules,COMISIÓN ESTATAL DE AGUA Y SANEAMIENTO DE CHIAPAS,,,,629
92,state|14||organismo de agua|COMISION DE AGUA Y SANEAMIENTO,1,state,14,,,organismo de agua,COMISION DE AGUA Y SANEAMIENTO,high,state:ucA 153/153;level:name-rules,COMISIÓN ESTATAL DE AGUA Y SANEAMIENTO DE JALISCO,,,,153
93,state|22||organismo de agua|COMISION DE AGUAS,3,state,22,,,organismo de agua,COMISION DE AGUAS,high,state:ucA 430/430;level:name-rules,COMISIÓN ESTATAL DE AGUAS DE QUERÉTARO,,,,431
94,state|05||organismo de agua|COMISION DE AGUAS Y SANEAMIENTO,2,state,05,,,organismo de agua,COMISION DE AGUAS Y SANEAMIENTO,high,state:ucA 490/490;level:name-rules,COMISIÓN ESTATAL DE AGUAS Y SANEAMIENTO DE COAHUILA,,,,491
95,state|22||organismo|COMISION DE CAMINOS,1,state,22,,,organismo,COMISION DE CAMINOS,high,state:ucA 42/42;level:name-rules,COMISIÓN ESTATAL DE CAMINOS EN QUERÉTARO,,,,42
96,state|02||organismo|COMISION DE SERVICIOS PUBLICOS DE ENSENADA,2,state,02,,,organismo,COMISION DE SERVICIOS PUBLICOS DE ENSENADA,high,state:uc9 5/5;level:uc9 5/5,COMISIÓN ESTATAL DE SERVICIOS PÚBLICOS DE ENSENADA,,,,84
97,state|02||organismo|COMISION DE SERVICIOS PUBLICOS DE MEXICALI,2,state,02,,,organismo,COMISION DE SERVICIOS PUBLICOS DE MEXICALI,high,state:uc9 51/51;level:uc9 51/51,COMISIÓN ESTATAL DE SERVICIOS PÚBLICOS DE MEXICALI,,,,166
99,state|03||organismo de agua|COMISION DEL AGUA,3,state,03,,,organismo de agua,COMISION DEL AGUA,high,state:ucA 10/10;level:name-rules,COMISIÓN ESTATAL DEL AGUA DE BAJA CALIFORNIA SUR,,,,10
100,state|11||organismo de agua|COMISION DEL AGUA,2,state,11,,,organismo de agua,COMISION DEL AGUA,high,state:uc9 57/57;level:uc9 57/57,COMISIÓN ESTATAL DEL AGUA DE GUANAJUATO,,,,330
101,state|13||organismo de agua|COMISION DEL AGUA Y ALCANTARILLADO,1,state,13,,,organismo de agua,COMISION DEL AGUA Y ALCANTARILLADO,high,state:ucA 524/524;level:name-rules,COMISIÓN ESTATAL DEL AGUA Y ALCANTARILLADO DE HIDALGO,,,,524
102,state|17||organismo de agua|COMISION DEL AGUA Y MEDIO AMBIENTE,1,state,17,,,organismo de agua,COMISION DEL AGUA Y MEDIO AMBIENTE,high,state:ucA 139/139;level:name-rules,COMISIÓN ESTATAL DEL AGUA Y MEDIO AMBIENTE DE MORELOS,,,,139
103,,,autonomous,,,,organismo,COMISION FEDERAL DE COMPETENCIA,n/a,level:ucAfed 339/339,COMISIÓN FEDERAL DE COMPETENCIA,,,,348
104,,,federal,,,,organismo,COMISION FEDERAL DE ELECTRICIDAD,n/a,level:ucfed 184159/184178,COMISIÓN FEDERAL DE ELECTRICIDAD,CFE,,,205797
105,,,autonomous,,,,organismo,COMISION FEDERAL DE TELECOMUNICACIONES,n/a,level:ucAfed 171/171,COMISIÓN FEDERAL DE TELECOMUNICACIONES,,,,171
106,,,federal,,,,organismo,COMISION FEDERAL PARA LA PROTECCION CONTRA RIESGOS SANITARIOS,n/a,level:ucfed 1486/1486,COMISIÓN FEDERAL PARA LA PROTECCIÓN CONTRA RIESGOS SANITARIOS,,,,1824
107,state|27||organismo|COMISION INTERINSTITUCIONAL PARA EL MEDIO AMBIENTE Y EL DESARROLLO SOCIAL,1,state,27,,,organismo,COMISION INTERINSTITUCIONAL PARA EL MEDIO AMBIENTE Y EL DESARROLLO SOCIAL,high,state:ucA 25/25;level:name-rules,COMISIÓN INTERINSTITUCIONAL PARA EL MEDIO AMBIENTE Y EL DESARROLLO SOCIAL DE TABASCO,,,,25
108,,,federal,,,,organismo,COMISION NACIONAL BANCARIA Y DE VALORES,n/a,level:ucfed 2551/2562,COMISIÓN NACIONAL BANCARIA Y DE VALORES,,,,2702
109,,,federal,,,,organismo,COMISION NACIONAL DE ACUACULTURA Y PESCA,n/a,level:ucfed 1525/1563,COMISIÓN NACIONAL DE ACUACULTURA Y PESCA,,,,1924
110,,,federal,,,,organismo,COMISION NACIONAL DE AREAS NATURALES PROTEGIDAS,n/a,level:ucfed 2714/2759,COMISIÓN NACIONAL DE ÁREAS NATURALES PROTEGIDAS,,,,3426
111,,,federal,,,,organismo,COMISION NACIONAL DE FOMENTO A LA VIVIENDA,n/a,level:ucAfed 38/38,COMISIÓN NACIONAL DE FOMENTO A LA VIVIENDA,,,,38
112,,,federal,,,,organismo,COMISION NACIONAL DE LIBROS DE TEXTO GRATUITO,n/a,level:ucAfed 599/599,COMISIÓN NACIONAL DE LIBROS DE TEXTO GRATUITO,,,,600
113,,,federal,,,,organismo,COMISION NACIONAL DE LOS SALARIOS MINIMOS,n/a,level:ucfed 291/314,COMISIÓN NACIONAL DE LOS SALARIOS MINIMOS,,,,348
114,,,federal,,,,organismo,COMISION NACIONAL DE SEGURIDAD NUCLEAR Y SALVAGUARDIAS,n/a,level:ucfed 1068/1075,COMISIÓN NACIONAL DE SEGURIDAD NUCLEAR Y SALVAGUARDIAS,,,,1121
115,,,federal,,,,organismo,COMISION NACIONAL DE SEGUROS Y FIANZAS,n/a,level:ucfed 1480/1494,COMISIÓN NACIONAL DE SEGUROS Y FIANZAS,,,,1575
116,,,federal,,,,organismo,COMISION NACIONAL DE ZONAS ARIDAS,n/a,level:ucAfed 25/25,COMISIÓN NACIONAL DE ZONAS ÁRIDAS,,,,25
117,,,federal,,,,organismo de agua,COMISION NACIONAL DEL AGUA,n/a,level:ucfed 28754/28861,COMISIÓN NACIONAL DEL AGUA,CONAGUA,,,39061
118,,,federal,,,,organismo,COMISION NACIONAL DEL DEPORTE,n/a,level:ucAfed 15/15,COMISIÓN NACIONAL DEL DEPORTE,,,,15
119,,,federal,,,,organismo,COMISION NACIONAL DEL SISTEMA DE AHORRO PARA EL RETIRO,n/a,level:ucfed 1891/1900,COMISIÓN NACIONAL DEL SISTEMA DE AHORRO PARA EL RETIRO,,,,2079
120,,,federal,,,,organismo,COMISION NACIONAL FORESTAL,n/a,level:ucfed 13049/13097,COMISIÓN NACIONAL FORESTAL,,,,13818
121,,,federal,,,,organismo,COMISION NACIONAL PARA LA PROTECCION Y DEFENSA DE LOS USUARIOS DE SERVICIOS FINANCIEROS,n/a,level:ucfed 1824/1828,COMISIÓN NACIONAL PARA LA PROTECCIÓN Y DEFENSA DE LOS USUARIOS DE SERVICIOS FINANCIEROS,,,,2082
122,state|01||organismo|COMISION PARA EL DESARROLLO AGROPECUARIO,1,state,01,,,organismo,COMISION PARA EL DESARROLLO AGROPECUARIO,high,state:ucA 6/6;level:name-rules,COMISIÓN PARA EL DESARROLLO AGROPECUARIO DEL ESTADO DE AGUASCALIENTES,,,,6
123,state|07||organismo|COMISION PARA EL DESARROLLO Y FOMENTO DEL CAFE,1,state,07,,,organismo,COMISION PARA EL DESARROLLO Y FOMENTO DEL CAFE,high,state:ucA 1/1;level:name-rules,COMISIÓN PARA EL DESARROLLO Y FOMENTO DEL CAFÉ EN CHIAPAS,,,,1
124,,,federal,,,,organismo,COMISION PARA LA REGULARIZACION DE LA TENENCIA DE LA TIERRA,n/a,level:ucAfed 178/183,COMISIÓN PARA LA REGULARIZACIÓN DE LA TENENCIA DE LA TIERRA,,,,183
125,state|30||organismo de agua|COMISION REGIONAL DE AGUA Y SANEAMIENTO DEL PUERTO,1,state,30,,,organismo de agua,COMISION REGIONAL DE AGUA Y SANEAMIENTO DEL PUERTO,high,state:ucA 7/7;level:name-rules,COMISIÓN REGIONAL DE AGUA Y SANEAMIENTO DEL PUERTO DE VERACRUZ,,,,7
126,,,autonomous,,,,organismo,COMISION REGULADORA DE ENERGIA,n/a,level:ucfed 324/464,COMISIÓN REGULADORA DE ENERGÍA,,,,505
127,state|02||organismo|COMITE ADMINISTRADOR DE INFRAESTRUCTURA PUBLICA Y EDUCATIVA,1,state,02,,,organismo,COMITE ADMINISTRADOR DE INFRAESTRUCTURA PUBLICA Y EDUCATIVA,high,state:ucA 135/135;level:name-rules,COMITÉ ADMINISTRADOR DE INFRAESTRUCTURA PÚBLICA Y EDUCATIVA DE BAJA CALIFORNIA,,,,135
128,state|28||infraestructura educativa|COMITE ADMINISTRADOR DEL PROGRAMA DE CONSTRUCCION DE ESCUELAS,1,state,28,,,infraestructura educativa,COMITE ADMINISTRADOR DEL PROGRAMA DE CONSTRUCCION DE ESCUELAS,high,state:ucA 57/57;level:name-rules,COMITÉ ADMINISTRADOR DEL PROGRAMA DE CONSTRUCCIÓN DE ESCUELAS EN TAMAULIPAS,,,,57
129,state|03||infraestructura educativa|COMITE ADMINISTRADOR DEL PROGRAMA ESTATAL DE CONSTRUCCION DE ESCUELAS,1,state,03,,,infraestructura educativa,COMITE ADMINISTRADOR DEL PROGRAMA ESTATAL DE CONSTRUCCION DE ESCUELAS,high,state:ucA 186/186;level:name-rules,COMITÉ ADMINISTRADOR DEL PROGRAMA ESTATAL DE CONSTRUCCIÓN DE ESCUELAS EN BAJA CALIFORNIA SUR,,,,186
130,state|13||infraestructura educativa|COMITE ADMINISTRADOR DEL PROGRAMA ESTATAL DE CONSTRUCCION DE ESCUELAS,1,state,13,,,infraestructura educativa,COMITE ADMINISTRADOR DEL PROGRAMA ESTATAL DE CONSTRUCCION DE ESCUELAS,high,state:ucA 334/334;level:name-rules,COMITÉ ADMINISTRADOR DEL PROGRAMA ESTATAL DE CONSTRUCCIÓN DE ESCUELAS EN HIDALGO,,,,334
131,state|14||infraestructura educativa|COMITE ADMINISTRADOR DEL PROGRAMA ESTATAL DE CONSTRUCCION DE ESCUELAS,1,state,14,,,infraestructura educativa,COMITE ADMINISTRADOR DEL PROGRAMA ESTATAL DE CONSTRUCCION DE ESCUELAS,high,state:ucA 442/442;level:name-rules,COMITÉ ADMINISTRADOR DEL PROGRAMA ESTATAL DE CONSTRUCCIÓN DE ESCUELAS EN JALISCO,,,,443
132,state|27||infraestructura educativa|COMITE ADMINISTRADOR DEL PROGRAMA ESTATAL DE CONSTRUCCION DE ESCUELAS,1,state,27,,,infraestructura educativa,COMITE ADMINISTRADOR DEL PROGRAMA ESTATAL DE CONSTRUCCION DE ESCUELAS,high,state:ucA 556/556;level:name-rules,COMITÉ ADMINISTRADOR DEL PROGRAMA ESTATAL DE CONSTRUCCIÓN DE ESCUELAS EN TABASCO,,,,556
133,,,federal,,,,infraestructura educativa,COMITE ADMINISTRADOR DEL PROGRAMA FEDERAL DE CONSTRUCCION DE ESCUELAS,n/a,level:ucAfed 247/247,COMITÉ ADMINISTRADOR DEL PROGRAMA FEDERAL DE CONSTRUCCIÓN DE ESCUELAS,,,,247
134,state|20||infraestructura educativa|COMITE ADMINISTRADOR DEL PROGRAMA PARA LA CONSTRUCCION DE ESCUELAS,1,state,20,,,infraestructura educativa,COMITE ADMINISTRADOR DEL PROGRAMA PARA LA CONSTRUCCION DE ESCUELAS,high,state:ucA 314/314;level:name-rules,COMITÉ ADMINISTRADOR DEL PROGRAMA PARA LA CONSTRUCCIÓN DE ESCUELAS EN OAXACA,,,,314
135,state|21||organismo|COMITE ADMINISTRADOR PARA LA CONSTRUCCION DE ESPACIOS EDUCATIVOS,2,state,21,,,organismo,COMITE ADMINISTRADOR PARA LA CONSTRUCCION DE ESPACIOS EDUCATIVOS,medium,state:ucA 338/338;level:name-rules;gentilicio-stripped,COMITÉ ADMINISTRADOR POBLANO PARA LA CONSTRUCCIÓN DE ESPACIOS EDUCATIVOS,,,,363
136,state|16||organismo de agua|COMITE DE AGUA POTABLE ALCANTARILLADO Y SANEAMIENTO,1,state,16,,,organismo de agua,COMITE DE AGUA POTABLE ALCANTARILLADO Y SANEAMIENTO,high,state:ucA 79/79;level:name-rules,"COMITÉ DE AGUA POTABLE, ALCANTARILLADO Y SANEAMIENTO DEL ESTADO DE MICHOACÁN",,,,79
137,state|07||infraestructura educativa|COMITE DE CONSTRUCCION DE ESCUELAS,1,state,07,,,infraestructura educativa,COMITE DE CONSTRUCCION DE ESCUELAS,high,state:ucA 92/92;level:name-rules,COMITÉ DE CONSTRUCCIÓN DE ESCUELAS DEL ESTADO DE CHIAPAS,,,,92
138,state|19||infraestructura educativa|COMITE DE CONSTRUCCION DE ESCUELAS,1,state,19,,,infraestructura educativa,COMITE DE CONSTRUCCION DE ESCUELAS,high,state:ucA 686/686;level:name-rules,COMITÉ DE CONSTRUCCIÓN DE ESCUELAS DEL ESTADO DE NUEVO LEÓN,,,,687
139,state|30||organismo|COMITE DE CONSTRUCCION DE ESPACIOS EDUCATIVOS,1,state,30,,,organismo,COMITE DE CONSTRUCCION DE ESPACIOS EDUCATIVOS,high,state:ucA 186/186;level:name-rules,COMITÉ DE CONSTRUCCIÓN DE ESPACIOS EDUCATIVOS EN VERACRUZ,,,,186
140,state|15||organismo|COMITE DE INSTALACIONES EDUCATIVAS,1,state,15,,,organismo,COMITE DE INSTALACIONES EDUCATIVAS,high,state:ucA 128/128;level:name-rules,COMITÉ DE INSTALACIONES EDUCATIVAS DEL ESTADO DE MÉXICO,,,,129
141,state|04||infraestructura educativa|COMITE DEL PROGRAMA ADMINISTRADOR DE CONSTRUCCION DE ESCUELAS,1,state,04,,,infraestructura educativa,COMITE DEL PROGRAMA ADMINISTRADOR DE CONSTRUCCION DE ESCUELAS,high,state:ucA 44/44;level:name-rules,COMITÉ ESTATAL DEL PROGRAMA ADMINISTRADOR DE CONSTRUCCIÓN DE ESCUELAS EN CAMPECHE,,,,44
142,,,federal,,,,organismo,COMITE NACIONAL MIXTO DE PROTECCION AL SALARIO,n/a,level:ucfed 443/443,COMITÉ NACIONAL MIXTO DE PROTECCIÓN AL SALARIO,,,,527
143,state|32||infraestructura educativa|COMITE PARA LA CONSTRUCCION DE ESCUELAS,1,state,32,,,infraestructura educativa,COMITE PARA LA CONSTRUCCION DE ESCUELAS,high,state:ucA 363/363;level:name-rules,COMITÉ PARA LA CONSTRUCCIÓN DE ESCUELAS DEL ESTADO DE ZACATECAS,,,,363
144,state|01||organismo|COMITE PARA LA CONSTRUCCION DE ESPACIOS EDUCATIVOS,1,state,01,,,organismo,COMITE PARA LA CONSTRUCCION DE ESPACIOS EDUCATIVOS,high,state:ucA 6/6;level:name-rules,COMITÉ PARA LA CONSTRUCCIÓN DE ESPACIOS EDUCATIVOS DE AGUASCALIENTES,,,,6
145,state|29||organismo|COMITE PARA LA CONSTRUCCION DE ESPACIOS EDUCATIVOS,1,state,29,,,organismo,COMITE PARA LA CONSTRUCCION DE ESPACIOS EDUCATIVOS,high,state:ucA 2/2;level:name-rules,COMITÉ PARA LA CONSTRUCCIÓN DE ESPACIOS EDUCATIVOS DE TLAXCALA,,,,2
146,,,federal,,,,organismo,COMPANIA MEXICANA DE EXPLORACIONES,n/a,level:ucfed 2992/2993,"COMPAÑÍA MEXICANA DE EXPLORACIONES, S.A. DE C.V.",,,,3220
147,,,federal,,,,organismo,COMPANIA OPERADORA DEL CENTRO CULTURAL Y TURISTICO DE TIJUANA,n/a,level:ucAfed 33/33,COMPAÑÍA OPERADORA DEL CENTRO CULTURAL Y TURÍSTICO DE TIJUANA S.A. DE C.V.,,,,33
148,,,federal,,,,organismo,CONSEJERIA JURIDICA DEL EJECUTIVO FEDERAL,n/a,level:ucfed 457/464,CONSEJERÍA JURÍDICA DEL EJECUTIVO FEDERAL,,,,612
149,state|30||organismo|CONSEJO DE DESARROLLO DEL PAPALOAPAN,3,state,30,,,organismo,CONSEJO DE DESARROLLO DEL PAPALOAPAN,high,state:ucA 27/27;level:name-rules,CONSEJO DE DESARROLLO DEL PAPALOAPAN,,,,27
150,,,federal,,,,organismo,CONSEJO DE PROMOCION TURISTICA DE MEXICO,n/a,level:ucAfed 112/112,CONSEJO DE PROMOCIÓN TURÍSTICA DE MÉXICO S.A. DE C.V.,,,,112
151,,,federal,,,,organismo,CONSEJO DE RECURSOS MINERALES,n/a,level:ucAfed 128/128,CONSEJO DE RECURSOS MINERALES,,,,128
152,state|26||organismo|CONSEJO DE CONCERTACION PARA LA OBRA PUBLICA,2,state,26,,,organismo,CONSEJO DE CONCERTACION PARA LA OBRA PUBLICA,high,state:ucA 1/1;level:name-rules,CONSEJO ESTATAL DE CONCERTACIÓN PARA LA OBRA PÚBLICA EN SONORA,,,,1
153,state|14||organismo|CONSEJO PARA EL FOMENTO DEPORTIVO Y EL APOYO A LA JUVENTUD,2,state,14,,,organismo,CONSEJO PARA EL FOMENTO DEPORTIVO Y EL APOYO A LA JUVENTUD,high,state:ucA 12/12;level:name-rules,CONSEJO ESTATAL PARA EL FOMENTO DEPORTIVO Y EL APOYO A LA JUVENTUD DE JALISCO,,,,12
154,state|13||organismo|CONSEJO DEL CAFE,1,state,13,,,organismo,CONSEJO DEL CAFE,medium,state:ucA 3/3;level:name-rules;gentilicio-stripped,CONSEJO HIDALGUENSE DEL CAFE,,,,3
155,,,federal,,,,organismo,CONSEJO NACIONAL DE CIENCIA Y TECNOLOGIA,n/a,level:ucfed 1070/1070,CONSEJO NACIONAL DE CIENCIA Y TECNOLOGÍA,,,,1359
156,,,federal,,,,organismo,CONSEJO NACIONAL DE FOMENTO EDUCATIVO,n/a,level:ucfed 3947/4013,CONSEJO NACIONAL DE FOMENTO EDUCATIVO,,,,4780
157,,,federal,,,,organismo,CONSEJO NACIONAL PARA LA CULTURA Y LAS ARTES,n/a,level:ucAfed 831/831,CONSEJO NACIONAL PARA LA CULTURA Y LAS ARTES,,,,832
158,,,federal,,,,organismo,COORDINACION DE SALUD MENTAL,n/a,level:ucAfed 115/115,COORDINACIÓN DE SALUD MENTAL,,,,115
159,,,federal,,,,organismo,COORDINACION NACIONAL DEL PROGRAMA DE DESARROLLO HUMANO OPORTUNIDADES,n/a,level:ucAfed 459/459,COORDINACIÓN NACIONAL DEL PROGRAMA DE DESARROLLO HUMANO OPORTUNIDADES,,,,472
160,,,federal,,,,organismo,DICONSA,n/a,level:ucAfed 151/151,DICONSA S.A. DE C.V.,,,,151
161,,,federal,,,,organismo,DICONSA SUCURSAL ESTATAL HIDALGO,n/a,level:ucAfed 21/21,DICONSA S.A. DE C.V. SUCURSAL ESTATAL HIDALGO,,,,21
162,,,federal,,,,organismo,DICONSA SUCURSAL ESTATAL METROPOLITANA,n/a,level:ucAfed 28/28,DICONSA S.A. DE C.V. SUCURSAL ESTATAL METROPOLITANA,,,,28
163,,,federal,,,,organismo,DICONSA SUCURSAL REGIONAL NOROESTE,n/a,level:ucAfed 21/21,DICONSA S.A. DE C.V. SUCURSAL REGIONAL NOROESTE,,,,21
164,,,federal,,,,organismo,DICONSA SUCURSAL REGIONAL NORTE,n/a,level:ucAfed 129/129,DICONSA S.A. DE C.V. SUCURSAL REGIONAL NORTE,,,,129
165,,,federal,,,,organismo,DICONSA SUCURSAL REGIONAL NORTE CENTRO,n/a,level:ucAfed 13/13,DICONSA S.A. DE C.V. SUCURSAL REGIONAL NORTE-CENTRO,,,,13
166,,,federal,,,,organismo,DICONSA SUCURSAL REGIONAL OAXACA,n/a,level:ucAfed 52/52,DICONSA S.A. DE C.V. SUCURSAL REGIONAL OAXACA,,,,52
167,,,federal,,,,organismo,DICONSA SUCURSAL REGIONAL PACIFICO,n/a,level:ucAfed 49/49,DICONSA S.A. DE C.V. SUCURSAL REGIONAL PACÍFICO,,,,49
168,,,federal,,,,organismo,DICONSA SUCURSAL REGIONAL PENINSULAR,n/a,level:ucAfed 177/177,DICONSA S.A. DE C.V. SUCURSAL REGIONAL PENINSULAR,,,,177
169,,,federal,,,,organismo,DICONSA SUCURSAL REGIONAL SUR,n/a,level:ucAfed 99/99,DICONSA S.A. DE C.V. SUCURSAL REGIONAL SUR,,,,99
170,,,federal,,,,organismo,DICONSA SUCURSAL REGIONAL SURESTE,n/a,level:ucAfed 113/113,DICONSA S.A. DE C.V. SUCURSAL REGIONAL SURESTE,,,,113
171,state|16||organismo|DIRECCION GENERAL DEL COMITE DE ADQUISICIONES DEL PODER EJECUTIVO,1,state,16,,,organismo,DIRECCION GENERAL DEL COMITE DE ADQUISICIONES DEL PODER EJECUTIVO,high,state:ucA 179/179;level:name-rules,DIRECCIÓN GENERAL DEL COMITÉ DE ADQUISICIONES DEL PODER EJECUTIVO DEL ESTADO DE MICHOACÁN,,,,179
172,,,federal,,,,organismo,EDUCAL,n/a,level:ucfed 352/678,"EDUCAL, S.A. DE C.V.",,,,734
173,,,federal,,,,organismo,EL COLEGIO DE LA FRONTERA NORTE,n/a,level:ucAfed 144/144,"EL COLEGIO DE LA FRONTERA NORTE, A. C.",,,,144
174,,,federal,,,,organismo,EL COLEGIO DE LA FRONTERA SUR,n/a,level:ucfed 1597/1621,EL COLEGIO DE LA FRONTERA SUR,,,,1671
175,,,federal,,,,organismo,ESTUDIOS CHURUBUSCO AZTECA S A,n/a,level:ucfed 1946/2885,"ESTUDIOS CHURUBUSCO AZTECA, S.A.",,,,3034
176,,,federal,,,,organismo,EXPORTADORA DE SAL,n/a,level:ucfed 6816/6820,"EXPORTADORA DE SAL, S.A. DE C.V.",,,,7134
177,,,federal,,,,organismo,FERROCARRIL DEL ISTMO DE TEHUANTEPEC,n/a,level:ucAfed 264/264,FERROCARRIL DEL ISTMO DE TEHUANTEPEC S.A. DE C.V.,,,,264
178,,,federal,,,,organismo,FERROCARRILES NACIONALES DE MEXICO,n/a,level:ucAfed 85/85,FERROCARRILES NACIONALES DE MÉXICO,,,,85
179,,,federal,,,,organismo,FIDEICOMISO DE FOMENTO MINERO,n/a,level:ucfed 1211/1227,FIDEICOMISO DE FOMENTO MINERO,,,,1326
180,,,federal,,,,organismo,FIDEICOMISO DE FORMACION Y CAPACITACION PARA EL PERSONAL DE LA MARINA MERCANTE NACIONAL,n/a,level:ucfed 285/285,FIDEICOMISO DE FORMACIÓN Y CAPACITACIÓN PARA EL PERSONAL DE LA MARINA MERCANTE NACIONAL,,,,447
181,,,federal,,,,organismo,FIDEICOMISO DE RIESGO COMPARTIDO,n/a,level:ucfed 899/908,FIDEICOMISO DE RIESGO COMPARTIDO,,,,1020
182,,,federal,,,,organismo,FIDEICOMISO FONDO NACIONAL DE FOMENTO EJIDAL,n/a,level:ucfed 331/356,FIDEICOMISO FONDO NACIONAL DE FOMENTO EJIDAL,,,,389
183,,,federal,,,,organismo,FIDEICOMISO FONDO NACIONAL DE HABITACIONES POPULARES,n/a,level:ucfed 613/679,FIDEICOMISO FONDO NACIONAL DE HABITACIONES POPULARES,,,,794
184,,,federal,,,,organismo,FIDEICOMISO LIQUIDADOR DE INSTITUCIONES Y ORGANIZACIONES AUXILIARES DE CREDITO,n/a,level:ucAfed 66/66,FIDEICOMISO LIQUIDADOR DE INSTITUCIONES Y ORGANIZACIONES AUXILIARES DE CRÉDITO,,,,66
185,state|15||organismo|FIDEICOMISO PARA EL DESARROLLO DE PARQUES Y ZONAS INDUSTRIALES,2,state,15,,,organismo,FIDEICOMISO PARA EL DESARROLLO DE PARQUES Y ZONAS INDUSTRIALES,high,state:ucA 5/5;level:name-rules,FIDEICOMISO PARA EL DESARROLLO DE PARQUES Y ZONAS INDUSTRIALES DEL ESTADO DE MÉXICO,,,,5
186,,,federal,,,,organismo,FONATUR BMO,n/a,level:ucAfed 126/126,FONATUR BMO S.A. DE C.V.,,,,126
187,,,federal,,,,organismo,FONDO DE CAPITALIZACION E INVERSION DEL SECTOR RURAL,n/a,level:ucfed 623/627,FONDO DE CAPITALIZACIÓN E INVERSIÓN DEL SECTOR RURAL,,,,662
188,state|26||organismo|FONDO DE FOMENTO AGROPECUARIO,1,state,26,,,organismo,FONDO DE FOMENTO AGROPECUARIO,high,state:ucA 20/20;level:name-rules,FONDO DE FOMENTO AGROPECUARIO DEL ESTADO DE SONORA,,,,20
189,,,federal,,,,organismo,FONDO DE FOMENTO Y GARANTIA PARA EL CONSUMO DE LOS TRABAJADORES,n/a,level:ucAfed 166/166,FONDO DE FOMENTO Y GARANTÍA PARA EL CONSUMO DE LOS TRABAJADORES,,,,166
190,,,federal,,,,organismo,FONDO DE GARANTIA Y FOMENTO PARA LA AGRICULTURA GANADERIA Y AVICULTURA,n/a,level:ucfed 2193/2196,"FONDO DE GARANTÍA Y FOMENTO PARA LA AGRICULTURA, GANADERÍA Y AVICULTURA",,,,2799
191,,,federal,,,,organismo,FONDO DE INFORMACION Y DOCUMENTACION PARA LA INDUSTRIA,n/a,level:ucAfed 167/167,FONDO DE INFORMACIÓN Y DOCUMENTACIÓN PARA LA INDUSTRIA,,,,167
192,,,federal,,,,organismo,FONDO DE LA VIVIENDA DEL ISSSTE,n/a,level:ucAfed 164/164,FONDO DE LA VIVIENDA DEL ISSSTE,,,,164
193,,,federal,,,,organismo,FONDO NACIONAL DE APOYO A EMPRESAS DE SOLIDARIDAD,n/a,level:ucAfed 118/118,FONDO NACIONAL DE APOYO A EMPRESAS DE SOLIDARIDAD,,,,118
194,,,federal,,,,organismo,FONDO NACIONAL DE FOMENTO AL TURISMO,n/a,level:ucfed 2756/2763,FONDO NACIONAL DE FOMENTO AL TURISMO,,,,3024
195,state|09||gobierno del estado|,1,state,09,,,gobierno del estado,,high,state:ucA 1987/1987;level:name-rules;singleton-body,GOBIERNO DEL DISTRITO FEDERAL,,,,1991
196,municipal|27|27003|ayuntamiento|,3,municipal,27,27003,Centla,ayuntamiento,,high,state:ucA 2/2;level:name-rules;muni:inegi;singleton-body,"H. AYUNTAMIENTO CONSTITUCIONAL DE CENTLA, TABASCO",,,,2
197,municipal|27|27005|ayuntamiento|,3,municipal,27,27005,Comalcalco,ayuntamiento,,high,state:ucA 8/8;level:name-rules;muni:inegi;singleton-body,"H. AYUNTAMIENTO CONSTITUCIONAL DE COMALCALCO, TABASCO",,,,8
198,municipal|23|23001|ayuntamiento|,3,municipal,23,23001,Cozumel,ayuntamiento,,high,state:ucA 86/86;level:name-rules;muni:inegi;singleton-body,H. AYUNTAMIENTO CONSTITUCIONAL DE COZUMEL DEL ESTADO DE QUINTANA ROO,,,,86
199,municipal|15|15040|ayuntamiento|,2,municipal,15,15040,Ixtapan de la Sal,ayuntamiento,,high,state:ucA 5/5;level:name-rules;muni:inegi;singleton-body,"H. AYUNTAMIENTO CONSTITUCIONAL DE IXTAPAN DE LA SAL, ESTADO DE MÉXICO",,,,5
200,municipal|31|31050|ayuntamiento|,3,municipal,31,31050,Mérida,ayuntamiento,,high,state:ucA 433/433;level:name-rules;muni:inegi;singleton-body,"H. AYUNTAMIENTO CONSTITUCIONAL DE MÉRIDA, YUCATÁN",,,,438
201,municipal|15|15104|ayuntamiento|,2,municipal,15,15104,Tlalnepantla de Baz,ayuntamiento,,high,state:ucA 106/106;level:name-rules;muni:inegi;singleton-body,"H. AYUNTAMIENTO CONSTITUCIONAL DE TLALNEPANTLA DE BAZ, ESTADO DE MÉXICO",,,,106
202,municipal|23|23005|ayuntamiento|,2,municipal,23,23005,Benito Juárez,ayuntamiento,,high,state:ucA 56/56;level:name-rules;muni:inegi;singleton-body,H. AYUNTAMIENTO MUNICIPAL BENITO JUÁREZ EN CANCÚN QUINTANA ROO,,,,56
203,municipal|26|26030|ayuntamiento|,3,municipal,26,26030,Hermosillo,ayuntamiento,,high,state:ucA 223/223;level:name-rules;muni:inegi;singleton-body,H. AYUNTAMIENTO MUNICIPAL DE HERMOSILLO SONORA,,,,223
204,municipal|11|11027|ayuntamiento|,2,municipal,11,11027,Salamanca,ayuntamiento,,high,state:ucA 4/4;level:name-rules;muni:inegi;singleton-body,"H. AYUNTAMIENTO MUNICIPAL DE SALAMANCA, GUANAJUATO",,,,4
205,,,federal,,,,hospital,HOSPITAL GENERAL DE MEXICO,n/a,level:ucAfed 1636/1636,HOSPITAL GENERAL DE MÉXICO,,,,1636
206,,,federal,,,,hospital,HOSPITAL GENERAL DR MANUEL GEA GONZALEZ,n/a,level:ucAfed 1122/1122,HOSPITAL GENERAL DR. MANUEL GEA GONZÁLEZ,,,,1122
207,,,federal,,,,hospital,HOSPITAL INFANTIL DE MEXICO FEDERICO GOMEZ,n/a,level:ucfed 12672/12753,HOSPITAL INFANTIL DE MÉXICO FEDERICO GÓMEZ,,,,14518
208,,,federal,,,,hospital,HOSPITAL JUAREZ DE MEXICO,n/a,level:ucfed 14638/14699,HOSPITAL JUÁREZ DE MÉXICO,,,,15920
209,,,federal,,,,organismo,III SERVICIOS,n/a,level:ucAfed 481/481,"III SERVICIOS, S. A. DE C. V.",,,,481
210,state|02||organismo|INMOBILIARIA,1,state,02,,,organismo,INMOBILIARIA,high,state:ucA 2/2;level:name-rules,INMOBILIARIA DEL ESTADO DE BAJA CALIFORNIA,,,,2
211,state|02||organismo|INMOBILIARIA ESTATAL DE ENSENADA,1,state,02,,,organismo,INMOBILIARIA ESTATAL DE ENSENADA,high,state:ucA 4/4;level:name-rules,INMOBILIARIA ESTATAL DE ENSENADA  BAJA CALIFORNIA,,,,4
212,state|14||organismo|INMOBILIARIA Y PROMOTORA DE VIVIENDA DE INTERES PUBLICO,1,state,14,,,organismo,INMOBILIARIA Y PROMOTORA DE VIVIENDA DE INTERES PUBLICO,high,state:ucA 12/12;level:name-rules,INMOBILIARIA Y PROMOTORA DE VIVIENDA DE INTERÉS PÚBLICO DEL ESTADO DE JALISCO,,,,12
213,state|05||organismo|INSTITUTO DE CULTURA,1,state,05,,,organismo,INSTITUTO DE CULTURA,medium,state:ucA 5/5;level:name-rules;gentilicio-stripped,INSTITUTO COAHUILENSE DE CULTURA,,,,5
214,state|13||organismo|INSTITUTO DE CAPACITACION PARA EL TRABAJO,2,state,13,,,organismo,INSTITUTO DE CAPACITACION PARA EL TRABAJO,high,state:ucA 33/33;level:name-rules,INSTITUTO DE CAPACITACIÓN PARA EL TRABAJO DEL ESTADO DE HIDALGO,,,,33
215,state|27||organismo|INSTITUTO DE DESARROLLO URBANO Y VIVIENDA,1,state,27,,,organismo,INSTITUTO DE DESARROLLO URBANO Y VIVIENDA,high,state:ucA 12/12;level:name-rules,INSTITUTO DE DESARROLLO URBANO Y VIVIENDA DE TABASCO,,,,12
216,,,federal,,,,organismo,INSTITUTO DE ECOLOGIA,n/a,level:ucAfed 99/99,"INSTITUTO DE ECOLOGÍA,  A. C.",,,,99
218,,,federal,,,,organismo,INSTITUTO DE INVESTIGACIONES DR JOSE MARIA LUIS MORA,n/a,level:ucAfed 130/130,INSTITUTO DE INVESTIGACIONES DR. JOSÉ MARÍA LUIS MORA,,,,130
219,,,federal,,,,organismo,INSTITUTO DE INVESTIGACIONES ELECTRICAS,n/a,level:ucAfed 549/549,INSTITUTO DE INVESTIGACIONES ELÉCTRICAS,,,,549
220,state|31||organismo|INSTITUTO DE LA JUVENTUD Y EL DEPORTE,1,state,31,,,organismo,INSTITUTO DE LA JUVENTUD Y EL DEPORTE,high,state:ucA 3/3;level:name-rules,INSTITUTO DE LA JUVENTUD Y EL DEPORTE DEL ESTADO DE YUCATÁN,,,,3
221,state|04||organismo|INSTITUTO DE LA VIVIENDA,2,state,04,,,organismo,INSTITUTO DE LA VIVIENDA,high,state:ucA 20/20;level:name-rules,INSTITUTO DE LA VIVIENDA DEL ESTADO DE CAMPECHE,,,,20
222,state|07||organismo|INSTITUTO DE LA VIVIENDA,1,state,07,,,organismo,INSTITUTO DE LA VIVIENDA,high,state:ucA 96/96;level:name-rules,INSTITUTO DE LA VIVIENDA DEL ESTADO DE CHIAPAS,,,,96
223,state|08||organismo|INSTITUTO DE LA VIVIENDA,1,state,08,,,organismo,INSTITUTO DE LA VIVIENDA,high,state:ucA 24/24;level:name-rules,INSTITUTO DE LA VIVIENDA DEL ESTADO DE CHIHUAHUA,,,,24
224,state|08||infraestructura educativa|INSTITUTO DE PLANEACION Y CONSTRUCCION DE ESCUELAS,1,state,08,,,infraestructura educativa,INSTITUTO DE PLANEACION Y CONSTRUCCION DE ESCUELAS,high,state:ucA 34/34;level:name-rules,INSTITUTO DE PLANEACIÓN Y CONSTRUCCIÓN DE ESCUELAS DEL ESTADO DE CHIHUAHUA,,,,34
225,state|07||servicios de salud|,3,state,07,,,servicios de salud,,high,state:ucA 550/550;level:name-rules;singleton-body,INSTITUTO DE SALUD DEL ESTADO DE CHIAPAS,,,,551
226,state|15||servicios de salud|,2,state,15,,,servicios de salud,,high,state:uc9 119/122;level:uc9 119/122;singleton-body,INSTITUTO DE SALUD DEL ESTADO DE MÉXICO,,,,1327
227,,,federal,,,,organismo,INSTITUTO DE SEGURIDAD SOCIAL PARA LAS FUERZAS ARMADAS MEXICANAS,n/a,level:ucfed 2715/2785,INSTITUTO DE SEGURIDAD SOCIAL PARA LAS FUERZAS ARMADAS MEXICANAS,,,,3084
228,,,federal,,,,organismo,INSTITUTO DE SEGURIDAD Y SERVICIOS SOCIALES DE LOS TRABAJADORES DEL ESTADO,n/a,level:ucfed 58967/117297,INSTITUTO DE SEGURIDAD Y SERVICIOS SOCIALES DE LOS TRABAJADORES DEL ESTADO,ISSSTE,,,143397
230,state|01||organismo|INSTITUTO DE VIVIENDA,2,state,01,,,organismo,INSTITUTO DE VIVIENDA,high,state:ucA 110/110;level:name-rules,INSTITUTO DE VIVIENDA DEL ESTADO DE AGUASCALIENTES,,,,111
231,state|03||organismo|INSTITUTO DE VIVIENDA,1,state,03,,,organismo,INSTITUTO DE VIVIENDA,high,state:ucA 30/30;level:name-rules,INSTITUTO DE VIVIENDA DEL ESTADO DE BAJA CALIFORNIA SUR,,,,30
232,state|11||organismo|INSTITUTO DE VIVIENDA,1,state,11,,,organismo,INSTITUTO DE VIVIENDA,high,state:ucA 2/2;level:name-rules,INSTITUTO DE VIVIENDA DEL ESTADO DE GUANAJUATO,,,,2
233,state|17||organismo|INSTITUTO DE VIVIENDA,1,state,17,,,organismo,INSTITUTO DE VIVIENDA,high,state:ucA 1/1;level:name-rules,INSTITUTO DE VIVIENDA DEL ESTADO DE MORELOS,,,,1
234,state|25||organismo|INSTITUTO DE VIVIENDA,1,state,25,,,organismo,INSTITUTO DE VIVIENDA,high,state:ucA 11/11;level:name-rules,INSTITUTO DE VIVIENDA DEL ESTADO DE SINALOA,,,,12
235,state|13||organismo|INSTITUTO DE VIVIENDA DESARROLLO URBANO Y ASENTAMIENTOS HUMANOS,1,state,13,,,organismo,INSTITUTO DE VIVIENDA DESARROLLO URBANO Y ASENTAMIENTOS HUMANOS,high,state:ucA 2/2;level:name-rules,INSTITUTO DE VIVIENDA DESARROLLO URBANO Y ASENTAMIENTOS HUMANOS DEL ESTADO DE HIDALGO,,,,2
236,state|13||organismo|INSTITUTO DE VIVIENDA Y DESARROLLO URBANO,1,state,13,,,organismo,INSTITUTO DE VIVIENDA Y DESARROLLO URBANO,high,state:ucA 10/10;level:name-rules,INSTITUTO DE VIVIENDA Y DESARROLLO URBANO DEL ESTADO DE HIDALGO,,,,10
237,state|01||organismo de agua|INSTITUTO DEL AGUA,3,state,01,,,organismo de agua,INSTITUTO DEL AGUA,high,state:ucA 113/113;level:name-rules,INSTITUTO DEL AGUA DEL ESTADO DE AGUASCALIENTES,,,,113
238,state|17||infraestructura educativa|INSTITUTO DE INFRAESTRUCTURA EDUCATIVA,2,state,17,,,infraestructura educativa,INSTITUTO DE INFRAESTRUCTURA EDUCATIVA,high,state:uc9 27/27;level:uc9 27/27,INSTITUTO ESTATAL DE INFRAESTRUCTURA EDUCATIVA DE MORELOS,,,,154
239,state|05||organismo|INSTITUTO DE LA VIVIENDA POPULAR,1,state,05,,,organismo,INSTITUTO DE LA VIVIENDA POPULAR,high,state:ucA 44/44;level:name-rules,INSTITUTO ESTATAL DE LA VIVIENDA POPULAR DE COAHUILA,,,,52
240,state|20||organismo de agua|INSTITUTO DEL AGUA,1,state,20,,,organismo de agua,INSTITUTO DEL AGUA,high,state:ucA 103/103;level:name-rules,INSTITUTO ESTATAL DEL AGUA DE OAXACA,,,,103
241,state|05||infraestructura educativa|INSTITUTO PARA LA CONSTRUCCION DE ESCUELAS,1,state,05,,,infraestructura educativa,INSTITUTO PARA LA CONSTRUCCION DE ESCUELAS,high,state:ucA 400/400;level:name-rules,INSTITUTO ESTATAL PARA LA CONSTRUCCIÓN DE ESCUELAS DE COAHUILA,,,,401
242,state|15||organismo|INSTITUTO HACENDARIO,1,state,15,,,organismo,INSTITUTO HACENDARIO,high,state:ucA 4/4;level:name-rules,INSTITUTO HACENDARIO DEL ESTADO DE MÉXICO,,,,4
243,state|13||organismo|INSTITUTO DE EDUCACION,1,state,13,,,organismo,INSTITUTO DE EDUCACION,medium,state:uc9 17/17;level:uc9 17/17;gentilicio-stripped,INSTITUTO HIDALGUENSE DE EDUCACIÓN,,,,115
244,state|13||organismo|INSTITUTO DE EDUCACION MEDIA SUPERIOR Y SUPERIOR,1,state,13,,,organismo,INSTITUTO DE EDUCACION MEDIA SUPERIOR Y SUPERIOR,medium,state:ucA 46/46;level:name-rules;gentilicio-stripped,INSTITUTO HIDALGUENSE DE EDUCACIÓN MEDIA SUPERIOR Y SUPERIOR,,,,47
245,,,federal,,,,organismo,INSTITUTO MEXICANO DE CINEMATOGRAFIA,n/a,level:ucfed 2564/3805,INSTITUTO MEXICANO DE CINEMATOGRAFÍA,,,,4005
246,,,federal,,,,organismo,INSTITUTO MEXICANO DE LA JUVENTUD,n/a,level:ucfed 917/1293,INSTITUTO MEXICANO DE LA JUVENTUD,,,,1353
247,,,federal,,,,organismo,INSTITUTO MEXICANO DE LA PROPIEDAD INDUSTRIAL,n/a,level:ucfed 1856/1874,INSTITUTO MEXICANO DE LA PROPIEDAD INDUSTRIAL,,,,2176
248,,,federal,,,,organismo,INSTITUTO MEXICANO DE LA RADIO,n/a,level:ucfed 4060/5383,INSTITUTO MEXICANO DE LA RADIO,,,,5588
249,,,federal,,,,organismo de agua,INSTITUTO MEXICANO DE TECNOLOGIA DEL AGUA,n/a,level:ucfed 5653/5661,INSTITUTO MEXICANO DE TECNOLOGÍA DEL AGUA,,,,6496
250,,,federal,,,,organismo,INSTITUTO MEXICANO DEL PETROLEO,n/a,level:ucfed 8660/8674,INSTITUTO MEXICANO DEL PETRÓLEO,,,,9111
251,,,federal,,,,organismo,INSTITUTO MEXICANO DEL SEGURO SOCIAL,n/a,level:ucfed 403975/571081,INSTITUTO MEXICANO DEL SEGURO SOCIAL,IMSS,,,673326
252,,,federal,,,,organismo,INSTITUTO MEXICANO DEL TRANSPORTE,n/a,level:ucfed 1741/1783,INSTITUTO MEXICANO DEL TRANSPORTE,,,,1921
253,,,federal,,,,organismo,INSTITUTO NACIONAL DE ADULTOS EN PLENITUD,n/a,level:ucAfed 3/3,INSTITUTO NACIONAL DE ADULTOS EN PLENITUD,,,,3
254,,,federal,,,,organismo,INSTITUTO NACIONAL DE ANTROPOLOGIA E HISTORIA,n/a,level:ucfed 8576/10247,INSTITUTO NACIONAL DE ANTROPOLOGÍA E HISTORIA,,,,10909
255,,,federal,,,,organismo,INSTITUTO NACIONAL DE ASTROFISICA OPTICA Y ELECTRONICA,n/a,level:ucfed 2369/2391,"INSTITUTO NACIONAL DE ASTROFÍSICA, ÓPTICA Y ELECTRÓNICA",,,,2482
256,,,federal,,,,organismo,INSTITUTO NACIONAL DE BELLAS ARTES,n/a,level:ucAfed 665/665,INSTITUTO NACIONAL DE BELLAS ARTES,,,,665
257,,,federal,,,,organismo,INSTITUTO NACIONAL DE CANCEROLOGIA,n/a,level:ucfed 9017/9086,INSTITUTO NACIONAL DE CANCEROLOGÍA,,,,10170
258,,,federal,,,,organismo,INSTITUTO NACIONAL DE CAPACITACION DEL SECTOR AGROPECUARIO,n/a,level:ucAfed 8/8,INSTITUTO NACIONAL DE CAPACITACIÓN DEL SECTOR AGROPECUARIO A.C.,,,,8
259,,,federal,,,,organismo,INSTITUTO NACIONAL DE CARDIOLOGIA IGNACIO CHAVEZ,n/a,level:ucfed 8717/8783,INSTITUTO NACIONAL DE CARDIOLOGÍA IGNACIO CHÁVEZ,,,,9977
260,,,federal,,,,organismo,INSTITUTO NACIONAL DE CIENCIAS MEDICAS Y NUTRICION SALVADOR ZUBIRAN,n/a,level:ucfed 17107/17160,INSTITUTO NACIONAL DE CIENCIAS MÉDICAS Y NUTRICIÓN SALVADOR ZUBIRÁN,,,,41677
261,,,federal,,,,organismo,INSTITUTO NACIONAL DE CIENCIAS PENALES,n/a,level:ucfed 2012/2708,INSTITUTO NACIONAL DE CIENCIAS PENALES,,,,2937
262,,,federal,,,,organismo,INSTITUTO NACIONAL DE ECOLOGIA,n/a,level:ucAfed 172/172,INSTITUTO NACIONAL DE ECOLOGÍA,,,,172
263,,,federal,,,,organismo,INSTITUTO NACIONAL DE ENFERMEDADES RESPIRATORIAS,n/a,level:ucAfed 1354/1354,INSTITUTO NACIONAL DE ENFERMEDADES RESPIRATORIAS,,,,1354
264,,,autonomous,,,,organismo,INSTITUTO NACIONAL DE ESTADISTICA GEOGRAFIA E INFORMATICA,n/a,level:ucAfed 2692/2692,"INSTITUTO NACIONAL DE ESTADÍSTICA, GEOGRAFÍA E INFORMÁTICA",,,,2692
265,,,federal,,,,organismo,INSTITUTO NACIONAL DE INVESTIGACIONES FORESTALES AGRICOLAS Y PECUARIAS,n/a,level:ucfed 14243/14319,"INSTITUTO NACIONAL DE INVESTIGACIONES FORESTALES, AGRÍCOLAS Y PECUARIAS",,,,14775
266,,,federal,,,,organismo,INSTITUTO NACIONAL DE INVESTIGACIONES NUCLEARES,n/a,level:ucfed 2293/2331,INSTITUTO NACIONAL DE INVESTIGACIONES NUCLEARES,,,,2617
267,,,federal,,,,organismo,INSTITUTO NACIONAL DE LA PESCA,n/a,level:ucAfed 151/158,INSTITUTO NACIONAL DE LA PESCA,,,,158
268,,,federal,,,,organismo,INSTITUTO NACIONAL DE LAS MUJERES,n/a,level:ucfed 1662/1666,INSTITUTO NACIONAL DE LAS MUJERES,,,,1861
269,,,federal,,,,organismo,INSTITUTO NACIONAL DE MIGRACION,n/a,level:ucfed 2350/2358,INSTITUTO NACIONAL DE MIGRACIÓN,,,,2959
270,,,federal,,,,organismo,INSTITUTO NACIONAL DE NEUROLOGIA Y NEUROCIRUGIA DR MANUEL VELASCO SUAREZ,n/a,level:ucAfed 1324/1324,INSTITUTO NACIONAL DE NEUROLOGÍA Y NEUROCIRUGÍA DR. MANUEL VELASCO SUÁREZ,,,,1324
271,,,federal,,,,organismo,INSTITUTO NACIONAL DE PEDIATRIA,n/a,level:ucfed 11306/11364,INSTITUTO NACIONAL DE PEDIATRÍA,,,,12998
272,,,federal,,,,organismo,INSTITUTO NACIONAL DE PERINATOLOGIA,n/a,level:ucAfed 717/717,INSTITUTO NACIONAL DE PERINATOLOGÍA,,,,717
273,,,federal,,,,organismo,INSTITUTO NACIONAL DE PSIQUIATRIA RAMON DE LA FUENTE MUNIZ,n/a,level:ucAfed 373/373,"INSTITUTO NACIONAL DE PSIQUIATRÍA ""RAMÓN DE LA FUENTE MUÑÍZ""",,,,373
274,,,federal,,,,organismo,INSTITUTO NACIONAL DE SALUD PUBLICA,n/a,level:ucfed 9710/9771,INSTITUTO NACIONAL DE SALUD PÚBLICA,,,,10604
275,,,federal,,,,organismo,INSTITUTO NACIONAL INDIGENISTA,n/a,level:ucAfed 130/130,INSTITUTO NACIONAL INDIGENISTA,,,,130
276,,,federal,,,,organismo,INSTITUTO NACIONAL PARA LA EDUCACION DE LOS ADULTOS,n/a,level:ucfed 3177/3224,INSTITUTO NACIONAL PARA LA EDUCACIÓN DE LOS ADULTOS,,,,3544
277,state|31||organismo|INSTITUTO PARA LA CONSTRUCCION EQUIPAMIENTO MANTENIMENTO Y REHABILITACION DE ESCUELAS,1,state,31,,,organismo,INSTITUTO PARA LA CONSTRUCCION EQUIPAMIENTO MANTENIMENTO Y REHABILITACION DE ESCUELAS,high,state:ucA 453/453;level:name-rules,"INSTITUTO PARA LA CONSTRUCCIÓN, EQUIPAMIENTO, MANTENIMENTO Y REHABILITACIÓN  DE ESCUELAS DE YUCATÁN",,,,453
278,,,federal,,,,organismo,INSTITUTO PARA LA PROTECCION AL AHORRO BANCARIO,n/a,level:ucfed 1208/1213,INSTITUTO PARA LA PROTECCIÓN AL AHORRO BANCARIO,,,,1400
279,,,federal,,,,organismo,INSTITUTO POLITECNICO NACIONAL,n/a,level:ucfed 23966/24028,INSTITUTO POLITÉCNICO NACIONAL,,,,25702
280,state|24||organismo|INSTITUTO DE INVESTIGACION CIENTIFICA Y TECNOLOGICA,1,state,24,,,organismo,INSTITUTO DE INVESTIGACION CIENTIFICA Y TECNOLOGICA,medium,state:gentilicio;level:name-rules;gentilicio-stripped,"INSTITUTO POTOSINO DE INVESTIGACIÓN CIENTÍFICA Y TECNOLÓGICA, A.C.",,,,4143
281,state|18||organismo|INSTITUTO PROMOTOR DE LA VIVIENDA,2,state,18,,,organismo,INSTITUTO PROMOTOR DE LA VIVIENDA,high,state:ucA 47/47;level:name-rules,INSTITUTO PROMOTOR DE LA VIVIENDA DE NAYARIT,,,,47
282,state|26||infraestructura educativa|INSTITUTO DE INFRAESTRUCTURA EDUCATIVA,2,state,26,,,infraestructura educativa,INSTITUTO DE INFRAESTRUCTURA EDUCATIVA,medium,state:uc9 2/2;level:uc9 2/2;gentilicio-stripped,INSTITUTO SONORENSE DE INFRAESTRUCTURA EDUCATIVA,,,,228
283,,,federal,02,,,instituto tecnologico (TecNM federal),INSTITUTO TECNOLOGICO DE MEXICALI,n/a,state:ucA 1/1;TecNM campus;level:name-rules,"INSTITUTO TECNOLÓGICO DE MEXICALI, BAJA CALIFORNIA",,,,1
284,,,federal,02,,,instituto tecnologico (TecNM federal),INSTITUTO TECNOLOGICO DE TIJUANA,n/a,state:ucA 8/8;TecNM campus;level:name-rules,"INSTITUTO TECNOLÓGICO DE TIJUANA, BAJA CALIFORNIA",,,,8
285,state|30||organismo|INSTITUTO PARA EL DESARROLLO RURAL,1,state,30,,,organismo,INSTITUTO PARA EL DESARROLLO RURAL,medium,state:ucA 11/11;level:name-rules;gentilicio-stripped,INSTITUTO VERACRUZANO PARA EL DESARROLLO RURAL,,,,11
286,state|08||organismo de agua|JUNTA CENTRAL DE AGUA Y SANEAMIENTO,3,state,08,,,organismo de agua,JUNTA CENTRAL DE AGUA Y SANEAMIENTO,high,state:ucA 812/812;level:name-rules,JUNTA CENTRAL DE AGUA Y SANEAMIENTO DEL ESTADO DE CHIHUAHUA,,,,817
287,state|31||organismo de agua|JUNTA DE AGUA POTABLE Y ALCANTARILLADO,3,state,31,,,organismo de agua,JUNTA DE AGUA POTABLE Y ALCANTARILLADO,high,state:ucA 358/358;level:name-rules,JUNTA DE AGUA POTABLE Y ALCANTARILLADO DEL ESTADO DE YUCATÁN,,,,358
288,municipal|22|22016|organismo de agua|JUNTA DE AGUA POTABLE Y ALCANTARILLADO MUNICIPAL,1,municipal,22,22016,San Juan del Río,organismo de agua,JUNTA DE AGUA POTABLE Y ALCANTARILLADO MUNICIPAL,high,state:ucA 17/17;level:name-rules;muni:inegi,"JUNTA DE AGUA POTABLE Y ALCANTARILLADO MUNICIPAL DE SAN JUAN DEL RÍO, QUERÉTARO",,,,17
289,state|03||organismo|JUNTA DE CAMINOS,1,state,03,,,organismo,JUNTA DE CAMINOS,high,state:ucA 58/58;level:name-rules,JUNTA ESTATAL DE CAMINOS DE BAJA CALIFORNIA SUR,,,,58
290,state|27||organismo|JUNTA DE CAMINOS,1,state,27,,,organismo,JUNTA DE CAMINOS,high,state:ucA 218/218;level:name-rules,JUNTA ESTATAL DE CAMINOS DE TABASCO,,,,219
291,municipal|25|25003|organismo de agua|JUNTA MUNICIPAL DE AGUA POTABLE Y ALCANTARILLADO,1,municipal,25,25003,Badiraguato,organismo de agua,JUNTA MUNICIPAL DE AGUA POTABLE Y ALCANTARILLADO,high,state:ucA 5/5;level:name-rules;muni:inegi,"JUNTA MUNICIPAL DE AGUA POTABLE Y ALCANTARILLADO DE BADIRAGUATO, SINALOA",,,,5
292,municipal|25|25006|organismo de agua|JUNTA MUNICIPAL DE AGUA POTABLE Y ALCANTARILLADO,2,municipal,25,25006,Culiacán,organismo de agua,JUNTA MUNICIPAL DE AGUA POTABLE Y ALCANTARILLADO,high,state:ucA 212/212;level:name-rules;muni:inegi,"JUNTA MUNICIPAL DE AGUA POTABLE Y ALCANTARILLADO DE CULIACÁN, SINALOA",,,,212
293,municipal|25|25011|organismo de agua|JUNTA MUNICIPAL DE AGUA POTABLE Y ALCANTARILLADO,2,municipal,25,25011,Guasave,organismo de agua,JUNTA MUNICIPAL DE AGUA POTABLE Y ALCANTARILLADO,high,state:ucA 28/28;level:name-rules;muni:inegi,"JUNTA MUNICIPAL DE AGUA POTABLE Y ALCANTARILLADO DE GUASAVE, SINALOA",,,,28
294,municipal|25|25015|organismo de agua|JUNTA MUNICIPAL DE AGUA POTABLE Y ALCANTARILLADO,1,municipal,25,25015,Salvador Alvarado,organismo de agua,JUNTA MUNICIPAL DE AGUA POTABLE Y ALCANTARILLADO,high,state:ucA 10/10;level:name-rules;muni:inegi,"JUNTA MUNICIPAL DE AGUA POTABLE Y ALCANTARILLADO DE SALVADOR ALVARADO, SINALOA",,,,10
295,municipal|25|25010|organismo de agua|JUNTA MUNICIPAL DE AGUA POTABLE Y ALCANTARILLADO,1,municipal,25,25010,El Fuerte,organismo de agua,JUNTA MUNICIPAL DE AGUA POTABLE Y ALCANTARILLADO,high,state:ucA 7/7;level:name-rules;muni:inegi,"JUNTA MUNICIPAL DE AGUA POTABLE Y ALCANTARILLADO DEL FUERTE, SINALOA",,,,7
296,,,federal,,,,organismo,LABORATORIOS DE BIOLOGICOS Y REACTIVOS DE MEXICO,n/a,level:ucAfed 427/427,"LABORATORIOS DE BIOLÓGICOS Y REACTIVOS DE MÉXICO, S. A. DE C. V.",,,,427
297,,,federal,,,,organismo,LICONSA,n/a,level:ucfed 11612/16756,"LICONSA, S.A. DE C.V.",,,,17735
298,,,federal,,,,organismo,LOTERIA NACIONAL PARA LA ASISTENCIA PUBLICA,n/a,level:ucfed 2853/2853,LOTERIA NACIONAL PARA LA ASISTENCIA PÚBLICA,,,,3226
299,,,federal,,,,organismo,LUZ Y FUERZA DEL CENTRO,n/a,level:ucAfed 1667/1667,LUZ Y FUERZA DEL CENTRO,,,,1667
300,municipal|20|20067|ayuntamiento|,2,municipal,20,20067,Oaxaca de Juárez,ayuntamiento,,high,state:ucA 70/70;level:name-rules;muni:inegi;singleton-body,"MUNICIPIO DE OAXACA DE JUÁREZ, OAXACA",,,,70
301,municipal|05|05030|ayuntamiento|,2,municipal,05,05030,Saltillo,ayuntamiento,,high,state:ucA 8/8;level:name-rules;muni:inegi;singleton-body,"MUNICIPIO DE SALTILLO, COAHUILA",,,,8
302,,,federal,,,,organismo,NACIONAL FINANCIERA S N C,n/a,level:ucfed 10179/10182,"NACIONAL FINANCIERA, S.N.C.",,,,10936
303,,,federal,,,,organismo,NOTIMEX,n/a,level:ucAfed 18/18,"NOTIMEX, S.A. DE C.V.",,,,18
304,state|23||secretaria|OFICIALIA MAYOR DE GOBIERNO,1,state,23,,,secretaria,OFICIALIA MAYOR DE GOBIERNO,high,state:ucA 41/41;level:name-rules,OFICIALIA MAYOR DE GOBIERNO DEL ESTADO DE QUINTANA ROO,,,,41
305,state|22||secretaria|OFICIALIA MAYOR,2,state,22,,,secretaria,OFICIALIA MAYOR,high,state:ucA 57/57;level:name-rules,OFICIALIA MAYOR DEL GOBIERNO DEL ESTADO DE QUERÉTARO,,,,57
306,state|29||secretaria|OFICIALIA MAYOR,1,state,29,,,secretaria,OFICIALIA MAYOR,high,state:ucA 27/27;level:name-rules,OFICIALÍA MAYOR DEL GOBIERNO DEL ESTADO DE TLAXCALA,,,,27
307,state|32||secretaria|OFICIALIA MAYOR,1,state,32,,,secretaria,OFICIALIA MAYOR,high,state:ucA 166/166;level:name-rules,OFICIALÍA MAYOR DEL GOBIERNO DEL ESTADO DE ZACATECAS,,,,166
309,,,federal,,,,organismo,ORGANO ADMINISTRATIVO DESCONCENTRADO DE PREVENCION Y READAPTACION SOCIAL,n/a,level:ucAfed 579/579,ÓRGANO ADMINISTRATIVO DESCONCENTRADO DE PREVENCIÓN Y READAPTACIÓN SOCIAL,,,,579
310,,,federal,,,,organismo,PATRONATO DE OBRAS E INSTALACIONES DEL INSTITUTO POLITECNICO NACIONAL,n/a,level:ucfed 641/658,PATRONATO DE OBRAS E INSTALACIONES DEL INSTITUTO POLITÉCNICO NACIONAL,,,,915
311,,,federal,,,,organismo,PEMEX EXPLORACION Y PRODUCCION,n/a,level:ucAfed 11288/11288,PEMEX EXPLORACIÓN Y PRODUCCIÓN,PEMEX,,,11426
312,,,federal,,,,organismo,PEMEX GAS Y PETROQUIMICA BASICA,n/a,level:ucAfed 1447/1447,PEMEX GAS Y PETROQUÍMICA BÁSICA,PEMEX,,,1451
313,,,federal,,,,organismo,PEMEX PETROQUIMICA,n/a,level:ucAfed 1109/1109,PEMEX PETROQUÍMICA,PEMEX,,,1109
314,,,federal,,,,organismo,PEMEX REFINACION,n/a,level:ucAfed 15923/15923,PEMEX REFINACIÓN,PEMEX,,,16006
315,,,federal,,,,organismo,PETROLEOS MEXICANOS,n/a,level:ucAfed 4728/4728,PETRÓLEOS MEXICANOS,,,,4732
316,,,federal,,,,organismo,PETROQUIMICA CAMARGO,n/a,level:ucAfed 13/13,"PETROQUÍMICA CAMARGO, S. A. DE C. V.",,,,13
317,,,federal,,,,organismo,PETROQUIMICA CANGREJERA,n/a,level:ucAfed 693/693,"PETROQUÍMICA CANGREJERA, S. A. DE C. V.",,,,693
318,,,federal,,,,organismo,PETROQUIMICA COSOLEACAQUE,n/a,level:ucAfed 122/122,"PETROQUÍMICA COSOLEACAQUE, S. A. DE C. V.",,,,122
319,,,federal,,,,organismo,PETROQUIMICA ESCOLIN,n/a,level:ucAfed 284/284,"PETROQUÍMICA ESCOLÍN, S. A. DE C. V.",,,,284
320,,,federal,,,,organismo,PETROQUIMICA MORELOS,n/a,level:ucAfed 335/335,PETROQUÍMICA MORELOS. S. A. DE C. V.,,,,335
321,,,federal,,,,organismo,PETROQUIMICA PAJARITOS,n/a,level:ucAfed 237/237,"PETROQUÍMICA PAJARITOS, S. A. DE C. V.",,,,237
322,,,federal,,,,organismo,PETROQUIMICA TULA,n/a,level:ucAfed 73/73,"PETROQUÍMICA TULA, S. A DE C. V.",,,,73
323,,,federal,,,,organismo,PMI COMERCIO INTERNACIONAL,n/a,level:ucAfed 26/26,"PMI COMERCIO INTERNACIONAL, S.A. DE C.V.",,,,26
324,,,federal,,,,organismo,POLICIA FEDERAL PREVENTIVA,n/a,level:ucAfed 416/416,POLICIA FEDERAL PREVENTIVA,,,,416
325,,,federal,,,,organismo,PRESIDENCIA DE LA REPUBLICA,n/a,level:ucfed 1533/1533,PRESIDENCIA DE LA REPÚBLICA,,,,1914
326,,,federal,,,,organismo,PROCURADURIA FEDERAL DE LA DEFENSA DEL TRABAJO,n/a,level:ucfed 734/767,PROCURADURÍA FEDERAL DE LA DEFENSA DEL TRABAJO,,,,834
327,,,federal,,,,organismo,PROCURADURIA FEDERAL DE PROTECCION AL AMBIENTE,n/a,level:ucfed 1912/1950,PROCURADURÍA FEDERAL DE PROTECCIÓN AL AMBIENTE,,,,2116
328,,,federal,,,,organismo,PROCURADURIA FEDERAL DEL CONSUMIDOR,n/a,level:ucfed 2494/2521,PROCURADURÍA FEDERAL DEL CONSUMIDOR,,,,3116
329,state|09||fiscalia/procuraduria|PROCURADURIA GENERAL DE JUSTICIA,2,state,09,,,fiscalia/procuraduria,PROCURADURIA GENERAL DE JUSTICIA,high,state:ucA 270/270;level:name-rules,PROCURADURÍA GENERAL DE JUSTICIA DEL DISTRITO FEDERAL,,,,270
330,,,federal,,,,organismo,PROCURADURIA GENERAL DE LA REPUBLICA,n/a,level:ucfed 2871/2875,PROCURADURÍA GENERAL DE LA REPÚBLICA,,,,4506
331,,,federal,,,,organismo,PRODUCTORA NACIONAL DE BIOLOGICOS VETERINARIOS,n/a,level:ucfed 2012/2035,PRODUCTORA NACIONAL DE BIOLÓGICOS VETERINARIOS,,,,2121
332,state|02||organismo|PROMOTORA PARA EL DESARROLLO DE LAS COMUNIDADES RURALES Y POPULARES MEXICALI,1,state,02,,,organismo,PROMOTORA PARA EL DESARROLLO DE LAS COMUNIDADES RURALES Y POPULARES MEXICALI,high,state:ucA 24/24;level:name-rules,PROMOTORA PARA EL DESARROLLO DE LAS COMUNIDADES RURALES Y POPULARES MEXICALI,,,,25
333,state|02||organismo|PROMOTORA PARA EL DESARROLLO DE LAS COMUNIDADES RURALES Y POPULARES TIJUANA,1,state,02,,,organismo,PROMOTORA PARA EL DESARROLLO DE LAS COMUNIDADES RURALES Y POPULARES TIJUANA,high,state:ucA 127/127;level:name-rules,PROMOTORA PARA EL DESARROLLO DE LAS COMUNIDADES RURALES Y POPULARES TIJUANA,,,,128
334,,,federal,,,,organismo,PRONOSTICOS PARA LA ASISTENCIA PUBLICA,n/a,level:ucfed 1467/1467,PRONÓSTICOS PARA LA ASISTENCIA PÚBLICA,,,,1600
335,state|15||organismo|PROTECTORA DE BOSQUES,2,state,15,,,organismo,PROTECTORA DE BOSQUES,high,state:ucA 114/114;level:name-rules,PROTECTORA DE BOSQUES DEL ESTADO DE MÉXICO,,,,114
336,,,federal,,,,organismo,REGISTRO AGRARIO NACIONAL,n/a,level:ucfed 1790/1811,REGISTRO AGRARIO NACIONAL,,,,2290
337,state|07||secretaria|SECRETARIA DE ADMINISTRACION,1,state,07,,,secretaria,SECRETARIA DE ADMINISTRACION,high,state:ucA 144/144;level:name-rules,SECRETARÍA DE ADMINISTRACIÓN DEL ESTADO DE CHIAPAS,,,,147
338,state|28||secretaria|SECRETARIA DE ADMINISTRACION,4,state,28,,,secretaria,SECRETARIA DE ADMINISTRACION,high,state:ucA 104/104;level:name-rules,SECRETARÍA DE ADMINISTRACIÓN DEL ESTADO DE TAMAULIPAS,,,,104
339,state|15||secretaria|SECRETARIA DE ADMINISTRACION DEL GOBIERNO,1,state,15,,,secretaria,SECRETARIA DE ADMINISTRACION DEL GOBIERNO,high,state:ucA 26/26;level:name-rules,SECRETARÍA DE ADMINISTRACIÓN DEL GOBIERNO DEL ESTADO DE MÉXICO,,,,26
340,,,federal,,,,secretaria,SECRETARIA DE AGRICULTURA GANADERIA DESARROLLO RURAL PESCA Y ALIMENTACION,n/a,level:ucAfed 2652/2652,"SECRETARÍA DE AGRICULTURA, GANADERÍA, DESARROLLO RURAL, PESCA Y ALIMENTACIÓN",,,,2657
341,state|02||secretaria|SECRETARIA DE ASENTAMIENTOS HUMANOS Y OBRAS PUBLICAS,1,state,02,,,secretaria,SECRETARIA DE ASENTAMIENTOS HUMANOS Y OBRAS PUBLICAS,high,state:ucA 1/1;level:name-rules,SECRETARÍA DE ASENTAMIENTOS HUMANOS Y OBRAS PÚBLICAS DE BAJA CALIFORNIA,,,,1
342,state|30||secretaria|SECRETARIA DE COMUNICACIONES,1,state,30,,,secretaria,SECRETARIA DE COMUNICACIONES,high,state:ucA 368/368;level:name-rules,SECRETARÍA DE COMUNICACIONES DEL ESTADO DE VERACRUZ,,,,368
343,state|08||secretaria|SECRETARIA DE COMUNICACIONES Y OBRAS PUBLICAS,2,state,08,,,secretaria,SECRETARIA DE COMUNICACIONES Y OBRAS PUBLICAS,high,state:ucA 64/64;level:name-rules,SECRETARÍA DE COMUNICACIONES Y OBRAS PÚBLICAS DEL ESTADO DE CHIHUAHUA,,,,64
344,state|16||secretaria|SECRETARIA DE COMUNICACIONES Y OBRAS PUBLICAS,3,state,16,,,secretaria,SECRETARIA DE COMUNICACIONES Y OBRAS PUBLICAS,high,state:ucA 61/61;level:name-rules,SECRETARÍA DE COMUNICACIONES Y OBRAS PÚBLICAS DEL ESTADO DE MICHOACÁN,,,,61
345,,,federal,,,,secretaria,SECRETARIA DE COMUNICACIONES Y TRANSPORTES,n/a,level:ucfed 40452/40452,SECRETARÍA DE COMUNICACIONES Y TRANSPORTES,SCT,,,61842
346,state|27||secretaria|SECRETARIA DE COMUNICACIONES ASENTAMIENTOS Y OBRAS PUBLICAS,1,state,27,,,secretaria,SECRETARIA DE COMUNICACIONES ASENTAMIENTOS Y OBRAS PUBLICAS,high,state:ucA 345/345;level:name-rules,"SECRETARÍA DE COMUNICACIONES, ASENTAMIENTOS Y OBRAS PÚBLICAS DEL ESTADO DE TABASCO",,,,345
347,state|22||secretaria|SECRETARIA DE DESARROLLO AGROPECUARIO,1,state,22,,,secretaria,SECRETARIA DE DESARROLLO AGROPECUARIO,high,state:ucA 7/7;level:name-rules,SECRETARÍA DE DESARROLLO AGROPECUARIO DEL ESTADO DE QUERÉTARO,,,,7
348,state|30||secretaria|SECRETARIA DE DESARROLLO AGROPECUARIO FORESTAL Y PESQUERO,1,state,30,,,secretaria,SECRETARIA DE DESARROLLO AGROPECUARIO FORESTAL Y PESQUERO,high,state:ucA 2/2;level:name-rules,SECRETARÍA DE DESARROLLO AGROPECUARIO FORESTAL Y PESQUERO DEL ESTADO DE VERACRUZ,,,,2
349,state|30||secretaria|SECRETARIA DE DESARROLLO AGROPECUARIO RURAL FORESTAL PESCA Y ALIMENTACION,2,state,30,,,secretaria,SECRETARIA DE DESARROLLO AGROPECUARIO RURAL FORESTAL PESCA Y ALIMENTACION,high,state:ucA 6/6;level:name-rules,"SECRETARÍA DE DESARROLLO AGROPECUARIO, RURAL, FORESTAL PESCA Y ALIMENTACIÓN DEL ESTADO DE VERACRUZ",,,,6
350,state|23||secretaria|SECRETARIA DE DESARROLLO ECONOMICO,1,state,23,,,secretaria,SECRETARIA DE DESARROLLO ECONOMICO,high,state:ucA 8/8;level:name-rules,SECRETARÍA DE DESARROLLO ECONÓMICO DEL ESTADO DE QUINTANA ROO,,,,8
351,state|30||secretaria|SECRETARIA DE DESARROLLO REGIONAL,1,state,30,,,secretaria,SECRETARIA DE DESARROLLO REGIONAL,high,state:ucA 47/47;level:name-rules,SECRETARÍA DE DESARROLLO REGIONAL DEL ESTADO DE VERACRUZ,,,,47
352,state|07||secretaria|SECRETARIA DE DESARROLLO RURAL,1,state,07,,,secretaria,SECRETARIA DE DESARROLLO RURAL,high,state:ucA 16/16;level:name-rules,SECRETARÍA DE DESARROLLO RURAL DEL ESTADO DE CHIAPAS,,,,16
353,state|12||secretaria|SECRETARIA DE DESARROLLO RURAL,1,state,12,,,secretaria,SECRETARIA DE DESARROLLO RURAL,high,state:ucA 2/2;level:name-rules,SECRETARÍA DE DESARROLLO RURAL DEL ESTADO DE GUERRERO,,,,2
354,state|14||secretaria|SECRETARIA DE DESARROLLO RURAL,2,state,14,,,secretaria,SECRETARIA DE DESARROLLO RURAL,high,state:ucA 4/4;level:name-rules,SECRETARÍA DE DESARROLLO RURAL DEL ESTADO DE JALISCO,,,,4
355,state|31||secretaria|SECRETARIA DE DESARROLLO RURAL Y PESCA,1,state,31,,,secretaria,SECRETARIA DE DESARROLLO RURAL Y PESCA,high,state:ucA 59/59;level:name-rules,SECRETARÍA DE DESARROLLO RURAL Y PESCA DEL ESTADO DE YUCATÁN,,,,59
356,,,federal,,,,secretaria,SECRETARIA DE DESARROLLO SOCIAL,n/a,level:ucAfed 951/951,SECRETARÍA DE DESARROLLO SOCIAL,,,,951
357,state|05||secretaria|SECRETARIA DE DESARROLLO SOCIAL,1,state,05,,,secretaria,SECRETARIA DE DESARROLLO SOCIAL,high,state:ucA 237/237;level:name-rules,SECRETARÍA DE DESARROLLO SOCIAL DEL ESTADO DE COAHUILA,,,,238
358,state|31||secretaria|SECRETARIA DE DESARROLLO SOCIAL,1,state,31,,,secretaria,SECRETARIA DE DESARROLLO SOCIAL,high,state:ucA 323/323;level:name-rules,SECRETARÍA DE DESARROLLO SOCIAL DEL ESTADO DE YUCATÁN,,,,389
359,state|20||secretaria|SECRETARIA DE DESARROLLO URBANO COMUNICACIONES Y OBRAS PUBLICAS,1,state,20,,,secretaria,SECRETARIA DE DESARROLLO URBANO COMUNICACIONES Y OBRAS PUBLICAS,high,state:ucA 79/79;level:name-rules,SECRETARÍA DE DESARROLLO URBANO COMUNICACIONES Y OBRAS PÚBLICAS DEL ESTADO DE OAXACA,,,,80
360,state|14||secretaria|SECRETARIA DE DESARROLLO URBANO,1,state,14,,,secretaria,SECRETARIA DE DESARROLLO URBANO,high,state:ucA 348/348;level:name-rules,SECRETARÍA DE DESARROLLO URBANO DEL ESTADO DE JALISCO,,,,350
361,state|31||secretaria|SECRETARIA DE DESARROLLO URBANO OBRAS PUBLICAS Y VIVIENDA,1,state,31,,,secretaria,SECRETARIA DE DESARROLLO URBANO OBRAS PUBLICAS Y VIVIENDA,high,state:ucA 55/55;level:name-rules,SECRETARÍA DE DESARROLLO URBANO OBRAS PÚBLICAS Y VIVIENDA DEL ESTADO DE YUCATÁN,,,,55
362,state|28||secretaria|SECRETARIA DE DESARROLLO URBANO Y ECOLOGIA,1,state,28,,,secretaria,SECRETARIA DE DESARROLLO URBANO Y ECOLOGIA,high,state:ucA 88/88;level:name-rules,SECRETARÍA DE DESARROLLO URBANO Y ECOLOGÍA  DEL ESTADO DE TAMAULIPAS,,,,88
363,state|23||secretaria|SECRETARIA DE DESARROLLO URBANO Y MEDIO AMBIENTE,1,state,23,,,secretaria,SECRETARIA DE DESARROLLO URBANO Y MEDIO AMBIENTE,high,state:ucA 38/38;level:name-rules,SECRETARÍA DE DESARROLLO URBANO Y MEDIO AMBIENTE DEL ESTADO DE QUINTANA ROO,,,,38
364,state|12||secretaria|SECRETARIA DE DESARROLLO URBANO Y OBRAS PUBLICAS,1,state,12,,,secretaria,SECRETARIA DE DESARROLLO URBANO Y OBRAS PUBLICAS,high,state:ucA 161/161;level:name-rules,SECRETARÍA DE DESARROLLO URBANO Y OBRAS PÚBLICAS DEL ESTADO DE GUERRERO,,,,161
365,state|15||secretaria|SECRETARIA DE DESARROLLO URBANO Y OBRAS PUBLICAS,1,state,15,,,secretaria,SECRETARIA DE DESARROLLO URBANO Y OBRAS PUBLICAS,high,state:ucA 70/70;level:name-rules,SECRETARÍA DE DESARROLLO URBANO Y OBRAS PÚBLICAS DEL ESTADO DE MÉXICO,,,,70
366,state|17||secretaria|SECRETARIA DE DESARROLLO URBANO Y OBRAS PUBLICAS,1,state,17,,,secretaria,SECRETARIA DE DESARROLLO URBANO Y OBRAS PUBLICAS,high,state:ucA 56/56;level:name-rules,SECRETARÍA DE DESARROLLO URBANO Y OBRAS PÚBLICAS DEL ESTADO DE MORELOS,,,,56
367,state|19||secretaria|SECRETARIA DE DESARROLLO URBANO Y OBRAS PUBLICAS,1,state,19,,,secretaria,SECRETARIA DE DESARROLLO URBANO Y OBRAS PUBLICAS,high,state:ucA 9/9;level:name-rules,SECRETARÍA DE DESARROLLO URBANO Y OBRAS PÚBLICAS DEL ESTADO DE NUEVO LEÓN,,,,9
368,,,federal,,,,secretaria,SECRETARIA DE ECONOMIA,n/a,level:ucfed 4225/4256,SECRETARÍA DE ECONOMÍA,,,,5373
369,state|15||secretaria|SECRETARIA DE EDUCACION CULTURA Y BIENESTAR SOCIAL,1,state,15,,,secretaria,SECRETARIA DE EDUCACION CULTURA Y BIENESTAR SOCIAL,high,state:ucA 65/65;level:name-rules,SECRETARÍA DE EDUCACIÓN CULTURA Y BIENESTAR SOCIAL DEL ESTADO DE MÉXICO,,,,68
370,,,federal,,,,secretaria,SECRETARIA DE EDUCACION PUBLICA,n/a,level:ucfed 9231/9516,SECRETARÍA DE EDUCACIÓN PÚBLICA,SEP,,,11780
371,state|05||secretaria|SECRETARIA DE EDUCACION PUBLICA,1,state,05,,,secretaria,SECRETARIA DE EDUCACION PUBLICA,high,state:ucA 12/12;level:name-rules,SECRETARÍA DE EDUCACIÓN PÚBLICA DEL ESTADO DE COAHUILA,,,,12
372,state|29||secretaria|SECRETARIA DE EDUCACION PUBLICA,1,state,29,,,secretaria,SECRETARIA DE EDUCACION PUBLICA,high,state:ucA 19/19;level:name-rules,SECRETARÍA DE EDUCACIÓN PÚBLICA DEL ESTADO DE TLAXCALA,,,,19
373,,,federal,,,,secretaria,SECRETARIA DE ENERGIA,n/a,level:ucfed 1077/1137,SECRETARÍA DE ENERGÍA,,,,1688
374,state|18||secretaria|SECRETARIA DE FINANZAS,1,state,18,,,secretaria,SECRETARIA DE FINANZAS,high,state:ucA 110/110;level:name-rules,SECRETARÍA DE FINANZAS DEL ESTADO DE NAYARIT,,,,110
375,state|01||secretaria|SECRETARIA DE FINANZAS Y ADMINISTRACION,1,state,01,,,secretaria,SECRETARIA DE FINANZAS Y ADMINISTRACION,high,state:ucA 8/8;level:name-rules,SECRETARÍA DE FINANZAS Y ADMINISTRACIÓN DEL ESTADO DE AGUASCALIENTES,,,,8
376,state|04||secretaria|SECRETARIA DE FINANZAS Y ADMINISTRACION,1,state,04,,,secretaria,SECRETARIA DE FINANZAS Y ADMINISTRACION,high,state:ucA 63/63;level:name-rules,SECRETARÍA DE FINANZAS Y ADMINISTRACIÓN DEL ESTADO DE CAMPECHE,,,,63
377,state|12||secretaria|SECRETARIA DE FINANZAS Y ADMINISTRACION,2,state,12,,,secretaria,SECRETARIA DE FINANZAS Y ADMINISTRACION,high,state:ucA 139/139;level:name-rules,SECRETARÍA DE FINANZAS Y ADMINISTRACIÓN DEL ESTADO DE GUERRERO,,,,139
378,state|13||secretaria|SECRETARIA DE FINANZAS Y ADMINISTRACION,1,state,13,,,secretaria,SECRETARIA DE FINANZAS Y ADMINISTRACION,high,state:ucA 276/276;level:name-rules,SECRETARÍA DE FINANZAS Y ADMINISTRACIÓN DEL ESTADO DE HIDALGO,,,,277
379,,,federal,,,,secretaria,SECRETARIA DE GOBERNACION,n/a,level:ucfed 3763/4183,SECRETARÍA DE GOBERNACIÓN,,,,4653
380,state|26||secretaria|SECRETARIA DE GOBIERNO,2,state,26,,,secretaria,SECRETARIA DE GOBIERNO,high,state:ucA 2/2;level:name-rules,SECRETARÍA DE GOBIERNO DEL ESTADO DE SONORA,,,,2
381,state|27||secretaria|SECRETARIA DE GOBIERNO,2,state,27,,,secretaria,SECRETARIA DE GOBIERNO,high,state:ucA 1/1;level:name-rules,SECRETARÍA DE GOBIERNO DEL ESTADO DE TABASCO,,,,1
382,,,federal,,,,secretaria,SECRETARIA DE HACIENDA Y CREDITO PUBLICO,n/a,level:ucfed 4641/4668,SECRETARÍA DE HACIENDA Y CRÉDITO PÚBLICO,,,,8685
383,state|26||secretaria|SECRETARIA DE LA CONTRALORIA GENERAL,2,state,26,,,secretaria,SECRETARIA DE LA CONTRALORIA GENERAL,high,state:ucA 17/17;level:name-rules,SECRETARÍA DE LA CONTRALORÍA GENERAL DEL ESTADO DE SONORA,,,,17
384,,,federal,,,,secretaria,SECRETARIA DE LA DEFENSA NACIONAL,n/a,level:ucfed 30747/30748,SECRETARÍA DE LA DEFENSA NACIONAL,SEDENA,,,31347
385,,,federal,,,,secretaria,SECRETARIA DE LA FUNCION PUBLICA,n/a,level:ucfed 10503/10503,SECRETARÍA DE LA FUNCIÓN PÚBLICA,,,,10753
386,,,federal,,,,secretaria,SECRETARIA DE LA REFORMA AGRARIA,n/a,level:ucAfed 310/310,SECRETARÍA DE LA REFORMA AGRARIA,,,,310
387,,,federal,,,,secretaria,SECRETARIA DE MEDIO AMBIENTE Y RECURSOS NATURALES,n/a,level:ucfed 3982/4044,SECRETARÍA DE MEDIO AMBIENTE Y RECURSOS NATURALES,SEMARNAT,,,4901
388,state|11||secretaria|SECRETARIA DE OBRA PUBLICA,3,state,11,,,secretaria,SECRETARIA DE OBRA PUBLICA,high,state:ucA 276/276;level:name-rules,SECRETARÍA DE OBRA PÚBLICA DEL ESTADO DE GUANAJUATO,,,,277
389,state|01||secretaria|SECRETARIA DE OBRAS PUBLICAS,2,state,01,,,secretaria,SECRETARIA DE OBRAS PUBLICAS,high,state:ucA 399/399;level:name-rules,SECRETARÍA DE OBRAS PÚBLICAS DEL ESTADO DE AGUASCALIENTES,,,,400
390,state|07||secretaria|SECRETARIA DE OBRAS PUBLICAS,2,state,07,,,secretaria,SECRETARIA DE OBRAS PUBLICAS,high,state:ucA 45/45;level:name-rules,SECRETARÍA DE OBRAS PÚBLICAS DEL ESTADO DE CHIAPAS,,,,45
391,state|13||secretaria|SECRETARIA DE OBRAS PUBLICAS,1,state,13,,,secretaria,SECRETARIA DE OBRAS PUBLICAS,high,state:ucA 208/208;level:name-rules,SECRETARÍA DE OBRAS PÚBLICAS DEL ESTADO DE HIDALGO,,,,208
392,state|18||secretaria|SECRETARIA DE OBRAS PUBLICAS,2,state,18,,,secretaria,SECRETARIA DE OBRAS PUBLICAS,high,state:ucA 204/204;level:name-rules,SECRETARÍA DE OBRAS PÚBLICAS DEL ESTADO DE NAYARIT,,,,204
393,state|04||secretaria|SECRETARIA DE OBRAS PUBLICAS Y COMUNICACIONES,1,state,04,,,secretaria,SECRETARIA DE OBRAS PUBLICAS Y COMUNICACIONES,high,state:ucA 88/88;level:name-rules,SECRETARÍA DE OBRAS PÚBLICAS Y COMUNICACIONES DEL ESTADO DE CAMPECHE,,,,88
394,state|29||secretaria|SECRETARIA DE OBRAS PUBLICAS DESARROLLO URBANO Y VIVIENDA,2,state,29,,,secretaria,SECRETARIA DE OBRAS PUBLICAS DESARROLLO URBANO Y VIVIENDA,high,state:ucA 200/200;level:name-rules,"SECRETARÍA DE OBRAS PÚBLICAS, DESARROLLO URBANO Y VIVIENDA DEL ESTADO DE TLAXCALA",,,,200
395,state|07||secretaria|SECRETARIA DE PESCA,1,state,07,,,secretaria,SECRETARIA DE PESCA,high,state:ucA 6/6;level:name-rules,SECRETARÍA DE PESCA DEL ESTADO DE CHIAPAS,,,,6
396,state|03||secretaria|SECRETARIA DE PLANEACION URBANA INFRAESTRUCTURA Y ECOLOGIA,1,state,03,,,secretaria,SECRETARIA DE PLANEACION URBANA INFRAESTRUCTURA Y ECOLOGIA,high,state:ucA 139/139;level:name-rules,"SECRETARÍA DE PLANEACIÓN URBANA, INFRAESTRUCTURA Y ECOLOGÍA DE BAJA CALIFORNIA SUR",,,,139
397,state|11||secretaria|SECRETARIA DE PLANEACION Y FINANZAS,1,state,11,,,secretaria,SECRETARIA DE PLANEACION Y FINANZAS,high,state:ucA 8/8;level:name-rules,SECRETARÍA DE PLANEACIÓN Y FINANZAS DEL ESTADO DE GUANAJUATO,,,,8
398,,,federal,,,,secretaria,SECRETARIA DE RELACIONES EXTERIORES,n/a,level:ucfed 2402/2458,SECRETARÍA DE RELACIONES EXTERIORES,,,,3313
399,,,federal,,,,secretaria de salud,,n/a,level:ucfed 9012/11215;singleton-body,SECRETARÍA DE SALUD,SSA,,,13149
400,state|27||secretaria de salud|,2,state,27,,,secretaria de salud,,high,state:ucA 599/599;level:name-rules;singleton-body,SECRETARÍA DE SALUD DEL ESTADO DE TABASCO,,,,599
401,state|29||secretaria de salud|,1,state,29,,,secretaria de salud,,high,state:ucA 1056/1056;level:name-rules;singleton-body,SECRETARÍA DE SALUD DEL ESTADO DE TLAXCALA,,,,1063
403,state|05||secretaria|SECRETARIA DE SEGURIDAD PUBLICA,1,state,05,,,secretaria,SECRETARIA DE SEGURIDAD PUBLICA,high,state:ucA 1/1;level:name-rules,SECRETARÍA DE SEGURIDAD PÚBLICA DEL ESTADO DE COAHUILA,,,,1
404,,,federal,,,,secretaria,SECRETARIA DE TURISMO,n/a,level:ucfed 1923/1936,SECRETARÍA DE TURISMO,,,,2285
405,state|05||secretaria|SECRETARIA DE URBANISMO Y OBRAS PUBLICAS,1,state,05,,,secretaria,SECRETARIA DE URBANISMO Y OBRAS PUBLICAS,high,state:ucA 217/217;level:name-rules,SECRETARÍA DE URBANISMO Y OBRAS PÚBLICAS DEL ESTADO DE COAHUILA,,,,218
406,,,federal,,,,secretaria,SECRETARIA DEL TRABAJO Y PREVISION SOCIAL,n/a,level:ucfed 2935/2972,SECRETARÍA DEL TRABAJO Y PREVISIÓN SOCIAL,,,,3481
407,state|30||secretaria|SECRETARIA GENERAL DE GOBIERNO,1,state,30,,,secretaria,SECRETARIA GENERAL DE GOBIERNO,high,state:ucA 9/9;level:name-rules,SECRETARÍA GENERAL DE GOBIERNO DEL ESTADO DE VERACRUZ,,,,9
408,,,federal,,,,organismo,SECRETARIADO EJECUTIVO DEL SISTEMA NACIONAL DE SEGURIDAD PUBLICA,n/a,level:ucfed 697/859,SECRETARIADO EJECUTIVO DEL SISTEMA NACIONAL DE SEGURIDAD PÚBLICA,,,,998
409,,,federal,,,,organismo,SERVICIO DE ADMINISTRACION DE BIENES ASEGURADOS,n/a,level:ucAfed 13/13,SERVICIO DE ADMINISTRACIÓN DE BIENES ASEGURADOS,,,,13
410,,,federal,,,,organismo,SERVICIO DE ADMINISTRACION TRIBUTARIA,n/a,level:ucfed 11965/12005,SERVICIO DE ADMINISTRACIÓN TRIBUTARIA,,,,15247
411,,,federal,,,,organismo,SERVICIO NACIONAL DE SANIDAD INOCUIDAD Y CALIDAD AGROALIMENTARIA,n/a,level:ucfed 7928/8000,"SERVICIO NACIONAL DE SANIDAD, INOCUIDAD Y CALIDAD AGROALIMENTARIA",,,,9659
412,,,federal,,,,organismo,SERVICIO POSTAL MEXICANO,n/a,level:ucfed 2217/2385,SERVICIO POSTAL MEXICANO,,,,2859
413,,,federal,,,,organismo,SERVICIOS A LA NAVEGACION EN EL ESPACIO AEREO MEXICANO,n/a,level:ucfed 2049/2062,SERVICIOS A LA NAVEGACIÓN EN EL ESPACIO AÉREO MEXICANO,,,,2149
414,,,federal,,,,organismo,SERVICIOS AEROPORTUARIOS DE LA CIUDAD DE MEXICO,n/a,level:ucAfed 21/21,SERVICIOS AEROPORTUARIOS DE LA CIUDAD DE MÉXICO S.A. DE C.V.,,,,21
415,state|27||organismo de agua|SERVICIOS DE AGUA POTABLE Y ALCANTARILLADO,1,state,27,,,organismo de agua,SERVICIOS DE AGUA POTABLE Y ALCANTARILLADO,high,state:ucA 364/364;level:name-rules,SERVICIOS DE AGUA POTABLE Y ALCANTARILLADO DEL ESTADO DE TABASCO,,,,365
416,state|19||organismo de agua|SERVICIOS DE AGUA Y DRENAJE DE MONTERREY,1,state,19,,,organismo de agua,SERVICIOS DE AGUA Y DRENAJE DE MONTERREY,high,state:ucA 797/797;level:name-rules,SERVICIOS DE AGUA Y DRENAJE DE MONTERREY,,,,798
417,state|08||servicios de salud|,1,state,08,,,servicios de salud,,high,state:ucA 118/118;level:name-rules;singleton-body,SERVICIOS DE SALUD DE CHIHUAHUA,,,,118
418,state|13||servicios de salud|,1,state,13,,,servicios de salud,,high,state:uc9 53/53;level:uc9 53/53;singleton-body,SERVICIOS DE SALUD DE HIDALGO,,,,1904
419,state|17||servicios de salud|,2,state,17,,,servicios de salud,,high,state:uc9 49/49;level:uc9 49/49;singleton-body,SERVICIOS DE SALUD DE MORELOS,,,,517
421,state|30||servicios de salud|,1,state,30,,,servicios de salud,,high,state:ucA 700/700;level:name-rules;singleton-body,SERVICIOS DE SALUD DE VERACRUZ,,,,708
422,state|10||servicios de salud|,1,state,10,,,servicios de salud,,high,state:ucA 147/147;level:name-rules;singleton-body,SERVICIOS DE SALUD DEL ESTADO DE DURANGO,,,,147
423,state|14||servicios de salud|,1,state,14,,,servicios de salud,,high,state:ucA 543/543;level:name-rules;singleton-body,SERVICIOS DE SALUD DEL ESTADO DE JALISCO,,,,543
424,state|18||servicios de salud|,3,state,18,,,servicios de salud,,high,state:ucA 201/201;level:name-rules;singleton-body,SERVICIOS DE SALUD DEL ESTADO DE NAYARIT,,,,201
425,state|21||servicios de salud|,2,state,21,,,servicios de salud,,high,state:uc9 50/50;level:uc9 50/50;singleton-body,SERVICIOS DE SALUD DEL ESTADO DE PUEBLA,,,,223
426,state|22||servicios de salud|,2,state,22,,,servicios de salud,,medium,state:text;level:name-rules;singleton-body,SERVICIOS DE SALUD DEL ESTADO DE QUERÉTARO,,,,58
427,state|12||servicios de salud|,1,state,12,,,servicios de salud,,high,state:ucA 73/73;level:name-rules;singleton-body,SERVICIOS ESTATALES DE SALUD EN GUERRERO,,,,73
428,state|16||organismo de agua|SISTEMA DE AGUA POTABLE ALCANTARILLADO Y SANEAMIENTO DE LA PIEDAD,2,state,16,,,organismo de agua,SISTEMA DE AGUA POTABLE ALCANTARILLADO Y SANEAMIENTO DE LA PIEDAD,high,state:ucA 14/14;level:name-rules,"SISTEMA DE AGUA POTABLE, ALCANTARILLADO Y SANEAMIENTO DE LA PIEDAD, MICHOACÁN",,,,14
429,state|13||organismo|SISTEMA DE EDUCACION PUBLICA,1,state,13,,,organismo,SISTEMA DE EDUCACION PUBLICA,high,state:ucA 471/471;level:name-rules,SISTEMA DE EDUCACIÓN PÚBLICA DE HIDALGO,,,,471
430,state|19||organismo|SISTEMA DE TRANSPORTE COLECTIVO,3,state,19,,,organismo,SISTEMA DE TRANSPORTE COLECTIVO,high,state:uc9 1/1;level:uc9 1/1,SISTEMA DE TRANSPORTE COLECTIVO,,,,61
431,,,federal,,,,organismo,SISTEMA INTEGRAL DE TIENDAS Y FARMACIAS DEL ISSSTE,n/a,level:ucAfed 540/540,SISTEMA INTEGRAL DE TIENDAS Y FARMACIAS DEL ISSSTE,,,,541
432,municipal|14|14039|organismo de agua intermunicipal|SISTEMA INTERMUNICIPAL PARA LOS SERVICIOS DE AGUA POTABLE Y ALCANTARILLADO,1,municipal,14,14039,Guadalajara,organismo de agua intermunicipal,SISTEMA INTERMUNICIPAL PARA LOS SERVICIOS DE AGUA POTABLE Y ALCANTARILLADO,high,state:ucA 341/341;level:name-rules;muni:inegi,SISTEMA INTERMUNICIPAL PARA LOS SERVICIOS DE AGUA POTABLE Y ALCANTARILLADO EN GUADALAJARA JALISCO,,,,345
433,municipal|05|05035|organismo de agua|SISTEMA MUNICIPAL DE AGUAS Y SANEAMIENTO,2,municipal,05,05035,Torreón,organismo de agua,SISTEMA MUNICIPAL DE AGUAS Y SANEAMIENTO,high,state:uc8 2/2;level:uc8 2/2;muni:inegi,"SISTEMA MUNICIPAL DE AGUAS Y SANEAMIENTO DE TORREÓN, COAHUILA",,,,146
434,,,federal,,,,dif estatal,SISTEMA NACIONAL PARA EL DESARROLLO INTEGRAL DE LA FAMILIA,n/a,level:ucfed 2670/2746,SISTEMA NACIONAL PARA EL DESARROLLO INTEGRAL DE LA FAMILIA,,,,4004
435,state|13||dif estatal|,2,state,13,,,dif estatal,,high,state:ucA 779/779;level:name-rules;singleton-body,SISTEMA PARA EL DESARROLLO INTEGRAL DE LA FAMILIA EN HIDALGO,,,,779
436,state|19||dif estatal|,3,state,19,,,dif estatal,,high,state:ucA 72/72;level:name-rules;singleton-body,SISTEMA PARA EL DESARROLLO INTEGRAL DE LA FAMILIA EN NUEVO LEÓN,,,,72
437,,,federal,,,,organismo,SOCIEDAD HIPOTECARIA FEDERAL S N C,n/a,level:ucAfed 135/135,SOCIEDAD HIPOTECARIA FEDERAL S.N.C.,,,,135
438,,,federal,,,,organismo,TALLERES GRAFICOS DE MEXICO,n/a,level:ucfed 5309/5317,TALLERES GRÁFICOS DE MÉXICO,,,,5393
439,state|15||tecnologico superior (estatal)|TECNOLOGICO DE ESTUDIOS SUPERIORES DE COACALCO,2,state,15,,,tecnologico superior (estatal),TECNOLOGICO DE ESTUDIOS SUPERIORES DE COACALCO,high,state:ucA 51/51;state-subsystem;level:name-rules,TECNOLÓGICO DE ESTUDIOS SUPERIORES DE COACALCO,,,,51
440,state|15||tecnologico superior (estatal)|TECNOLOGICO DE ESTUDIOS SUPERIORES DE CUAUTITLAN IZCALLI,2,state,15,,,tecnologico superior (estatal),TECNOLOGICO DE ESTUDIOS SUPERIORES DE CUAUTITLAN IZCALLI,high,state:ucA 17/17;state-subsystem;level:name-rules,TECNOLÓGICO DE ESTUDIOS SUPERIORES DE CUAUTITLÁN IZCALLI,,,,17
441,state|15||tecnologico superior (estatal)|TECNOLOGICO DE ESTUDIOS SUPERIORES DE ECATEPEC,1,state,15,,,tecnologico superior (estatal),TECNOLOGICO DE ESTUDIOS SUPERIORES DE ECATEPEC,high,state:ucA 154/154;state-subsystem;level:name-rules,TECNOLÓGICO DE ESTUDIOS SUPERIORES DE ECATEPEC,,,,154
442,state|13||organismo|TELEBACHILLERATO,1,state,13,,,organismo,TELEBACHILLERATO,high,state:ucA 58/58;level:name-rules,TELEBACHILLERATO DEL ESTADO DE HIDALGO,,,,58
443,,,federal,,,,organismo,TELECOMUNICACIONES DE MEXICO,n/a,level:ucfed 1817/1817,TELECOMUNICACIONES DE MÉXICO,,,,3082
444,,,federal,,,,organismo,TELEVISION METROPOLITANA,n/a,level:ucfed 1217/1250,"TELEVISIÓN METROPOLITANA, S.A. DE C.V.",,,,1294
445,,,federal,,,,organismo,TRANSPORTADORA DE SAL,n/a,level:ucAfed 7/7,"TRANSPORTADORA DE SAL, S.A. DE C.V.",,,,7
446,,,federal,,,,organismo,TRIBUNAL SUPERIOR AGRARIO,n/a,level:ucAfed 268/268,TRIBUNAL SUPERIOR AGRARIO,,,,268
447,state|20||universidad estatal|UNIVERSIDAD AUTONOMA BENITO JUAREZ,3,state,20,,,universidad estatal,UNIVERSIDAD AUTONOMA BENITO JUAREZ,medium,state:text;level:name-rules,UNIVERSIDAD AUTÓNOMA BENITO JUÁREZ DE OAXACA,,,,2
448,,,federal,,,,universidad estatal,UNIVERSIDAD AUTONOMA CHAPINGO,n/a,level:ucfed 2/2,UNIVERSIDAD AUTÓNOMA CHAPINGO,,,,13
449,state|01||universidad estatal|UNIVERSIDAD AUTONOMA,2,state,01,,,universidad estatal,UNIVERSIDAD AUTONOMA,high,state:uc9 20/20;level:uc9 20/20,UNIVERSIDAD AUTÓNOMA DE AGUASCALIENTES,,,,163
450,state|04||universidad estatal|UNIVERSIDAD AUTONOMA,2,state,04,,,universidad estatal,UNIVERSIDAD AUTONOMA,high,state:uc9 44/44;level:uc9 44/44,UNIVERSIDAD AUTÓNOMA DE CAMPECHE,,,,163
452,state|13||universidad estatal|UNIVERSIDAD AUTONOMA,2,state,13,,,universidad estatal,UNIVERSIDAD AUTONOMA,high,state:uc9 110/110;level:uc9 110/110,UNIVERSIDAD AUTÓNOMA DEL ESTADO DE HIDALGO,,,,1166
453,,,federal,,,,universidad estatal,UNIVERSIDAD AUTONOMA METROPOLITANA,n/a,level:name-rules,UNIVERSIDAD AUTÓNOMA METROPOLITANA,,,,51
454,state|11||universidad estatal|UNIVERSIDAD,2,state,11,,,universidad estatal,UNIVERSIDAD,high,state:uc9 212/212;level:uc9 212/212,UNIVERSIDAD DE GUANAJUATO,,,,818
455,state|23||universidad estatal|UNIVERSIDAD,2,state,23,,,universidad estatal,UNIVERSIDAD,high,state:uc9 38/38;level:uc9 38/38,UNIVERSIDAD DE QUINTANA ROO,,,,110
456,state|26||universidad estatal|UNIVERSIDAD,2,state,26,,,universidad estatal,UNIVERSIDAD,high,state:uc9 94/94;level:uc9 94/94,UNIVERSIDAD DE SONORA,,,,769
457,state|27||universidad estatal|UNIVERSIDAD JUAREZ AUTONOMA,2,state,27,,,universidad estatal,UNIVERSIDAD JUAREZ AUTONOMA,high,state:uc9 26/26;level:uc9 26/26,UNIVERSIDAD JUÁREZ AUTÓNOMA DE TABASCO,,,,147
458,,,federal,,,,universidad estatal,UNIVERSIDAD PEDAGOGICA NACIONAL,n/a,level:ucfed 831/872,UNIVERSIDAD PEDAGÓGICA NACIONAL,,,,1399
459,state|23||universidad tecnologica|UNIVERSIDAD TECNOLOGICA DE CANCUN,2,state,23,,,universidad tecnologica,UNIVERSIDAD TECNOLOGICA DE CANCUN,high,state:uc9 2/2;level:uc9 2/2,UNIVERSIDAD TECNOLÓGICA DE CANCÚN,,,,93
460,state|26||universidad tecnologica|UNIVERSIDAD TECNOLOGICA DE HERMOSILLO,2,state,26,,,universidad tecnologica,UNIVERSIDAD TECNOLOGICA DE HERMOSILLO,medium,state:muni-unique;state-subsystem;level:name-rules,UNIVERSIDAD TECNOLÓGICA DE HERMOSILLO,,,,40
463,,,unknown,,,,universidad tecnologica,UNIVERSIDAD TECNOLOGICA DE LEON,low,level:name-rules,UNIVERSIDAD TECNOLÓGICA DE LEÓN,,,,11
464,state|15||universidad tecnologica|UNIVERSIDAD TECNOLOGICA DE NEZAHUALCOYOTL,2,state,15,,,universidad tecnologica,UNIVERSIDAD TECNOLOGICA DE NEZAHUALCOYOTL,medium,state:muni-unique;state-subsystem;level:name-rules,UNIVERSIDAD TECNOLÓGICA DE NEZAHUALCÓYOTL,,,,69
465,state|26||universidad tecnologica|UNIVERSIDAD TECNOLOGICA DE NOGALES,1,state,26,,,universidad tecnologica,UNIVERSIDAD TECNOLOGICA DE NOGALES,high,state:uc9 4/4;level:uc9 4/4,"UNIVERSIDAD TECNOLÓGICA DE NOGALES, SONORA",,,,45
466,state|21||universidad tecnologica|UNIVERSIDAD TECNOLOGICA,2,state,21,,,universidad tecnologica,UNIVERSIDAD TECNOLOGICA,high,state:uc9 10/10;level:uc9 10/10,UNIVERSIDAD TECNOLÓGICA DE PUEBLA,,,,61
467,state|22||universidad tecnologica|UNIVERSIDAD TECNOLOGICA,2,state,22,,,universidad tecnologica,UNIVERSIDAD TECNOLOGICA,high,state:uc9 49/49;level:uc9 49/49,UNIVERSIDAD TECNOLÓGICA DE QUERÉTARO,,,,57
468,state|15||universidad tecnologica|UNIVERSIDAD TECNOLOGICA DE TECAMAC,2,state,15,,,universidad tecnologica,UNIVERSIDAD TECNOLOGICA DE TECAMAC,high,state:uc9 13/13;level:uc9 13/13,UNIVERSIDAD TECNOLÓGICA DE TECÁMAC,,,,30
469,state|29||universidad tecnologica|UNIVERSIDAD TECNOLOGICA,2,state,29,,,universidad tecnologica,UNIVERSIDAD TECNOLOGICA,medium,state:text;state-subsystem;level:name-rules,UNIVERSIDAD TECNOLÓGICA DE TLAXCALA,,,,21
470,state|05||universidad tecnologica|UNIVERSIDAD TECNOLOGICA DE TORREON,3,state,05,,,universidad tecnologica,UNIVERSIDAD TECNOLOGICA DE TORREON,high,state:uc9 1/1;level:uc9 1/1,UNIVERSIDAD TECNOLÓGICA DE TORREÓN,,,,25
471,state|13||universidad tecnologica|UNIVERSIDAD TECNOLOGICA DE TULANCINGO,1,state,13,,,universidad tecnologica,UNIVERSIDAD TECNOLOGICA DE TULANCINGO,medium,state:muni-unique;state-subsystem;level:name-rules,UNIVERSIDAD TECNOLÓGICA DE TULANCINGO,,,,33
472,state|13||universidad tecnologica|UNIVERSIDAD TECNOLOGICA DE TULA TEPEJI,1,state,13,,,universidad tecnologica,UNIVERSIDAD TECNOLOGICA DE TULA TEPEJI,high,state:uc9 5/5;level:uc9 5/5,UNIVERSIDAD TECNOLÓGICA DE TULA-TEPEJI,,,,159
473,state|01||universidad tecnologica|UNIVERSIDAD TECNOLOGICA DEL NORTE,2,state,01,,,universidad tecnologica,UNIVERSIDAD TECNOLOGICA DEL NORTE,high,state:uc9 3/3;level:uc9 3/3,UNIVERSIDAD TECNOLÓGICA DEL NORTE DE AGUASCALIENTES,,,,14
474,state|05||universidad tecnologica|UNIVERSIDAD TECNOLOGICA DEL NORTE,2,state,05,,,universidad tecnologica,UNIVERSIDAD TECNOLOGICA DEL NORTE,medium,state:text;state-subsystem;level:name-rules,UNIVERSIDAD TECNOLÓGICA DEL NORTE DE COAHUILA,,,,17
475,state|11||universidad tecnologica|UNIVERSIDAD TECNOLOGICA DEL NORTE,1,state,11,,,universidad tecnologica,UNIVERSIDAD TECNOLOGICA DEL NORTE,medium,state:text;state-subsystem;level:name-rules,UNIVERSIDAD TECNOLÓGICA DEL NORTE DE GUANAJUATO,,,,9
476,state|11||universidad tecnologica|UNIVERSIDAD TECNOLOGICA DEL SUROESTE,1,state,11,,,universidad tecnologica,UNIVERSIDAD TECNOLOGICA DEL SUROESTE,medium,state:text;state-subsystem;level:name-rules,UNIVERSIDAD TECNOLÓGICA DEL SUROESTE DE GUANAJUATO,,,,9
477,state|13||universidad tecnologica|UNIVERSIDAD TECNOLOGICA DEL VALLE DEL MEZQUITAL,2,state,13,,,universidad tecnologica,UNIVERSIDAD TECNOLOGICA DEL VALLE DEL MEZQUITAL,high,state:uc9 3/3;level:uc9 3/3,UNIVERSIDAD TECNOLÓGICA DEL VALLE DEL MEZQUITAL,,,,77
478,state|15||universidad tecnologica|UNIVERSIDAD TECNOLOGICA FIDEL VELAZQUEZ,1,state,15,,,universidad tecnologica,UNIVERSIDAD TECNOLOGICA FIDEL VELAZQUEZ,high,state:uc9 12/12;level:uc9 12/12,UNIVERSIDAD TECNOLÓGICA FIDEL VELÁZQUEZ,,,,70
479,state|19||universidad tecnologica|UNIVERSIDAD TECNOLOGICA SANTA CATARINA,2,state,19,,,universidad tecnologica,UNIVERSIDAD TECNOLOGICA SANTA CATARINA,medium,state:text;state-subsystem;level:name-rules,"UNIVERSIDAD TECNOLÓGICA SANTA CATARINA, NUEVO LEÓN",,,,14
480,state|30||universidad estatal|UNIVERSIDAD,2,state,30,,,universidad estatal,UNIVERSIDAD,medium,state:uc9 2/2;level:uc9 2/2;gentilicio-stripped,UNIVERSIDAD VERACRUZANA,,,,530
481,,,federal,,,,organismo,XEIPN TV CANAL 11,n/a,level:ucAfed 240/240,XEIPN TV CANAL 11,,,,240
482,,,federal,,,,organismo,ADMINISTRACION PORTUARIA INTEGRAL DE TOPOLOBAMPO,n/a,level:ucfed 945/945,"ADMINISTRACIÓN PORTUARIA INTEGRAL DE TOPOLOBAMPO, S.A. DE C.V.",,,,1008
483,state|15||organismo de agua|AGUA Y SANEAMIENTO DE TOLUCA MEXICO,1,state,15,,,organismo de agua,AGUA Y SANEAMIENTO DE TOLUCA MEXICO,high,state:ucA 62/62;level:name-rules,"AGUA Y SANEAMIENTO DE TOLUCA, MÉXICO",,,,62
484,state|05||organismo de agua|AGUAS DE SALTILLO,1,state,05,,,organismo de agua,AGUAS DE SALTILLO,high,state:ucA 3/3;level:name-rules,AGUAS DE SALTILLO S.A. DE C.V.,,,,3
485,,,federal,,,,organismo,CASA DE MONEDA DE MEXICO,n/a,level:ucfed 7861/7874,CASA DE MONEDA DE MÉXICO,,,,8061
486,,,federal,,,,organismo,CENTRO DE INVESTIGACION EN QUIMICA APLICADA,n/a,level:ucfed 2577/2602,CENTRO DE INVESTIGACIÓN EN QUÍMICA APLICADA,,,,2669
487,,,federal,,,,organismo,CENTRO NACIONAL DE REHABILITACION,n/a,level:ucAfed 862/862,CENTRO NACIONAL DE REHABILITACIÓN,,,,862
488,state|15||cecyte|COLEGIO DE ESTUDIOS CIENTIFICOS Y TECNOLOGICOS,1,state,15,,,cecyte,COLEGIO DE ESTUDIOS CIENTIFICOS Y TECNOLOGICOS,high,state:uc9 20/20;level:uc9 20/20,COLEGIO DE ESTUDIOS CIENTÍFICOS Y TECNOLÓGICOS DEL ESTADO DE MÉXICO,,,,247
489,state|26||organismo de agua|COMISION DE AGUA POTABLE Y ALCANTARILLADO,1,state,26,,,organismo de agua,COMISION DE AGUA POTABLE Y ALCANTARILLADO,high,state:ucA 13/13;level:name-rules,COMISIÓN DE AGUA POTABLE Y ALCANTARILLADO DEL ESTADO DE SONORA,,,,13
490,municipal|13|13063|organismo de agua|COMISION DE AGUA POTABLE Y ALCANTARILLADO,1,municipal,13,13063,Tepeji del Río de Ocampo,organismo de agua,COMISION DE AGUA POTABLE Y ALCANTARILLADO,high,state:ucA 1/1;level:name-rules;muni:inegi,"COMISIÓN DE AGUA POTABLE Y ALCANTARILLADO DEL MUNICIPIO DE TEPEJÍ DEL RÍO DE OCAMPO, HIDALGO",,,,1
491,state|12||organismo|COMISION DE INFRAESTRUCTURA CARRETERA Y AEROPORTUARIA,2,state,12,,,organismo,COMISION DE INFRAESTRUCTURA CARRETERA Y AEROPORTUARIA,high,state:ucA 192/192;level:name-rules,COMISIÓN DE INFRAESTRUCTURA CARRETERA Y AEROPORTUARIA DEL ESTADO DE GUERRERO,,,,192
492,state|31||organismo|COMISION DE VIAS TERRESTRES,1,state,31,,,organismo,COMISION DE VIAS TERRESTRES,high,state:ucA 69/69;level:name-rules,COMISIÓN DE VÍAS TERRESTRES DEL ESTADO DE YUCATÁN,,,,69
493,state|26||organismo|COMISION DEL DEPORTE,2,state,26,,,organismo,COMISION DEL DEPORTE,high,state:ucA 3/3;level:name-rules,COMISIÓN DEL DEPORTE DEL ESTADO DE SONORA,,,,3
494,,,federal,,,,organismo de agua,COMISION INTERNACIONAL DE LIMITES Y AGUAS ENTRE MEXICO Y ESTADOS UNIDOS,n/a,level:ucAfed 2/2,COMISIÓN INTERNACIONAL DE LÍMITES Y AGUAS ENTRE MÉXICO Y ESTADOS UNIDOS,,,,2
495,,,federal,,,,organismo de agua,COMISION INTERNACIONAL DE LIMITES Y AGUAS MEXICO GUATEMALA BELIZE,n/a,level:ucAfed 5/5,COMISIÓN INTERNACIONAL DE LÍMITES Y AGUAS MÉXICO-GUATEMALA-BELIZE,,,,5
496,municipal|28|28027|organismo de agua|COMISION MUNICIPAL DE AGUA POTABLE Y ALCANTARILLADO,2,municipal,28,28027,Nuevo Laredo,organismo de agua,COMISION MUNICIPAL DE AGUA POTABLE Y ALCANTARILLADO,high,state:ucA 59/59;level:name-rules;muni:inegi,"COMISIÓN MUNICIPAL DE AGUA POTABLE Y ALCANTARILLADO DE NUEVO LAREDO, TAMAULIPAS",,,,59
497,municipal|28|28032|organismo de agua|COMISION MUNICIPAL DE AGUA POTABLE Y ALCANTARILLADO,2,municipal,28,28032,Reynosa,organismo de agua,COMISION MUNICIPAL DE AGUA POTABLE Y ALCANTARILLADO,high,state:ucA 4/4;level:name-rules;muni:inegi,"COMISIÓN MUNICIPAL DE AGUA POTABLE Y ALCANTARILLADO DEL MUNICIPIO DE  REYNOSA, TAMAULIPAS",,,,4
498,municipal|30|30087|organismo de agua|COMISION MUNICIPAL DE AGUA POTABLE Y SANEAMIENTO,3,municipal,30,30087,Xalapa,organismo de agua,COMISION MUNICIPAL DE AGUA POTABLE Y SANEAMIENTO,high,state:ucA 60/60;level:name-rules;muni:inegi,"COMISIÓN MUNICIPAL DE AGUA POTABLE Y SANEAMIENTO DE XALAPA, VERACRUZ",,,,60
499,municipal|30|30038|organismo de agua|COMISION MUNICIPAL DE AGUA Y SANEAMIENTO,1,municipal,30,30038,Coatepec,organismo de agua,COMISION MUNICIPAL DE AGUA Y SANEAMIENTO,high,state:ucA 1/1;level:name-rules;muni:inegi,"COMISIÓN MUNICIPAL DE AGUA Y SANEAMIENTO DE COATEPEC, VERACRUZ",,,,1
500,,,federal,,,,organismo,COMISION NACIONAL DE ARBITRAJE MEDICO,n/a,level:ucfed 255/255,COMISIÓN NACIONAL DE ARBITRAJE MÉDICO,,,,311
501,,,federal,,,,organismo,COMISION NACIONAL DE CULTURA FISICA Y DEPORTE,n/a,level:ucfed 5201/5236,COMISIÓN NACIONAL DE CULTURA FÍSICA Y DEPORTE,,,,5657
502,,,federal,,,,organismo,COMISION NACIONAL PARA EL AHORRO DE ENERGIA,n/a,level:ucAfed 13/13,COMISIÓN NACIONAL PARA EL AHORRO DE ENERGÍA,,,,13
503,,,federal,,,,organismo,COMISION NACIONAL PARA EL DESARROLLO DE LOS PUEBLOS INDIGENAS,n/a,level:ucAfed 498/498,COMISIÓN NACIONAL PARA EL DESARROLLO DE LOS PUEBLOS INDÍGENAS,,,,498
504,municipal|07|07019|organismo de agua|COMITE DE AGUA POTABLE Y ALCANTARILLADO MUNICIPAL,1,municipal,07,07019,Comitán de Domínguez,organismo de agua,COMITE DE AGUA POTABLE Y ALCANTARILLADO MUNICIPAL,high,state:ucA 1/1;level:name-rules;muni:inegi,"COMITÉ DE AGUA POTABLE Y ALCANTARILLADO MUNICIPAL DE COMITÁN DE DOMÍNGUEZ, CHIAPAS",,,,1
505,state|19||organismo|CONSEJO DE SEGURIDAD PUBLICA,1,state,19,,,organismo,CONSEJO DE SEGURIDAD PUBLICA,high,state:ucA 2/2;level:name-rules,CONSEJO DE SEGURIDAD PÚBLICA DEL ESTADO DE NUEVO LEÓN,,,,2
506,state|32||organismo|CONSEJO PROMOTOR DE LA VIVIENDA,1,state,32,,,organismo,CONSEJO PROMOTOR DE LA VIVIENDA,high,state:ucA 10/10;level:name-rules,CONSEJO PROMOTOR DE LA VIVIENDA EN EL ESTADO DE ZACATECAS,,,,10
507,state|26||organismo|COORDINACION PARA PROMOCION DE VIVIENDA,1,state,26,,,organismo,COORDINACION PARA PROMOCION DE VIVIENDA,high,state:ucA 5/5;level:name-rules,COORDINACIÓN PARA PROMOCIÓN DE VIVIENDA DEL ESTADO DE SONORA,,,,5
508,,,federal,,,,organismo,CORPORACION MEXICANA DE INVESTIGACION EN MATERIALES,n/a,level:ucAfed 348/348,"CORPORACIÓN MEXICANA DE INVESTIGACIÓN EN MATERIALES, S. A. DE C. V.",,,,348
509,,,federal,,,,organismo,DICONSA SUCURSAL REGIONAL VERACRUZ,n/a,level:ucAfed 44/44,DICONSA S.A. DE C.V. SUCURSAL REGIONAL VERACRUZ,,,,44
510,,,federal,,,,organismo,EL COLEGIO DE SAN LUIS,n/a,level:ucfed 358/365,"EL COLEGIO DE SAN LUIS, A.C.",,,,367
511,state|19||organismo|FIDEICOMISO CIUDAD SOLIDARIDAD,1,state,19,,,organismo,FIDEICOMISO CIUDAD SOLIDARIDAD,high,state:ucA 2/2;level:name-rules,FIDEICOMISO CIUDAD SOLIDARIDAD DEL ESTADO DE NUEVO LEÓN,,,,2
512,,,federal,,,,organismo,FIDEICOMISO DEL PROGRAMA NACIONAL DE FINANCIAMIENTO AL MICROEMPRESARIO,n/a,level:ucAfed 13/13,FIDEICOMISO DEL PROGRAMA NACIONAL DE FINANCIAMIENTO AL MICROEMPRESARIO,,,,13
513,,,federal,,,,organismo,FIDEICOMISO PARA LA CINETECA NACIONAL,n/a,level:ucfed 3455/3843,FIDEICOMISO PARA LA CINETECA NACIONAL,,,,3954
514,state|02||organismo|FIDEICOMISO PUBLICO DE INVERSION Y ADMINISTRACION DEL TRAMO CARRETERO CENTINELA RUMOROSA,1,state,02,,,organismo,FIDEICOMISO PUBLICO DE INVERSION Y ADMINISTRACION DEL TRAMO CARRETERO CENTINELA RUMOROSA,high,state:ucA 12/12;level:name-rules,FIDEICOMISO PÚBLICO DE INVERSIÓN Y ADMINISTRACIÓN DEL TRAMO CARRETERO CENTINELA-RUMOROSA,,,,12
515,state|19||organismo|FIDEICOMISO PUENTE INTERNACIONAL SOLIDARIDAD,1,state,19,,,organismo,FIDEICOMISO PUENTE INTERNACIONAL SOLIDARIDAD,high,state:ucA 6/6;level:name-rules,FIDEICOMISO PUENTE INTERNACIONAL SOLIDARIDAD DEL ESTADO DE NUEVO LEÓN,,,,6
516,state|30||organismo|FIDEICOMISO RELACIONADO CON EL MEDIO EMPRESARIAL,1,state,30,,,organismo,FIDEICOMISO RELACIONADO CON EL MEDIO EMPRESARIAL,high,state:ucA 1/1;level:name-rules,FIDEICOMISO RELACIONADO CON EL MEDIO EMPRESARIAL EN VERACRUZ,,,,1
517,state|02||organismo|FIDEICOMISO RIO TIJUANA TERCERA ETAPA,1,state,02,,,organismo,FIDEICOMISO RIO TIJUANA TERCERA ETAPA,high,state:ucA 7/7;level:name-rules,FIDEICOMISO RÍO TIJUANA TERCERA ETAPA,,,,7
518,,,federal,,,,organismo,FINANCIERA RURAL,n/a,level:ucAfed 164/164,FINANCIERA RURAL,,,,164
519,state|19||organismo|FOMENTO METROPOLITANO DE MONTERREY,1,state,19,,,organismo,FOMENTO METROPOLITANO DE MONTERREY,high,state:ucA 34/34;level:name-rules,FOMENTO METROPOLITANO DE MONTERREY,,,,34
520,,,federal,,,,organismo,FONDO DE CULTURA ECONOMICA,n/a,level:ucfed 2347/2372,FONDO DE CULTURA ECONÓMICA,,,,2508
521,municipal|01|01001|ayuntamiento|,3,municipal,01,01001,Aguascalientes,ayuntamiento,,high,state:ucA 17/17;level:name-rules;muni:inegi;singleton-body,H. AYUNTAMIENTO CONSTITUCIONAL DE AGUASCALIENTES,,,,17
522,municipal|29|29005|ayuntamiento|,2,municipal,29,29005,Apizaco,ayuntamiento,,high,state:ucA 3/3;level:name-rules;muni:inegi;singleton-body,"H. AYUNTAMIENTO CONSTITUCIONAL DE APIZACO, TLAXCALA",,,,3
523,municipal|15|15014|ayuntamiento|,3,municipal,15,15014,Atlacomulco,ayuntamiento,,high,state:ucA 1/1;level:name-rules;muni:inegi;singleton-body,"H. AYUNTAMIENTO CONSTITUCIONAL DE ATLACOMULCO, MÉXICO",,,,1
524,municipal|27|27004|ayuntamiento|,3,municipal,27,27004,Centro,ayuntamiento,,high,state:ucA 21/21;level:name-rules;muni:inegi;singleton-body,"H. AYUNTAMIENTO CONSTITUCIONAL DE CENTRO, TABASCO",,,,21
525,municipal|15|15045|ayuntamiento|,2,municipal,15,15045,Jilotepec,ayuntamiento,,high,state:ucA 1/1;level:name-rules;muni:inegi;singleton-body,"H. AYUNTAMIENTO CONSTITUCIONAL DE JILOTEPEC, MÉXICO",,,,1
526,municipal|07|07086|ayuntamiento|,1,municipal,07,07086,Suchiapa,ayuntamiento,,high,state:ucA 1/1;level:name-rules;muni:inegi;singleton-body,"H. AYUNTAMIENTO CONSTITUCIONAL DE SUCHIAPA, CHIAPAS",,,,1
527,municipal|04|04002|ayuntamiento|,3,municipal,04,04002,Campeche,ayuntamiento,,high,state:ucA 33/33;level:name-rules;muni:inegi;singleton-body,H. AYUNTAMIENTO MUNICIPAL DE CAMPECHE,,,,33
528,municipal|08|08019|ayuntamiento|,3,municipal,08,08019,Chihuahua,ayuntamiento,,high,state:ucA 43/43;level:name-rules;muni:inegi;singleton-body,H. AYUNTAMIENTO MUNICIPAL DE CHIHUAHUA,,,,43
529,municipal|29|29055|ayuntamiento|,1,municipal,29,29055,San Lucas Tecopilco,ayuntamiento,,high,state:ucA 1/1;level:name-rules;muni:inegi;singleton-body,"H. AYUNTAMIENTO MUNICIPAL DE SAN LUCAS TECOPILCO, TLAXCALA",,,,1
530,municipal|19|19019|ayuntamiento|,2,municipal,19,19019,San Pedro Garza García,ayuntamiento,,high,state:ucA 5/5;level:name-rules;muni:inegi;singleton-body,"H. AYUNTAMIENTO MUNICIPAL DE SAN PEDRO GARZA GARCÍA, NUEVO LEÓN",,,,5
531,municipal|02|02004|ayuntamiento|,3,municipal,02,02004,Tijuana,ayuntamiento,,high,state:ucA 19/19;level:name-rules;muni:inegi;singleton-body,"H. AYUNTAMIENTO MUNICIPAL DE TIJUANA, BAJA CALIFORNIA",,,,20
532,municipal|32|32056|ayuntamiento|,3,municipal,32,32056,Zacatecas,ayuntamiento,,high,state:ucA 44/44;level:name-rules;muni:inegi;singleton-body,H. AYUNTAMIENTO MUNICIPAL DE ZACATECAS,,,,44
533,state|02||organismo|INMOBILIARIA ESTATAL DE TIJUANA TECATE,1,state,02,,,organismo,INMOBILIARIA ESTATAL DE TIJUANA TECATE,high,state:ucA 3/3;level:name-rules,INMOBILIARIA ESTATAL DE TIJUANA-TECATE,,,,3
534,state|15||organismo|INSTITUTO DE CAPACITACION Y ADIESTRAMIENTO PARA EL TRABAJO INDUSTRIAL,3,state,15,,,organismo,INSTITUTO DE CAPACITACION Y ADIESTRAMIENTO PARA EL TRABAJO INDUSTRIAL,high,state:ucA 91/91;level:name-rules,INSTITUTO DE CAPACITACIÓN Y ADIESTRAMIENTO PARA EL TRABAJO INDUSTRIAL EN EL ESTADO DE  MÉXICO,,,,92
535,state|01||servicios de salud|,3,state,01,,,servicios de salud,,high,state:ucA 1217/1217;level:name-rules;singleton-body,INSTITUTO DE SALUD DEL ESTADO DE AGUASCALIENTES,,,,1217
536,state|03||servicios de salud|,1,state,03,,,servicios de salud,,high,state:ucA 172/172;level:name-rules;singleton-body,INSTITUTO DE SERVICIOS DE SALUD DEL ESTADO DE BAJA CALIFORNIA SUR,,,,172
538,state|27||organismo|INSTITUTO DE VIVIENDA,2,state,27,,,organismo,INSTITUTO DE VIVIENDA,high,state:ucA 62/62;level:name-rules,INSTITUTO DE VIVIENDA DE TABASCO,,,,62
539,,,autonomous,,,,organismo,INSTITUTO FEDERAL DE ACCESO A LA INFORMACION PUBLICA,n/a,level:ucAfed 124/124,INSTITUTO FEDERAL DE ACCESO A LA INFORMACIÓN PÚBLICA,,,,124
540,,,autonomous,,,,organismo,INSTITUTO FEDERAL ELECTORAL,n/a,level:ucAfed 84/84,INSTITUTO FEDERAL ELECTORAL,,,,84
541,,,federal,,,,organismo,INSTITUTO NACIONAL DE LAS PERSONAS ADULTAS MAYORES,n/a,level:ucfed 959/970,INSTITUTO NACIONAL DE LAS PERSONAS ADULTAS MAYORES,,,,1069
542,,,federal,,,,organismo,INSTITUTO NACIONAL PARA EL DESARROLLO DE CAPACIDADES DEL SECTOR RURAL,n/a,level:ucAfed 1/1,INSTITUTO NACIONAL PARA EL DESARROLLO DE CAPACIDADES DEL SECTOR RURAL A.C.,,,,1
543,,,autonomous,,,,organismo,INSTITUTO NACIONAL PARA LA EVALUACION DE LA EDUCACION,n/a,level:ucfed 374/704,INSTITUTO NACIONAL PARA LA EVALUACIÓN DE LA EDUCACIÓN,,,,800
544,,,federal,18,,,instituto tecnologico (TecNM federal),INSTITUTO TECNOLOGICO DE TEPIC,n/a,state:ucA 1/1;TecNM campus;level:name-rules,"INSTITUTO TECNOLÓGICO DE TEPIC, NAYARIT",,,,1
545,state|13||tecnologico superior (estatal)|INSTITUTO TECNOLOGICO SUPERIOR DEL OCCIDENTE,3,state,13,,,tecnologico superior (estatal),INSTITUTO TECNOLOGICO SUPERIOR DEL OCCIDENTE,high,state:ucA 85/85;state-subsystem;level:name-rules,INSTITUTO TECNOLÓGICO SUPERIOR DEL OCCIDENTE DEL ESTADO DE HIDALGO,,,,86
547,state|28||organismo de agua|JUNTA DE AGUAS Y DRENAJE DE LA CIUDAD DE MATAMOROS,1,state,28,,,organismo de agua,JUNTA DE AGUAS Y DRENAJE DE LA CIUDAD DE MATAMOROS,high,state:ucA 25/25;level:name-rules,"JUNTA DE AGUAS Y DRENAJE DE LA CIUDAD DE MATAMOROS, TAMAULIPAS",,,,25
548,state|26||organismo|JUNTA DE CAMINOS,2,state,26,,,organismo,JUNTA DE CAMINOS,high,state:ucA 103/103;level:name-rules,JUNTA ESTATAL DE CAMINOS DE SONORA,,,,104
549,state|32||organismo|JUNTA DE CAMINOS,2,state,32,,,organismo,JUNTA DE CAMINOS,high,state:ucA 353/353;level:name-rules,JUNTA ESTATAL DE CAMINOS DE ZACATECAS,,,,353
550,state|30||organismo|JUNTA DE CAMINOS,1,state,30,,,organismo,JUNTA DE CAMINOS,high,state:ucA 1/1;level:name-rules,JUNTA ESTATAL DE CAMINOS EN VERACRUZ,,,,1
551,municipal|25|25002|organismo de agua|JUNTA MUNICIPAL DE AGUA POTABLE Y ALCANTARILLADO,2,municipal,25,25002,Angostura,organismo de agua,JUNTA MUNICIPAL DE AGUA POTABLE Y ALCANTARILLADO,high,state:ucA 11/11;level:name-rules;muni:inegi,"JUNTA MUNICIPAL DE AGUA POTABLE Y ALCANTARILLADO DE ANGOSTURA, SINALOA",,,,11
552,municipal|25|25005|organismo de agua|JUNTA MUNICIPAL DE AGUA POTABLE Y ALCANTARILLADO,1,municipal,25,25005,Cosalá,organismo de agua,JUNTA MUNICIPAL DE AGUA POTABLE Y ALCANTARILLADO,high,state:ucA 5/5;level:name-rules;muni:inegi,"JUNTA MUNICIPAL DE AGUA POTABLE Y ALCANTARILLADO DE COSALÁ, SINALOA",,,,5
553,municipal|25|25018|organismo de agua|JUNTA MUNICIPAL DE AGUA POTABLE Y ALCANTARILLADO,2,municipal,25,25018,Navolato,organismo de agua,JUNTA MUNICIPAL DE AGUA POTABLE Y ALCANTARILLADO,high,state:ucA 19/19;level:name-rules;muni:inegi,"JUNTA MUNICIPAL DE AGUA POTABLE Y ALCANTARILLADO DE NAVOLATO, SINALOA",,,,19
555,municipal|08|08037|organismo de agua|JUNTA MUNICIPAL DE AGUA Y SANEAMIENTO,1,municipal,08,08037,Juárez,organismo de agua,JUNTA MUNICIPAL DE AGUA Y SANEAMIENTO,high,state:ucA 94/94;level:name-rules;muni:inegi,JUNTA MUNICIPAL DE AGUA Y SANEAMIENTO DE CIUDAD JUÁREZ CHIHUAHUA,,,,94
556,municipal|28|28041|ayuntamiento|,3,municipal,28,28041,Victoria,ayuntamiento,,high,state:ucA 5/5;level:name-rules;muni:inegi;singleton-body,"MUNICIPIO DE VICTORIA, TAMAULIPAS",,,,5
557,,,federal,,,,organismo,OCEAN GARDEN PRODUCTS INC,n/a,level:ucAfed 1/1,"OCEAN GARDEN PRODUCTS, INC.",,,,1
558,state|06||secretaria|OFICIALIA MAYOR,1,state,06,,,secretaria,OFICIALIA MAYOR,high,state:ucA 12/12;level:name-rules,OFICIALÍA MAYOR DEL GOBIERNO DEL ESTADO DE COLIMA,,,,12
559,municipal|15|15054|organismo de agua|ORGANISMO PUBLICO DESCENTRALIZADO PARA LA PRESTACION DE LOS SERVICIOS DE AGUA POTABLE ALCANTARILLADO Y SANEAMIENTO MEXICO,1,municipal,15,15054,Metepec,organismo de agua,ORGANISMO PUBLICO DESCENTRALIZADO PARA LA PRESTACION DE LOS SERVICIOS DE AGUA POTABLE ALCANTARILLADO Y SANEAMIENTO MEXICO,high,state:ucA 23/23;level:name-rules;muni:inegi,"ORGANISMO PÚBLICO DESCENTRALIZADO PARA LA PRESTACIÓN DE LOS SERVICIOS DE AGUA POTABLE ALCANTARILLADO Y SANEAMIENTO DEL MUNICIPIO DE METEPEC, MÉXICO",,,,23
560,municipal|15|15104|organismo de agua|ORGANISMO PUBLICO DESCENTRALIZADO PARA LA PRESTACION DE SERVICIOS DE AGUA POT ALCANT Y SANEAM MEXICO,1,municipal,15,15104,Tlalnepantla de Baz,organismo de agua,ORGANISMO PUBLICO DESCENTRALIZADO PARA LA PRESTACION DE SERVICIOS DE AGUA POT ALCANT Y SANEAM MEXICO,high,state:ucA 47/47;level:name-rules;muni:inegi,"ORGANISMO PÚBLICO DESCENTRALIZADO PARA LA PRESTACIÓN DE SERVICIOS DE AGUA POT. ALCANT. Y SANEAM. DEL MUNICIPIO DE TLALNEPANTLA DE BAZ, MÉXICO",,,,47
561,state|08||gobierno del estado|,1,state,08,,,gobierno del estado,,high,state:ucA 199/199;level:name-rules;singleton-body,PODER EJECUTIVO DEL GOBIERNO DEL ESTADO DE CHIHUAHUA,,,,199
562,,,federal,,,,organismo,PROCURADURIA AGRARIA,n/a,level:ucfed 2788/2797,PROCURADURÍA AGRARIA,,,,2866
563,,,federal,,,,organismo,PRODUCTORA NACIONAL DE SEMILLAS,n/a,level:ucAfed 2/2,PRODUCTORA NACIONAL DE SEMILLAS,,,,2
564,state|30||organismo|RADIOTELEVISION,1,state,30,,,organismo,RADIOTELEVISION,high,state:ucA 54/54;level:name-rules,RADIOTELEVISIÓN DE VERACRUZ,,,,54
565,state|19||organismo|RED ESTATAL DE AUTOPISTAS,2,state,19,,,organismo,RED ESTATAL DE AUTOPISTAS,high,state:ucA 4/4;level:name-rules,RED ESTATAL DE AUTOPISTAS DE NUEVO LEÓN,,,,4
566,state|10||secretaria|SECRETARIA DE COMUNICACIONES Y OBRAS PUBLICAS,2,state,10,,,secretaria,SECRETARIA DE COMUNICACIONES Y OBRAS PUBLICAS,high,state:ucA 162/162;level:name-rules,SECRETARÍA DE COMUNICACIONES Y OBRAS PÚBLICAS DEL ESTADO DE DURANGO,,,,162
567,state|15||secretaria|SECRETARIA DE DESARROLLO AGROPECUARIO,2,state,15,,,secretaria,SECRETARIA DE DESARROLLO AGROPECUARIO,high,state:ucA 40/40;level:name-rules,SECRETARÍA DE DESARROLLO AGROPECUARIO DEL ESTADO DE MÉXICO,,,,40
568,state|04||secretaria|SECRETARIA DE DESARROLLO RURAL,1,state,04,,,secretaria,SECRETARIA DE DESARROLLO RURAL,high,state:ucA 5/5;level:name-rules,SECRETARÍA DE DESARROLLO RURAL DEL ESTADO DE CAMPECHE,,,,5
569,state|13||secretaria|SECRETARIA DE DESARROLLO SOCIAL,2,state,13,,,secretaria,SECRETARIA DE DESARROLLO SOCIAL,high,state:ucA 73/73;level:name-rules,SECRETARÍA DE DESARROLLO SOCIAL DEL ESTADO DE HIDALGO,,,,73
570,state|06||secretaria|SECRETARIA DE DESARROLLO URBANO,1,state,06,,,secretaria,SECRETARIA DE DESARROLLO URBANO,high,state:ucA 249/249;level:name-rules,SECRETARÍA DE DESARROLLO URBANO DEL ESTADO DE COLIMA,,,,249
571,state|22||secretaria|SECRETARIA DE DESARROLLO URBANO OBRAS PUBLICAS Y ECOLOGIA,1,state,22,,,secretaria,SECRETARIA DE DESARROLLO URBANO OBRAS PUBLICAS Y ECOLOGIA,high,state:ucA 20/20;level:name-rules,SECRETARÍA DE DESARROLLO URBANO OBRAS PÚBLICAS Y ECOLOGÍA DEL ESTADO DE QUERÉTARO,,,,20
572,state|21||secretaria|SECRETARIA DE DESARROLLO EVALUACION Y CONTROL DE LA ADMINISTRACION PUBLICA,1,state,21,,,secretaria,SECRETARIA DE DESARROLLO EVALUACION Y CONTROL DE LA ADMINISTRACION PUBLICA,high,state:ucA 6/6;level:name-rules,"SECRETARÍA DE DESARROLLO, EVALUACIÓN Y CONTROL DE LA ADMINISTRACIÓN PÚBLICA EN EL ESTADO DE PUEBLA",,,,6
573,state|32||secretaria|SECRETARIA DE EDUCACION Y CULTURA,1,state,32,,,secretaria,SECRETARIA DE EDUCACION Y CULTURA,high,state:ucA 6/6;level:name-rules,SECRETARÍA DE EDUCACIÓN Y CULTURA DEL ESTADO DE ZACATECAS,,,,6
574,state|26||secretaria|SECRETARIA DE FINANZAS,1,state,26,,,secretaria,SECRETARIA DE FINANZAS,high,state:ucA 13/13;level:name-rules,SECRETARÍA DE FINANZAS DEL ESTADO DE SONORA,,,,13
575,state|03||secretaria|SECRETARIA DE FINANZAS Y ADMINISTRACION,1,state,03,,,secretaria,SECRETARIA DE FINANZAS Y ADMINISTRACION,high,state:ucA 81/81;level:name-rules,SECRETARÍA DE FINANZAS Y ADMINISTRACIÓN DEL ESTADO DE BAJA CALIFORNIA SUR,,,,81
576,state|30||secretaria|SECRETARIA DE FINANZAS Y PLANEACION,2,state,30,,,secretaria,SECRETARIA DE FINANZAS Y PLANEACION,high,state:ucA 52/52;level:name-rules,SECRETARÍA DE FINANZAS Y PLANEACIÓN DEL ESTADO DE VERACRUZ,,,,52
577,state|19||secretaria|SECRETARIA DE FINANZAS Y TESORERIA GENERAL,1,state,19,,,secretaria,SECRETARIA DE FINANZAS Y TESORERIA GENERAL,high,state:ucA 254/254;level:name-rules,SECRETARÍA DE FINANZAS Y TESORERÍA GENERAL DEL ESTADO DE NUEVO LEÓN,,,,254
578,state|05||secretaria|SECRETARIA DE FOMENTO AGROPECUARIO,1,state,05,,,secretaria,SECRETARIA DE FOMENTO AGROPECUARIO,high,state:ucA 9/9;level:name-rules,SECRETARÍA DE FOMENTO AGROPECUARIO DEL ESTADO DE COAHUILA,,,,9
579,state|29||secretaria|SECRETARIA DE FOMENTO AGROPECUARIO,1,state,29,,,secretaria,SECRETARIA DE FOMENTO AGROPECUARIO,high,state:ucA 1/1;level:name-rules,SECRETARÍA DE FOMENTO AGROPECUARIO DEL ESTADO DE TLAXCALA,,,,1
580,state|05||secretaria|SECRETARIA DE GOBIERNO,1,state,05,,,secretaria,SECRETARIA DE GOBIERNO,high,state:ucA 14/14;level:name-rules,SECRETARÍA DE GOBIERNO DEL ESTADO DE COAHUILA,,,,14
581,state|26||secretaria|SECRETARIA DE INFRAESTRUCTURA URBANA Y ECOLOGIA,1,state,26,,,secretaria,SECRETARIA DE INFRAESTRUCTURA URBANA Y ECOLOGIA,high,state:ucA 31/31;level:name-rules,SECRETARÍA DE INFRAESTRUCTURA URBANA Y ECOLOGÍA DEL ESTADO DE SONORA,,,,31
582,state|02||secretaria|SECRETARIA DE INFRAESTRUCTURA Y DESARROLLO URBANO,2,state,02,,,secretaria,SECRETARIA DE INFRAESTRUCTURA Y DESARROLLO URBANO,high,state:ucA 77/77;level:name-rules,SECRETARÍA DE INFRAESTRUCTURA Y DESARROLLO URBANO DEL ESTADO DE BAJA CALIFORNIA,,,,77
583,state|32||secretaria|SECRETARIA DE OBRAS PUBLICAS,2,state,32,,,secretaria,SECRETARIA DE OBRAS PUBLICAS,high,state:ucA 168/168;level:name-rules,SECRETARÍA DE OBRAS PÚBLICAS DEL ESTADO DE ZACATECAS,,,,168
584,state|03||secretaria|SECRETARIA DE PLANEACION URBANA E INFRAESTRUCTURA,1,state,03,,,secretaria,SECRETARIA DE PLANEACION URBANA E INFRAESTRUCTURA,high,state:ucA 558/558;level:name-rules,SECRETARÍA DE PLANEACIÓN URBANA E INFRAESTRUCTURA DEL ESTADO DE BAJA CALIFORNIA SUR,,,,559
585,state|23||secretaria|SECRETARIA DE TURISMO,2,state,23,,,secretaria,SECRETARIA DE TURISMO,high,state:ucA 4/4;level:name-rules,SECRETARÍA DE TURISMO DEL ESTADO DE QUINTANA ROO,,,,4
586,state|31||secretaria|SECRETARIA GENERAL DE GOBIERNO,2,state,31,,,secretaria,SECRETARIA GENERAL DE GOBIERNO,high,state:ucA 20/20;level:name-rules,SECRETARÍA GENERAL DE GOBIERNO DEL ESTADO DE YUCATÁN,,,,20
587,,,federal,,,,organismo,SERVICIO DE ADMINISTRACION Y ENAJENACION DE BIENES,n/a,level:ucfed 2515/2515,SERVICIO DE ADMINISTRACIÓN Y ENAJENACIÓN DE BIENES,,,,2950
588,state|15||organismo de agua|SERVICIOS DE AGUA POTABLE ALCANTARILLADO Y SANEAMIENTO DE ATIZAPAN DE ZARAGOZA MEXICO,1,state,15,,,organismo de agua,SERVICIOS DE AGUA POTABLE ALCANTARILLADO Y SANEAMIENTO DE ATIZAPAN DE ZARAGOZA MEXICO,high,state:ucA 6/6;level:name-rules,"SERVICIOS DE AGUA POTABLE, ALCANTARILLADO Y SANEAMIENTO DE ATIZAPAN DE ZARAGOZA, MÉXICO",,,,6
589,state|31||servicios de salud|,1,state,31,,,servicios de salud,,high,state:ucA 457/457;level:name-rules;singleton-body,SERVICIOS DE SALUD DE YUCATÁN,,,,458
590,state|19||servicios de salud|,3,state,19,,,servicios de salud,,high,state:ucA 602/602;level:name-rules;singleton-body,SERVICIOS DE SALUD DEL ESTADO DE NUEVO LEÓN,,,,602
591,state|23||servicios de salud|,3,state,23,,,servicios de salud,,high,state:ucA 92/92;level:name-rules;singleton-body,SERVICIOS ESTATALES DE SALUD EN QUINTANA ROO,,,,92
592,state|11||organismo de agua|SISTEMA DE AGUA POTABLE Y ALCANTARILLADO DE LEON,2,state,11,,,organismo de agua,SISTEMA DE AGUA POTABLE Y ALCANTARILLADO DE LEON,high,state:ucA 18/18;level:name-rules,SISTEMA DE AGUA POTABLE Y ALCANTARILLADO DE LEÓN EN EL ESTADO DE GUANAJUATO,,,,18
593,state|11||organismo de agua|SISTEMA DE AGUA POTABLE Y ALCANTARILLADO DE SAN MIGUEL DE ALLENDE,1,state,11,,,organismo de agua,SISTEMA DE AGUA POTABLE Y ALCANTARILLADO DE SAN MIGUEL DE ALLENDE,high,state:ucA 3/3;level:name-rules,"SISTEMA DE AGUA POTABLE Y ALCANTARILLADO DE SAN MIGUEL DE ALLENDE, GUANAJUATO",,,,3
594,state|30||organismo de agua|SISTEMA DE AGUA Y SANEAMIENTO METROPOLITANO BOCA DEL RIO Y MEDELLIN,1,state,30,,,organismo de agua,SISTEMA DE AGUA Y SANEAMIENTO METROPOLITANO BOCA DEL RIO Y MEDELLIN,high,state:ucA 57/57;level:name-rules,"SISTEMA DE AGUA Y SANEAMIENTO METROPOLITANO DE VERACRUZ, BOCA DEL RÍO Y MEDELLÍN",,,,57
595,state|09||organismo de agua|SISTEMA DE AGUAS,1,state,09,,,organismo de agua,SISTEMA DE AGUAS,high,state:ucA 225/225;level:name-rules,SISTEMA DE AGUAS DE LA CIUDAD DE MÉXICO,,,,225
596,,,federal,,,,organismo,SISTEMA DE CENTROS PUBLICOS CONACYT,n/a,level:ucAfed 71/71,SISTEMA DE CENTROS PÚBLICOS CONACYT,,,,72
597,state|14||organismo de agua|SISTEMA DE LOS SERVICIOS DE AGUA POTABLE DRENAJE Y ALCANTARILLADO DE PUERTO VALLARTA,1,state,14,,,organismo de agua,SISTEMA DE LOS SERVICIOS DE AGUA POTABLE DRENAJE Y ALCANTARILLADO DE PUERTO VALLARTA,high,state:ucA 2/2;level:name-rules,"SISTEMA DE LOS SERVICIOS DE AGUA POTABLE DRENAJE Y ALCANTARILLADO DE PUERTO VALLARTA, JALISCO",,,,2
598,state|26||organismo|SISTEMA DE PARQUES INDUSTRIALES,2,state,26,,,organismo,SISTEMA DE PARQUES INDUSTRIALES,high,state:ucA 1/1;level:name-rules,SISTEMA DE PARQUES INDUSTRIALES DEL ESTADO DE SONORA,,,,1
599,state|19||organismo|SISTEMA DE TRANSPORTE COLECTIVO,3,state,19,,,organismo,SISTEMA DE TRANSPORTE COLECTIVO,high,state:ucA 87/87;level:name-rules,SISTEMA DE TRANSPORTE COLECTIVO DEL ESTADO DE NUEVO LEÓN,,,,88
600,state|19||organismo|SISTEMA METROPOLITANO DE PROCESAMIENTO DE DESECHOS SOLIDOS,1,state,19,,,organismo,SISTEMA METROPOLITANO DE PROCESAMIENTO DE DESECHOS SOLIDOS,high,state:ucA 8/8;level:name-rules,SISTEMA METROPOLITANO DE PROCESAMIENTO DE DESECHOS SÓLIDOS DE NUEVO LEÓN,,,,8
601,municipal|07|07101|organismo de agua|SISTEMA MUNICIPAL DE AGUA POTABLE Y ALCANTARILLADO,2,municipal,07,07101,Tuxtla Gutiérrez,organismo de agua,SISTEMA MUNICIPAL DE AGUA POTABLE Y ALCANTARILLADO,high,state:ucA 24/24;level:name-rules;muni:inegi,"SISTEMA MUNICIPAL DE AGUA POTABLE Y ALCANTARILLADO DE TUXTLA GUTIÉRREZ, CHIAPAS",,,,24
602,state|21||organismo de agua|SISTEMA OPERADOR DE LOS SERVICIOS DE AGUA POTABLE Y ALCANTARILLADO DEL MUNICIPIO,1,state,21,,,organismo de agua,SISTEMA OPERADOR DE LOS SERVICIOS DE AGUA POTABLE Y ALCANTARILLADO DEL MUNICIPIO,high,state:uc9 11/11;level:uc9 11/11,SISTEMA OPERADOR DE LOS SERVICIOS DE AGUA POTABLE Y ALCANTARILLADO DEL MUNICIPIO DE PUEBLA,,,,82
603,state|15||tecnologico superior (estatal)|TECNOLOGICO DE ESTUDIOS SUPERIORES DE VILLA GUERRERO,2,state,15,,,tecnologico superior (estatal),TECNOLOGICO DE ESTUDIOS SUPERIORES DE VILLA GUERRERO,high,state:ucA 5/5;state-subsystem;level:name-rules,TECNOLÓGICO DE ESTUDIOS SUPERIORES DE VILLA GUERRERO,,,,5
604,state|18||universidad estatal|UNIVERSIDAD AUTONOMA,2,state,18,,,universidad estatal,UNIVERSIDAD AUTONOMA,high,state:uc9 21/21;level:uc9 21/21,UNIVERSIDAD AUTÓNOMA DE NAYARIT,,,,117
605,state|24||universidad estatal|UNIVERSIDAD AUTONOMA,1,state,24,,,universidad estatal,UNIVERSIDAD AUTONOMA,medium,state:text;level:name-rules,UNIVERSIDAD AUTÓNOMA DE SAN LUIS POTOSÍ,,,,8
606,state|29||universidad estatal|UNIVERSIDAD AUTONOMA,1,state,29,,,universidad estatal,UNIVERSIDAD AUTONOMA,medium,state:text;level:name-rules,UNIVERSIDAD AUTÓNOMA DE TLAXCALA,,,,9
607,,,federal,,,,universidad estatal,UNIVERSIDAD DE GUADALAJARA,n/a,level:name-rules,UNIVERSIDAD DE GUADALAJARA,,,,9
608,state|20||universidad estatal|UNIVERSIDAD DE LA SIERRA SUR,2,state,20,,,universidad estatal,UNIVERSIDAD DE LA SIERRA SUR,medium,state:text;level:name-rules,UNIVERSIDAD DE LA SIERRA SUR EN OAXACA,,,,24
609,state|20||universidad estatal|UNIVERSIDAD DEL ISTMO,3,state,20,,,universidad estatal,UNIVERSIDAD DEL ISTMO,medium,state:text;level:name-rules,UNIVERSIDAD DEL ISTMO EN OAXACA,,,,14
610,state|20||universidad estatal|UNIVERSIDAD DEL PAPALOAPAN,2,state,20,,,universidad estatal,UNIVERSIDAD DEL PAPALOAPAN,medium,state:text;level:name-rules,UNIVERSIDAD DEL PAPALOAPAN EN OAXACA,,,,46
611,state|16||universidad estatal|UNIVERSIDAD DE SAN NICOLAS DE HIDALGO,2,state,16,,,universidad estatal,UNIVERSIDAD DE SAN NICOLAS DE HIDALGO,medium,state:uc9 30/30;text-state-overruled:13;level:uc9 30/30;gentilicio-stripped,UNIVERSIDAD MICHOACANA DE SAN NICOLÁS DE HIDALGO,,,,36
612,,,autonomous,,,,universidad estatal,UNIVERSIDAD NACIONAL AUTONOMA DE MEXICO,n/a,level:name-rules,UNIVERSIDAD NACIONAL AUTÓNOMA DE MÉXICO,,,,40
613,state|27||universidad estatal|UNIVERSIDAD POPULAR DE LA CHONTALPA,2,state,27,,,universidad estatal,UNIVERSIDAD POPULAR DE LA CHONTALPA,medium,state:text;level:name-rules,"UNIVERSIDAD POPULAR DE LA CHONTALPA, TABASCO",,,,2
614,state|05||universidad tecnologica|UNIVERSIDAD TECNOLOGICA,1,state,05,,,universidad tecnologica,UNIVERSIDAD TECNOLOGICA,medium,state:text;state-subsystem;level:name-rules,UNIVERSIDAD TECNOLÓGICA DE COAHUILA,,,,8
616,,,unknown,,,,universidad tecnologica,UNIVERSIDAD TECNOLOGICA DE LA MIXTECA,low,level:name-rules,UNIVERSIDAD TECNOLÓGICA DE LA MIXTECA,,,,31
617,,,federal,,,,organismo,ADMINISTRACION PORTUARIA INTEGRAL DE PUERTO MADERO,n/a,level:ucAfed 2/2,ADMINISTRACIÓN PORTUARIA INTEGRAL DE PUERTO MADERO S.A. DE C.V.,,,,2
618,,,federal,,,,organismo,CIATEC,n/a,level:name-rules,"CIATEC, A.C.",,,,79
619,state|20||colegio de bachilleres|COLEGIO DE BACHILLERES,1,state,20,,,colegio de bachilleres,COLEGIO DE BACHILLERES,high,state:uc9 5/5;level:uc9 5/5,COLEGIO DE BACHILLERES DEL ESTADO DE OAXACA,,,,24
620,state|22||colegio de bachilleres|COLEGIO DE BACHILLERES,1,state,22,,,colegio de bachilleres,COLEGIO DE BACHILLERES,high,state:ucA 50/50;state-subsystem;level:name-rules,COLEGIO DE BACHILLERES DEL ESTADO DE QUERÉTARO,,,,50
621,state|23||colegio de bachilleres|COLEGIO DE BACHILLERES,2,state,23,,,colegio de bachilleres,COLEGIO DE BACHILLERES,high,state:uc9 17/17;level:uc9 17/17,COLEGIO DE BACHILLERES DEL ESTADO DE QUINTANA ROO,,,,117
622,state|31||colegio de bachilleres|COLEGIO DE BACHILLERES,2,state,31,,,colegio de bachilleres,COLEGIO DE BACHILLERES,high,state:uc9 2/2;level:uc9 2/2,COLEGIO DE BACHILLERES DEL ESTADO DE YUCATÁN,,,,9
623,state|03||cecyte|COLEGIO DE ESTUDIOS CIENTIFICOS Y TECNOLOGICOS,1,state,03,,,cecyte,COLEGIO DE ESTUDIOS CIENTIFICOS Y TECNOLOGICOS,high,state:ucA 18/18;state-subsystem;level:name-rules,COLEGIO DE ESTUDIOS CIENTÍFICOS Y TECNOLÓGICOS DEL ESTADO DE BAJA CALIFORNIA SUR,,,,18
624,state|22||cecyte|COLEGIO DE ESTUDIOS CIENTIFICOS Y TECNOLOGICOS,1,state,22,,,cecyte,COLEGIO DE ESTUDIOS CIENTIFICOS Y TECNOLOGICOS,high,state:ucA 20/20;state-subsystem;level:name-rules,COLEGIO DE ESTUDIOS CIENTÍFICOS Y TECNOLÓGICOS DEL ESTADO DE QUERÉTARO,,,,20
626,state|06||organismo de agua|COMISION DEL AGUA,2,state,06,,,organismo de agua,COMISION DEL AGUA,high,state:ucA 23/23;level:name-rules,COMISIÓN ESTATAL DEL AGUA DE COLIMA,,,,23
627,state|20||organismo de agua|COMISION DEL AGUA,2,state,20,,,organismo de agua,COMISION DEL AGUA,high,state:ucA 412/412;level:name-rules,COMISIÓN ESTATAL DEL AGUA DE OAXACA,,,,413
628,state|24||organismo de agua|COMISION DEL AGUA,2,state,24,,,organismo de agua,COMISION DEL AGUA,high,state:ucA 205/205;level:name-rules,COMISIÓN ESTATAL DEL AGUA DE SAN LUIS POTOSÍ,,,,207
629,state|26||organismo de agua|COMISION DEL AGUA,1,state,26,,,organismo de agua,COMISION DEL AGUA,high,state:ucA 132/132;level:name-rules,COMISIÓN ESTATAL DEL AGUA DE SONORA,,,,133
630,state|16||organismo de agua|COMISION DEL AGUA Y GESTION DE CUENCAS,1,state,16,,,organismo de agua,COMISION DEL AGUA Y GESTION DE CUENCAS,high,state:ucA 179/179;level:name-rules,COMISIÓN ESTATAL DEL AGUA Y GESTIÓN DE CUENCAS EN MICHOACÁN,,,,179
631,municipal|06|06010|organismo de agua intermunicipal|COMISION INTERMUNICIPAL DE AGUA POTABLE Y ALCANTARILLADO,1,municipal,06,06010,Villa de Álvarez,organismo de agua intermunicipal,COMISION INTERMUNICIPAL DE AGUA POTABLE Y ALCANTARILLADO,high,state:ucA 37/37;level:name-rules;muni:inegi,COMISIÓN INTERMUNICIPAL DE AGUA POTABLE Y ALCANTARILLADO DE COLIMA-VILLA DE ÁLVAREZ,,,,37
632,municipal|28|28003|organismo de agua|COMISION MUNICIPAL DE AGUA POTABLE Y ALCANTARILLADO,2,municipal,28,28003,Altamira,organismo de agua,COMISION MUNICIPAL DE AGUA POTABLE Y ALCANTARILLADO,high,state:ucA 7/7;level:name-rules;muni:inegi,"COMISIÓN MUNICIPAL DE AGUA POTABLE Y ALCANTARILLADO DE ALTAMIRA, TAMAULIPAS",,,,7
633,municipal|28|TXT:COMISION MUNICIPAL DE AGUA POTABLE Y ALCANTARILLADO DE LA ZONA CONURBADA DE LA DESEMBOCADURA DEL RIO PANUCO EN EL|organismo de agua|COMISION MUNICIPAL DE AGUA POTABLE Y ALCANTARILLADO DE LA ZONA CONURBADA DE LA DESEMBOCADURA DEL RIO PANUCO,1,municipal,28,TXT:COMISION MUNICIPAL DE AGUA POTABLE Y ALCANTARILLADO DE LA ZONA CONURBADA DE LA DESEMBOCADURA DEL RIO PANUCO EN EL,,organismo de agua,COMISION MUNICIPAL DE AGUA POTABLE Y ALCANTARILLADO DE LA ZONA CONURBADA DE LA DESEMBOCADURA DEL RIO PANUCO,low,state:ucA 22/22;level:name-rules;muni:unresolved,COMISIÓN MUNICIPAL DE AGUA POTABLE Y ALCANTARILLADO DE LA ZONA CONURBADA DE LA DESEMBOCADURA DEL RÍO PÁNUCO EN EL ESTADO DE TAMAULIPAS,,,,22
634,,,federal,,,,organismo,COMISION NACIONAL DE PROTECCION SOCIAL EN SALUD,n/a,level:ucfed 139/139,COMISIÓN NACIONAL DE PROTECCIÓN SOCIAL EN SALUD,,,,164
635,state|04||infraestructura educativa|COMITE ADMINISTRADOR DEL PROGRAMA ESTATAL DE CONSTRUCCION DE ESCUELAS,1,state,04,,,infraestructura educativa,COMITE ADMINISTRADOR DEL PROGRAMA ESTATAL DE CONSTRUCCION DE ESCUELAS,high,state:ucA 86/86;level:name-rules,COMITÈ ADMINISTRADOR DEL PROGRAMA ESTATAL DE CONSTRUCCIÒN DE ESCUELAS EN CAMPECHE,,,,86
636,state|06||infraestructura educativa|COMITE ADMINISTRADOR DEL PROGRAMA ESTATAL DE CONSTRUCCION DE ESCUELAS,1,state,06,,,infraestructura educativa,COMITE ADMINISTRADOR DEL PROGRAMA ESTATAL DE CONSTRUCCION DE ESCUELAS,high,state:ucA 17/17;level:name-rules,COMITÉ ADMINISTRADOR DEL PROGRAMA ESTATAL DE CONSTRUCCIÓN DE ESCUELAS EN COLIMA,,,,17
637,state|30||organismo|CONSEJO DE DESARROLLO DEL PAPALOAPAN,3,state,30,,,organismo,CONSEJO DE DESARROLLO DEL PAPALOAPAN,high,state:ucA 1/1;level:name-rules,"CONSEJO DE DESARROLLO DEL PAPALOAPAN, VERACRUZ",,,,1
638,,,federal,,,,organismo,CONSEJO NACIONAL PARA PREVENIR LA DISCRIMINACION,n/a,level:ucfed 2098/2102,CONSEJO NACIONAL PARA PREVENIR LA DISCRIMINACIÓN,,,,2143
639,state|30||secretaria|CONTRALORIA GENERAL,3,state,30,,,secretaria,CONTRALORIA GENERAL,high,state:ucA 63/63;level:name-rules,CONTRALORÍA GENERAL DEL ESTADO DE VERACRUZ,,,,63
640,state|16||organismo|COORDINACION GENERAL DE ESPACIOS EDUCATIVOS,1,state,16,,,organismo,COORDINACION GENERAL DE ESPACIOS EDUCATIVOS,high,state:ucA 20/20;level:name-rules,COORDINACIÓN GENERAL DE ESPACIOS EDUCATIVOS EN MICHOACÁN,,,,20
641,,,federal,,,,organismo,DICONSA SUCURSAL REGIONAL CENTRO,n/a,level:ucAfed 10/10,DICONSA S.A. DE C.V. SUCURSAL REGIONAL CENTRO,,,,10
642,state|24||organismo de agua|DIRECCION DE AGUA POTABLE ALCANTARILLADO Y SANEAMIENTO DE CIUDAD VALLES,1,state,24,,,organismo de agua,DIRECCION DE AGUA POTABLE ALCANTARILLADO Y SANEAMIENTO DE CIUDAD VALLES,high,state:ucA 3/3;level:name-rules,"DIRECCIÓN DE AGUA POTABLE, ALCANTARILLADO Y SANEAMIENTO DE CIUDAD VALLES, SAN LUIS POTOSÍ.",,,,3
643,state|05||organismo|FIDEICOMISO DEL FONDO PARA LA SEGURIDAD PUBLICA,1,state,05,,,organismo,FIDEICOMISO DEL FONDO PARA LA SEGURIDAD PUBLICA,high,state:ucA 42/42;level:name-rules,FIDEICOMISO DEL FONDO PARA LA SEGURIDAD PÚBLICA DEL ESTADO DE COAHUILA,,,,42
644,state|19||organismo|FIDEICOMISO PARQUE FUNDIDORA,1,state,19,,,organismo,FIDEICOMISO PARQUE FUNDIDORA,high,state:ucA 8/8;level:name-rules,"FIDEICOMISO PARQUE FUNDIDORA, NUEVO LEÓN",,,,8
645,,,federal,,,,organismo,FIDEICOMISO PROGRAMA DE MEJORAMIENTO DE LOS MEDIOS DE INFORMATICA Y DE CONTROL DE LAS AUTORIDADES ADUANERAS,n/a,level:ucAfed 94/94,FIDEICOMISO PROGRAMA DE MEJORAMIENTO DE LOS MEDIOS DE INFORMÁTICA Y DE CONTROL DE LAS AUTORIDADES ADUANERAS,,,,94
646,state|26||gobierno del estado|,1,state,26,,,gobierno del estado,,high,state:ucA 3512/3512;level:name-rules;singleton-body,GOBIERNO DEL ESTADO DE SONORA,,,,3513
647,municipal|11|11014|ayuntamiento|,2,municipal,11,11014,Dolores Hidalgo Cuna de la Independencia Nacional,ayuntamiento,,high,state:ucA 1/1;level:name-rules;muni:inegi;singleton-body,"H. AYUNTAMIENTO CONSTITUCIONAL DE DOLORES HIDALGO, GUANAJUATO",,,,1
648,municipal|15|15032|ayuntamiento|,2,municipal,15,15032,Donato Guerra,ayuntamiento,,high,state:ucA 2/2;level:name-rules;muni:inegi;singleton-body,"H. AYUNTAMIENTO CONSTITUCIONAL DE DONATO GUERRA, MÉXICO",,,,2
649,municipal|14|14039|ayuntamiento|,3,municipal,14,14039,Guadalajara,ayuntamiento,,high,state:ucA 21/21;level:name-rules;muni:inegi;singleton-body,H. AYUNTAMIENTO CONSTITUCIONAL DE GUADALAJARA DEL ESTADO DE JALISCO,,,,21
650,municipal|15|15042|ayuntamiento|,2,municipal,15,15042,Ixtlahuaca,ayuntamiento,,high,state:ucA 7/7;level:name-rules;muni:inegi;singleton-body,"H. AYUNTAMIENTO CONSTITUCIONAL DE IXTLAHUACA, ESTADO DE MÉXICO",,,,7
651,municipal|15|15067|ayuntamiento|,2,municipal,15,15067,Otzolotepec,ayuntamiento,,high,state:ucA 16/16;level:name-rules;muni:inegi;singleton-body,"H. AYUNTAMIENTO CONSTITUCIONAL DE OTZOLOTEPEC, ESTADO DE MÉXICO",,,,16
652,municipal|23|23008|ayuntamiento|,2,municipal,23,23008,Playa del Carmen,ayuntamiento,,high,state:ucA 37/37;level:name-rules;muni:inegi;singleton-body,H. AYUNTAMIENTO CONSTITUCIONAL DE SOLIDARIDAD DEL ESTADO DE QUINTANA ROO,,,,37
653,municipal|07|07101|ayuntamiento|,2,municipal,07,07101,Tuxtla Gutiérrez,ayuntamiento,,high,state:ucA 48/48;level:name-rules;muni:inegi;singleton-body,"H. AYUNTAMIENTO CONSTITUCIONAL DE TUXTLA GUTIÉRREZ, CHIAPAS",,,,48
654,municipal|11|11007|ayuntamiento|,2,municipal,11,11007,Celaya,ayuntamiento,,high,state:ucA 31/31;level:name-rules;muni:inegi;singleton-body,"H. AYUNTAMIENTO MUNICIPAL DE CELAYA, GUANAJUATO",,,,31
655,municipal|03|03001|ayuntamiento|,2,municipal,03,03001,Comondú,ayuntamiento,,high,state:ucA 5/5;level:name-rules;muni:inegi;singleton-body,H. AYUNTAMIENTO MUNICIPAL DE COMONDÚ EN BAJA CALIFORNIA SUR,,,,5
656,municipal|17|17007|ayuntamiento|,2,municipal,17,17007,Cuernavaca,ayuntamiento,,high,state:ucA 2/2;level:name-rules;muni:inegi;singleton-body,"H. AYUNTAMIENTO MUNICIPAL DE CUERNAVACA, MORELOS",,,,2
657,municipal|02|02001|ayuntamiento|,3,municipal,02,02001,Ensenada,ayuntamiento,,high,state:ucA 7/7;level:name-rules;muni:inegi;singleton-body,"H. AYUNTAMIENTO MUNICIPAL DE ENSENADA, DEL ESTADO DE BAJA CALIFORNIA",,,,7
658,municipal|26|26029|ayuntamiento|,4,municipal,26,26029,Guaymas,ayuntamiento,,high,state:ucA 22/22;level:name-rules;muni:inegi;singleton-body,"H. AYUNTAMIENTO MUNICIPAL DE GUAYMAS,  SONORA",,,,22
659,municipal|26|26035|ayuntamiento|,2,municipal,26,26035,Imuris,ayuntamiento,,high,state:ucA 1/1;level:name-rules;muni:inegi;singleton-body,"H. AYUNTAMIENTO MUNICIPAL DE IMURIS, SONORA",,,,1
660,municipal|11|11017|ayuntamiento|,2,municipal,11,11017,Irapuato,ayuntamiento,,high,state:ucA 7/7;level:name-rules;muni:inegi;singleton-body,"H. AYUNTAMIENTO MUNICIPAL DE IRAPUATO, GUANAJUATO",,,,7
661,municipal|23|23006|ayuntamiento|,2,municipal,23,23006,José María Morelos,ayuntamiento,,high,state:ucA 9/9;level:name-rules;muni:inegi;singleton-body,"H. AYUNTAMIENTO MUNICIPAL DE JOSE MARÍA MORELOS, QUINTANA ROO",,,,9
662,municipal|11|11020|ayuntamiento|,2,municipal,11,11020,León,ayuntamiento,,high,state:ucA 24/24;level:name-rules;muni:inegi;singleton-body,"H. AYUNTAMIENTO MUNICIPAL DE LEÓN, GUANAJUATO",,,,24
663,municipal|19|19033|ayuntamiento|,2,municipal,19,19033,Linares,ayuntamiento,,high,state:ucA 8/8;level:name-rules;muni:inegi;singleton-body,"H. AYUNTAMIENTO MUNICIPAL DE LINARES, NUEVO LEÓN",,,,8
664,municipal|26|26036|ayuntamiento|,1,municipal,26,26036,Magdalena,ayuntamiento,,high,state:ucA 1/1;level:name-rules;muni:inegi;singleton-body,"H. AYUNTAMIENTO MUNICIPAL DE MAGDALENA, SONORA",,,,1
665,municipal|15|15057|ayuntamiento|,2,municipal,15,15057,Naucalpan de Juárez,ayuntamiento,,high,state:ucA 2/2;level:name-rules;muni:inegi;singleton-body,"H. AYUNTAMIENTO MUNICIPAL DE NAUCALPAN DE JUÁREZ,  ESTADO DE MÉXICO",,,,2
666,municipal|25|25018|ayuntamiento|,3,municipal,25,25018,Navolato,ayuntamiento,,high,state:ucA 2/2;level:name-rules;muni:inegi;singleton-body,"H. AYUNTAMIENTO MUNICIPAL DE NAVOLATO, SINALOA",,,,2
667,municipal|15|15058|ayuntamiento|,2,municipal,15,15058,Nezahualcóyotl,ayuntamiento,,high,state:ucA 55/55;level:name-rules;muni:inegi;singleton-body,"H. AYUNTAMIENTO MUNICIPAL DE NEZAHUALCÓYOTL, ESTADO DE MEXICO",,,,55
668,municipal|26|26043|ayuntamiento|,3,municipal,26,26043,Nogales,ayuntamiento,,high,state:ucA 42/42;level:name-rules;muni:inegi;singleton-body,"H. AYUNTAMIENTO MUNICIPAL DE NOGALES, SONORA",,,,42
669,municipal|28|28032|ayuntamiento|,4,municipal,28,28032,Reynosa,ayuntamiento,,high,state:ucA 237/237;level:name-rules;muni:inegi;singleton-body,H. AYUNTAMIENTO MUNICIPAL DE REYNOSA TAMAULIPAS,,,,238
670,municipal|28|28032|ayuntamiento|,4,municipal,28,28032,Reynosa,ayuntamiento,,high,state:ucA 70/70;level:name-rules;muni:inegi;singleton-body,"H. AYUNTAMIENTO MUNICIPAL DE REYNOSA, TAMAULIPAS",,,,70
671,municipal|15|15074|ayuntamiento|,1,municipal,15,15074,San Felipe del Progreso,ayuntamiento,,high,state:ucA 2/2;level:name-rules;muni:inegi;singleton-body,"H. AYUNTAMIENTO MUNICIPAL DE SAN FELIPE DEL PROGRESO, ESTADO DE MÉXICO",,,,2
672,municipal|24|24028|ayuntamiento|,3,municipal,24,24028,San Luis Potosí,ayuntamiento,,high,state:ucA 30/30;level:name-rules;muni:inegi;singleton-body,H. AYUNTAMIENTO MUNICIPAL DE SAN LUIS POTOSÍ,,,,30
673,municipal|26|26055|ayuntamiento|,2,municipal,26,26055,San Luis Río Colorado,ayuntamiento,,high,state:ucA 13/13;level:name-rules;muni:inegi;singleton-body,"H. AYUNTAMIENTO MUNICIPAL DE SAN LUIS RÍO COLORADO, SONORA",,,,13
674,municipal|26|26056|ayuntamiento|,2,municipal,26,26056,San Miguel de Horcasitas,ayuntamiento,,high,state:ucA 1/1;level:name-rules;muni:inegi;singleton-body,"H. AYUNTAMIENTO MUNICIPAL DE SAN MIGUEL DE HORCASITAS, SONORA",,,,1
675,municipal|15|15106|ayuntamiento|,2,municipal,15,15106,Toluca,ayuntamiento,,high,state:ucA 105/105;level:name-rules;muni:inegi;singleton-body,"H. AYUNTAMIENTO MUNICIPAL DE TOLUCA, ESTADO DE MÉXICO",,,,105
676,municipal|15|15114|ayuntamiento|,2,municipal,15,15114,Villa Victoria,ayuntamiento,,high,state:ucA 6/6;level:name-rules;muni:inegi;singleton-body,"H. AYUNTAMIENTO MUNICIPAL DE VILLA VICTORIA, ESTADO DE MÉXICO",,,,6
677,municipal|15|15122|ayuntamiento|,4,municipal,15,15122,Valle de Chalco Solidaridad,ayuntamiento,,high,state:ucA 26/26;level:name-rules;muni:inegi;singleton-body,"H. AYUNTAMIENTO MUNICIPAL DEL VALLE DE CHALCO SOLIDARIDAD, ESTADO DE MÉXICO",,,,27
678,state|30||organismo|LEGISLATURA DE VERACUZ,1,state,30,,,organismo,LEGISLATURA DE VERACUZ,high,state:ucA 16/16;level:name-rules,H. LEGISLATURA DEL ESTADO DE VERACUZ,,,,16
679,state|19||organismo|TRIBUNAL SUPERIOR DE JUSTICIA,1,state,19,,,organismo,TRIBUNAL SUPERIOR DE JUSTICIA,high,state:ucA 31/31;level:name-rules,H. TRIBUNAL SUPERIOR DE JUSTICIA DEL ESTADO DE NUEVO LEÓN,,,,31
680,state|17||hospital|HOSPITAL DEL NINO,1,state,17,,,hospital,HOSPITAL DEL NINO,medium,state:uc9 6/6;level:uc9 6/6;gentilicio-stripped,HOSPITAL DEL NIÑO MORELENSE,,,,42
681,,,federal,,,,organismo,INSTITUTO DE ADMINISTRACION Y AVALUOS DE BIENES NACIONALES,n/a,level:ucfed 24086/28956,INSTITUTO DE ADMINISTRACIÓN Y AVALÚOS DE BIENES NACIONALES,,,,44472
682,state|05||organismo|INSTITUTO DE CAPACITACION PARA EL TRABAJO,2,state,05,,,organismo,INSTITUTO DE CAPACITACION PARA EL TRABAJO,high,state:ucA 9/9;level:name-rules,INSTITUTO DE CAPACITACIÓN PARA EL TRABAJO DEL ESTADO DE COAHUILA,,,,9
683,state|22||organismo|INSTITUTO DE CAPACITACION PARA EL TRABAJO,1,state,22,,,organismo,INSTITUTO DE CAPACITACION PARA EL TRABAJO,high,state:ucA 1/1;level:name-rules,INSTITUTO DE CAPACITACIÓN PARA EL TRABAJO DEL ESTADO DE QUERÉTARO,,,,1
685,,,federal,,,,organismo,INSTITUTO DE ECOLOGIA,n/a,level:name-rules,INSTITUTO DE ECOLOGÍA A.C.,,,,94
686,state|17||organismo|INSTITUTO DE LA EDUCACION BASICA,1,state,17,,,organismo,INSTITUTO DE LA EDUCACION BASICA,high,state:ucA 15/15;level:name-rules,INSTITUTO DE LA EDUCACIÓN BÁSICA DEL ESTADO DE MORELOS,,,,15
687,state|19||organismo|INSTITUTO DE LA VIVENDA,1,state,19,,,organismo,INSTITUTO DE LA VIVENDA,high,state:ucA 10/10;level:name-rules,INSTITUTO DE LA VIVENDA DE NUEVO LEÓN,,,,10
688,state|11||servicios de salud|,1,state,11,,,servicios de salud,,high,state:uc9 542/542;level:uc9 542/542;singleton-body,INSTITUTO DE SALUD PÚBLICA DEL ESTADO DE GUANAJUATO,,,,608
689,state|27||organismo|INSTITUTO DE SEGURIDAD SOCIAL,2,state,27,,,organismo,INSTITUTO DE SEGURIDAD SOCIAL,high,state:ucA 85/85;level:name-rules,INSTITUTO DE SEGURIDAD SOCIAL DEL ESTADO DE TABASCO,,,,85
690,state|19||organismo|INSTITUTO DE SEGURIDAD Y SERVICIOS SOCIALES DE LOS TRABAJADORES,1,state,19,,,organismo,INSTITUTO DE SEGURIDAD Y SERVICIOS SOCIALES DE LOS TRABAJADORES,high,state:ucA 32/32;level:name-rules,INSTITUTO DE SEGURIDAD Y SERVICIOS SOCIALES DE LOS TRABAJADORES DEL ESTADO DE NUEVO LEÓN,,,,32
691,state|26||organismo|INSTITUTO DE VIVIENDA,1,state,26,,,organismo,INSTITUTO DE VIVIENDA,high,state:ucA 23/23;level:name-rules,INSTITUTO DE VIVIENDA DEL ESTADO DE SONORA,,,,23
693,state|24||infraestructura educativa|INSTITUTO DE CONSTRUCCION DE ESCUELAS,1,state,24,,,infraestructura educativa,INSTITUTO DE CONSTRUCCION DE ESCUELAS,high,state:ucA 47/47;level:name-rules,INSTITUTO ESTATAL DE CONSTRUCCIÓN DE ESCUELAS DE SAN LUIS POTOSÍ,,,,47
694,state|15||organismo|INSTITUTO MATERNO INFANTIL,1,state,15,,,organismo,INSTITUTO MATERNO INFANTIL,high,state:ucA 160/160;level:name-rules,INSTITUTO MATERNO INFANTIL DEL ESTADO DE MÉXICO,,,,160
695,,,federal,,,,organismo,INSTITUTO NACIONAL DE LENGUAS INDIGENAS,n/a,level:ucfed 583/1092,INSTITUTO NACIONAL DE LENGUAS INDÍGENAS,,,,1188
696,,,federal,,,,organismo,INSTITUTO NACIONAL DE MEDICINA GENOMICA,n/a,level:ucfed 2975/3016,INSTITUTO NACIONAL DE MEDICINA GENÓMICA,,,,3226
697,,,federal,,,,organismo,INSTITUTO NACIONAL DE PERINATOLOGIA ISIDRO ESPINOSA DE LOS REYES PARA LA SALUD REPRODUCTIVA Y PERINATAL,n/a,level:ucAfed 1531/1531,"INSTITUTO NACIONAL DE PERINATOLOGÍA ISIDRO ESPINOSA DE LOS REYES, PARA LA SALUD REPRODUCTIVA Y PERINATAL",,,,1531
698,,,federal,22,,,instituto tecnologico (TecNM federal),INSTITUTO TECNOLOGICO DE SAN JUAN DEL RIO,n/a,state:ucA 1/1;TecNM campus;level:name-rules,"INSTITUTO TECNOLÓGICO DE SAN JUAN DEL RÍO, QUERÉTARO",,,,1
700,state|05||tecnologico superior (estatal)|INSTITUTO TECNOLOGICO SUPERIOR DE MONCLOVA,1,state,05,,,tecnologico superior (estatal),INSTITUTO TECNOLOGICO SUPERIOR DE MONCLOVA,high,state:ucA 1/1;state-subsystem;level:name-rules,"INSTITUTO TECNOLÓGICO SUPERIOR DE MONCLOVA, COAHUILA",,,,1
701,state|30||organismo|INSTITUTO DE FOMENTO AL DESARROLLO REGIONAL,1,state,30,,,organismo,INSTITUTO DE FOMENTO AL DESARROLLO REGIONAL,medium,state:ucA 14/14;level:name-rules;gentilicio-stripped,INSTITUTO VERACRUZANO DE FOMENTO AL DESARROLLO REGIONAL,,,,14
702,state|32||organismo|INSTITUTO DE EDUCACION PARA ADULTOS,2,state,32,,,organismo,INSTITUTO DE EDUCACION PARA ADULTOS,medium,state:ucA 5/5;level:name-rules;gentilicio-stripped,INSTITUTO ZACATECANO DE EDUCACIÓN PARA ADULTOS,,,,5
703,municipal|25|25001|organismo de agua|JUNTA DE AGUA POTABLE Y ALCANTARILLADO,2,municipal,25,25001,Ahome,organismo de agua,JUNTA DE AGUA POTABLE Y ALCANTARILLADO,high,state:ucA 55/55;level:name-rules;muni:inegi,"JUNTA DE AGUA POTABLE Y ALCANTARILLADO DEL MUNICIPIO DE AHOME, SINALOA",,,,55
704,state|15||organismo|JUNTA DE CAMINOS,2,state,15,,,organismo,JUNTA DE CAMINOS,high,state:ucA 90/90;level:name-rules,JUNTA DE CAMINOS DEL ESTADO DE MÉXICO,,,,92
705,state|31||organismo|JUNTA DE ELECTRIFICACION,2,state,31,,,organismo,JUNTA DE ELECTRIFICACION,high,state:ucA 55/55;level:name-rules,JUNTA DE ELECTRIFICACIÓN DE YUCATÁN,,,,55
706,state|15||organismo|JUNTA DE ELECTRIFICACION,1,state,15,,,organismo,JUNTA DE ELECTRIFICACION,high,state:ucA 26/26;level:name-rules,JUNTA DE ELECTRIFICACIÓN DEL ESTADO DE MÉXICO,,,,27
707,state|24||organismo|JUNTA DE CAMINOS,3,state,24,,,organismo,JUNTA DE CAMINOS,high,state:ucA 192/192;level:name-rules,JUNTA ESTATAL DE CAMINOS DE SAN LUIS POTOSÍ,,,,192
709,municipal|11|11007|organismo de agua|JUNTA MUNICIPAL DE AGUA POTABLE Y ALCANTARILLADO,3,municipal,11,11007,Celaya,organismo de agua,JUNTA MUNICIPAL DE AGUA POTABLE Y ALCANTARILLADO,high,state:ucA 9/9;level:name-rules;muni:inegi,"JUNTA MUNICIPAL DE AGUA POTABLE Y ALCANTARILLADO DE CELAYA, GUANAJUATO",,,,9
710,municipal|25|25004|organismo de agua|JUNTA MUNICIPAL DE AGUA POTABLE Y ALCANTARILLADO,2,municipal,25,25004,Concordia,organismo de agua,JUNTA MUNICIPAL DE AGUA POTABLE Y ALCANTARILLADO,high,state:ucA 3/3;level:name-rules;muni:inegi,"JUNTA MUNICIPAL DE AGUA POTABLE Y ALCANTARILLADO DE CONCORDIA, SINALOA",,,,3
711,municipal|25|25008|organismo de agua|JUNTA MUNICIPAL DE AGUA POTABLE Y ALCANTARILLADO,1,municipal,25,25008,Elota,organismo de agua,JUNTA MUNICIPAL DE AGUA POTABLE Y ALCANTARILLADO,high,state:ucA 13/13;level:name-rules;muni:inegi,"JUNTA MUNICIPAL DE AGUA POTABLE Y ALCANTARILLADO DE ELOTA, SINALOA",,,,13
712,municipal|25|25009|organismo de agua|JUNTA MUNICIPAL DE AGUA POTABLE Y ALCANTARILLADO,1,municipal,25,25009,Escuinapa,organismo de agua,JUNTA MUNICIPAL DE AGUA POTABLE Y ALCANTARILLADO,high,state:ucA 1/1;level:name-rules;muni:inegi,"JUNTA MUNICIPAL DE AGUA POTABLE Y ALCANTARILLADO DE ESCUINAPA, SINALOA",,,,1
713,municipal|25|25012|organismo de agua|JUNTA MUNICIPAL DE AGUA POTABLE Y ALCANTARILLADO,2,municipal,25,25012,Mazatlán,organismo de agua,JUNTA MUNICIPAL DE AGUA POTABLE Y ALCANTARILLADO,high,state:uc8 7/7;level:uc8 7/7;muni:inegi,"JUNTA MUNICIPAL DE AGUA POTABLE Y ALCANTARILLADO DE MAZATLÁN, SINALOA",,,,53
714,municipal|25|25013|organismo de agua|JUNTA MUNICIPAL DE AGUA POTABLE Y ALCANTARILLADO,2,municipal,25,25013,Mocorito,organismo de agua,JUNTA MUNICIPAL DE AGUA POTABLE Y ALCANTARILLADO,high,state:ucA 9/9;level:name-rules;muni:inegi,"JUNTA MUNICIPAL DE AGUA POTABLE Y ALCANTARILLADO DE MOCORITO, SINALOA",,,,9
715,municipal|25|25016|organismo de agua|JUNTA MUNICIPAL DE AGUA POTABLE Y ALCANTARILLADO,2,municipal,25,25016,San Ignacio,organismo de agua,JUNTA MUNICIPAL DE AGUA POTABLE Y ALCANTARILLADO,high,state:ucA 2/2;level:name-rules;muni:inegi,"JUNTA MUNICIPAL DE AGUA POTABLE Y ALCANTARILLADO DE SAN IGNACIO, SINALOA",,,,2
716,municipal|25|25017|organismo de agua|JUNTA MUNICIPAL DE AGUA POTABLE Y ALCANTARILLADO,1,municipal,25,25017,Sinaloa,organismo de agua,JUNTA MUNICIPAL DE AGUA POTABLE Y ALCANTARILLADO,high,state:ucA 19/19;level:name-rules;muni:inegi,JUNTA MUNICIPAL DE AGUA POTABLE Y ALCANTARILLADO DE SINALOA,,,,19
717,municipal|08|08019|organismo de agua|JUNTA MUNICIPAL DE AGUA Y SANEAMIENTO DE DELICIAS,1,municipal,08,08019,Chihuahua,organismo de agua,JUNTA MUNICIPAL DE AGUA Y SANEAMIENTO DE DELICIAS,high,state:ucA 2/2;level:name-rules;muni:inegi,JUNTA MUNICIPAL DE AGUA Y SANEAMIENTO DE DELICIAS CHIHUAHUA,,,,2
718,municipal|08|08021|organismo de agua|JUNTA MUNICIPAL DE AGUA Y SANEAMIENTO,1,municipal,08,08021,Delicias,organismo de agua,JUNTA MUNICIPAL DE AGUA Y SANEAMIENTO,high,state:ucA 35/35;level:name-rules;muni:inegi,"JUNTA MUNICIPAL DE AGUA Y SANEAMIENTO DE DELICIAS, CHIHUAHUA",,,,35
719,municipal|25|25007|ayuntamiento|,2,municipal,25,25007,Choix,ayuntamiento,,high,state:ucA 4/4;level:name-rules;muni:inegi;singleton-body,"MUNICIPIO DE CHOIX, SINALOA",,,,4
720,municipal|22|22014|ayuntamiento|,4,municipal,22,22014,Querétaro,ayuntamiento,,high,state:ucA 115/115;level:name-rules;muni:inegi;singleton-body,MUNICIPIO DE QUERÉTARO,,,,115
721,municipal|05|05027|ayuntamiento|,2,municipal,05,05027,Ramos Arizpe,ayuntamiento,,high,state:ucA 30/30;level:name-rules;muni:inegi;singleton-body,"MUNICIPIO DE RAMOS ARIZPE, COAHUILA",,,,30
722,municipal|20|20356|ayuntamiento|,1,municipal,20,20356,Santa Ana del Valle,ayuntamiento,,high,state:ucA 1/1;level:name-rules;muni:inegi;singleton-body,"MUNICIPIO DE SANTA ANA DEL VALLE, OAXACA",,,,1
723,municipal|31|31096|ayuntamiento|,3,municipal,31,31096,Tizimín,ayuntamiento,,high,state:ucA 64/64;level:name-rules;muni:inegi;singleton-body,MUNICIPIO DE TIZIMÍN DEL ESTADO DE YUCATÁN,,,,64
724,state|19||organismo|MUSEO DE HISTORIA MEXICANA,2,state,19,,,organismo,MUSEO DE HISTORIA MEXICANA,high,state:ucA 17/17;level:name-rules,MUSEO DE HISTORIA MEXICANA DEL ESTADO DE NUEVO LEÓN,,,,17
725,state|30||organismo|CARRETERAS Y PUENTES ESTATALES DE CUOTA,1,state,30,,,organismo,CARRETERAS Y PUENTES ESTATALES DE CUOTA,high,state:ucA 17/17;level:name-rules,O.P.D. CARRETERAS Y PUENTES ESTATALES DE CUOTA DE VERACRUZ,,,,17
726,state|14||hospital|HOSPITAL CIVIL DE GUADALAJARA,2,state,14,,,hospital,HOSPITAL CIVIL DE GUADALAJARA,high,state:ucA 53/53;level:name-rules,"O.P.D. HOSPITAL CIVIL DE GUADALAJARA, JALISCO",,,,53
727,state|30||organismo|MAQUINARIA,1,state,30,,,organismo,MAQUINARIA,high,state:ucA 1/1;level:name-rules,O.P.D. MAQUINARIA DE VERACRUZ,,,,1
728,state|17||secretaria|OFICIALIA MAYOR,1,state,17,,,secretaria,OFICIALIA MAYOR,high,state:ucA 56/56;level:name-rules,OFICIALÍA MAYOR DEL GOBIERNO DEL ESTADO DE MORELOS,,,,56
729,state|19||secretaria|OFICIALIA MAYOR,1,state,19,,,secretaria,OFICIALIA MAYOR,high,state:ucA 545/545;level:name-rules,OFICIALÍA MAYOR DEL GOBIERNO DEL ESTADO DE NUEVO LEÓN,,,,545
730,state|23||secretaria|OFICIALIA MAYOR,2,state,23,,,secretaria,OFICIALIA MAYOR,high,state:ucA 187/187;level:name-rules,OFICIALÍA MAYOR DEL GOBIERNO DEL ESTADO DE QUINTANA ROO,,,,187
731,state|31||secretaria|OFICIALIA MAYOR DEL PODER EJECUTIVO,1,state,31,,,secretaria,OFICIALIA MAYOR DEL PODER EJECUTIVO,high,state:ucA 13/13;level:name-rules,OFICIALÍA MAYOR DEL PODER EJECUTIVO DEL ESTADO DE YUCATÁN,,,,13
732,state|15||organismo de agua|ORGANISMO DESCENTRALIZADO DE AGUA POTABLE ALCANTARILLADO Y SANEAMIENTO DE NEZAHUALCOYOTL,1,state,15,,,organismo de agua,ORGANISMO DESCENTRALIZADO DE AGUA POTABLE ALCANTARILLADO Y SANEAMIENTO DE NEZAHUALCOYOTL,high,state:ucA 3/3;level:name-rules,"ORGANISMO DESCENTRALIZADO DE AGUA POTABLE, ALCANTARILLADO Y SANEAMIENTO DE NEZAHUALCÓYOTL, ESTADO DE MÉXICO",,,,3
733,state|24||organismo de agua|ORGANISMO INTERMUN MET DE AGUA POT ALCANT SANEAM Y SERVS CONEXOS DE LOS MPIOS DE CERRO SAN PEDRO SOLEDAD DE GRACIANO SANCHEZ,1,state,24,,,organismo de agua,ORGANISMO INTERMUN MET DE AGUA POT ALCANT SANEAM Y SERVS CONEXOS DE LOS MPIOS DE CERRO SAN PEDRO SOLEDAD DE GRACIANO SANCHEZ,high,state:ucA 95/95;level:name-rules,"ORGANISMO INTERMUN. MET. DE AGUA POT, ALCANT. SANEAM. Y SERVS. CONEXOS DE LOS MPIOS. DE CERRO SAN PEDRO, SAN LUIS POTOSÍ, SOLEDAD DE GRACIANO SÁNCHEZ",,,,95
734,municipal|26|26018|organismo de agua|ORGANISMO OPERADOR MUNICIPAL DE AGUA POTABLE ALCANTARILLADO Y SANEAMIENTO,1,municipal,26,26018,Cajeme,organismo de agua,ORGANISMO OPERADOR MUNICIPAL DE AGUA POTABLE ALCANTARILLADO Y SANEAMIENTO,high,state:ucA 35/35;level:name-rules;muni:inegi,"ORGANISMO OPERADOR MUNICIPAL DE AGUA POTABLE, ALCANTARILLADO Y SANEAMIENTO DE CAJEME, SONORA",,,,35
735,state|15||organismo de agua|ORGANISMO PUBLICO DESCENTRALIZADO DE AGUA POTABLE ALCANTARILLADO Y SANEAMIENTO DE METEPEC,1,state,15,,,organismo de agua,ORGANISMO PUBLICO DESCENTRALIZADO DE AGUA POTABLE ALCANTARILLADO Y SANEAMIENTO DE METEPEC,high,state:ucA 11/11;level:name-rules,"ORGANISMO PÚBLICO DESCENTRALIZADO DE AGUA POTABLE, ALCANTARILLADO Y SANEAMIENTO DE METEPEC, ESTADO DE MÉXICO",,,,11
736,state|15||fiscalia/procuraduria|PROCURADURIA GENERAL DE JUSTICIA,2,state,15,,,fiscalia/procuraduria,PROCURADURIA GENERAL DE JUSTICIA,high,state:ucA 31/31;level:name-rules,PROCURADURÍA GENERAL DE JUSTICIA DEL ESTADO DE MÉXICO,,,,31
737,state|08||secretaria|SECRETARIA DE ADMINISTRACION,1,state,08,,,secretaria,SECRETARIA DE ADMINISTRACION,high,state:ucA 17/17;level:name-rules,SECRETARÍA DE ADMINISTRACIÓN DEL ESTADO DE CHIHUAHUA,,,,17
738,state|13||secretaria|SECRETARIA DE ADMINISTRACION,2,state,13,,,secretaria,SECRETARIA DE ADMINISTRACION,high,state:ucA 1060/1060;level:name-rules,SECRETARÍA DE ADMINISTRACIÓN DEL ESTADO DE HIDALGO,,,,1060
739,state|20||secretaria|SECRETARIA DE ADMINISTRACION,2,state,20,,,secretaria,SECRETARIA DE ADMINISTRACION,high,state:ucA 153/153;level:name-rules,SECRETARÍA DE ADMINISTRACIÓN DEL ESTADO DE OAXACA,,,,153
740,state|28||secretaria|SECRETARIA DE ADMINISTRACION,4,state,28,,,secretaria,SECRETARIA DE ADMINISTRACION,high,state:ucA 242/242;level:name-rules,SECRETARÍA DE ADMINISTRACIÓN DEL GOBIERNO DEL ESTADO DE TAMAULIPAS,,,,242
741,state|25||secretaria|SECRETARIA DE AGRICULTURA GANADERIA Y PESCA,1,state,25,,,secretaria,SECRETARIA DE AGRICULTURA GANADERIA Y PESCA,high,state:ucA 1/1;level:name-rules,"SECRETARÍA DE AGRICULTURA, GANADERÍA Y PESCA DEL ESTADO DE SINALOA",,,,1
742,state|15||organismo de agua|SECRETARIA DE AGUA OBRA PUBLICA E INFRAESTRUCTURA PARA EL DESARROLLO,1,state,15,,,organismo de agua,SECRETARIA DE AGUA OBRA PUBLICA E INFRAESTRUCTURA PARA EL DESARROLLO,high,state:ucA 33/33;level:name-rules,"SECRETARÍA DE AGUA, OBRA PÚBLICA E INFRAESTRUCTURA PARA EL DESARROLLO DEL ESTADO DE MÉXICO",,,,35
743,state|15||secretaria|SECRETARIA DE COMUNICACIONES,2,state,15,,,secretaria,SECRETARIA DE COMUNICACIONES,high,state:ucA 69/69;level:name-rules,SECRETARÍA DE COMUNICACIONES DEL ESTADO DE MÉXICO,,,,69
744,state|25||secretaria|SECRETARIA DE COMUNICACIONES Y OBRAS PUBLICAS,1,state,25,,,secretaria,SECRETARIA DE COMUNICACIONES Y OBRAS PUBLICAS,high,state:ucA 143/143;level:name-rules,SECRETARÍA DE COMUNICACIONES Y OBRAS PÚBLICAS DEL ESTADO DE SINALOA,,,,143
745,state|32||secretaria|SECRETARIA DE DESARROLLO AGROPECUARIO,1,state,32,,,secretaria,SECRETARIA DE DESARROLLO AGROPECUARIO,high,state:ucA 9/9;level:name-rules,SECRETARÍA DE DESARROLLO AGROPECUARIO DEL ESTADO DE ZACATECAS,,,,9
746,state|30||secretaria|SECRETARIA DE DESARROLLO AGROPECUARIO RURAL FORESTAL PESCA Y ALIMENTACION,2,state,30,,,secretaria,SECRETARIA DE DESARROLLO AGROPECUARIO RURAL FORESTAL PESCA Y ALIMENTACION,high,state:ucA 3/3;level:name-rules,"SECRETARIA DE DESARROLLO AGROPECUARIO RURAL, FORESTAL, PESCA  Y ALIMENTACIÓN DEL ESTADO DE VERACRUZ",,,,3
747,state|24||secretaria|SECRETARIA DE DESARROLLO AGROPECUARIO Y RECURSOS HIDRAULICOS,2,state,24,,,secretaria,SECRETARIA DE DESARROLLO AGROPECUARIO Y RECURSOS HIDRAULICOS,high,state:ucA 7/7;level:name-rules,SECRETARÍA DE DESARROLLO AGROPECUARIO Y RECURSOS HIDRÁULICOS DEL ESTADO DE SAN LUIS POTOSÍ,,,,7
748,state|21||secretaria|SECRETARIA DE DESARROLLO URBANO Y OBRAS PUBLICAS,1,state,21,,,secretaria,SECRETARIA DE DESARROLLO URBANO Y OBRAS PUBLICAS,high,state:ucA 124/124;level:name-rules,SECRETARÍA DE DESARROLLO URBANO Y OBRAS PÚBLICAS DEL ESTADO DE PUEBLA,,,,124
749,state|22||secretaria|SECRETARIA DE DESARROLLO URBANO Y OBRAS PUBLICAS,2,state,22,,,secretaria,SECRETARIA DE DESARROLLO URBANO Y OBRAS PUBLICAS,high,state:ucA 52/52;level:name-rules,SECRETARÍA DE DESARROLLO URBANO Y OBRAS PÚBLICAS DEL ESTADO DE QUERÉTARO,,,,52
750,state|24||secretaria|SECRETARIA DE DESARROLLO URBANO VIVIENDA Y OBRAS PUBLICAS,2,state,24,,,secretaria,SECRETARIA DE DESARROLLO URBANO VIVIENDA Y OBRAS PUBLICAS,high,state:ucA 91/91;level:name-rules,"SECRETARÍA DE DESARROLLO URBANO, VIVIENDA Y OBRAS PÚBLICAS DEL ESTADO DE  SAN LUIS POTOSÍ",,,,91
751,state|15||secretaria|SECRETARIA DE ECOLOGIA,1,state,15,,,secretaria,SECRETARIA DE ECOLOGIA,high,state:ucA 1/1;level:name-rules,SECRETARÍA DE ECOLOGÍA DEL ESTADO DE MÉXICO,,,,1
752,state|31||secretaria|SECRETARIA DE EDUCACION,2,state,31,,,secretaria,SECRETARIA DE EDUCACION,high,state:ucA 168/168;level:name-rules,SECRETARÍA DE EDUCACIÓN DEL ESTADO DE YUCATÁN,,,,169
753,state|05||secretaria|SECRETARIA DE FINANZAS,3,state,05,,,secretaria,SECRETARIA DE FINANZAS,high,state:ucA 156/156;level:name-rules,SECRETARÍA DE FINANZAS DEL ESTADO DE COAHUILA,,,,156
754,state|27||secretaria|SECRETARIA DE FINANZAS,1,state,27,,,secretaria,SECRETARIA DE FINANZAS,high,state:ucA 7/7;level:name-rules,SECRETARÍA DE FINANZAS DEL ESTADO DE TABASCO,,,,7
755,state|15||secretaria|SECRETARIA DE FINANZAS PLANEACION Y ADMINISTRACION,1,state,15,,,secretaria,SECRETARIA DE FINANZAS PLANEACION Y ADMINISTRACION,high,state:ucA 175/175;level:name-rules,"SECRETARÌA DE FINANZAS, PLANEACIÓN Y ADMINISTRACIÓN DEL ESTADO DE MÉXICO",,,,175
756,state|01||secretaria|SECRETARIA DE GESTION E INNOVACION,1,state,01,,,secretaria,SECRETARIA DE GESTION E INNOVACION,high,state:ucA 142/142;level:name-rules,SECRETARÍA DE GESTIÓN E INNOVACIÓN DEL ESTADO DE AGUASCALIENTES,,,,142
757,state|26||secretaria|SECRETARIA DE HACIENDA,2,state,26,,,secretaria,SECRETARIA DE HACIENDA,high,state:ucA 18/18;level:name-rules,SECRETARÍA DE HACIENDA DEL ESTADO DE SONORA,,,,18
758,state|31||secretaria|SECRETARIA DE HACIENDA,1,state,31,,,secretaria,SECRETARIA DE HACIENDA,high,state:ucA 20/20;level:name-rules,SECRETARÍA DE HACIENDA DEL ESTADO DE YUCATÁN,,,,20
759,state|15||secretaria|SECRETARIA DE LA CONTRALORIA,2,state,15,,,secretaria,SECRETARIA DE LA CONTRALORIA,high,state:ucA 31/31;level:name-rules,SECRETARÍA DE LA CONTRALORÍA  DEL ESTADO DE MÉXICO,,,,31
760,state|05||secretaria|SECRETARIA DE LA CONTRALORIA Y MODERNIZACION ADMINISTRATIVA,1,state,05,,,secretaria,SECRETARIA DE LA CONTRALORIA Y MODERNIZACION ADMINISTRATIVA,high,state:ucA 28/28;level:name-rules,SECRETARIA DE LA CONTRALORÍA Y MODERNIZACIÓN ADMINISTRATIVA DEL ESTADO DE COAHUILA,,,,28
761,state|19||secretaria|SECRETARIA DE OBRAS PUBLICAS,1,state,19,,,secretaria,SECRETARIA DE OBRAS PUBLICAS,high,state:ucA 230/230;level:name-rules,SECRETARÍA DE OBRAS PÚBLICAS DEL ESTADO DE NUEVO LEÓN,,,,231
762,state|20||secretaria|SECRETARIA DE OBRAS PUBLICAS,1,state,20,,,secretaria,SECRETARIA DE OBRAS PUBLICAS,high,state:ucA 14/14;level:name-rules,SECRETARÍA DE OBRAS PÚBLICAS DEL ESTADO DE OAXACA,,,,14
763,state|07||secretaria|SECRETARIA DE OBRAS PUBLICAS Y VIVIENDA,1,state,07,,,secretaria,SECRETARIA DE OBRAS PUBLICAS Y VIVIENDA,high,state:ucA 42/42;level:name-rules,SECRETARÍA DE OBRAS PÚBLICAS Y VIVIENDA DEL ESTADO DE CHIAPAS,,,,42
764,state|28||secretaria|SECRETARIA DE OBRAS PUBLICAS DESARROLLO URBANO Y ECOLOGIA,1,state,28,,,secretaria,SECRETARIA DE OBRAS PUBLICAS DESARROLLO URBANO Y ECOLOGIA,high,state:ucA 426/426;level:name-rules,"SECRETARÍA DE OBRAS PÚBLICAS, DESARROLLO URBANO Y ECOLOGÍA DEL ESTADO DE TAMAULIPAS",,,,426
765,state|04||secretaria|SECRETARIA DE PESCA,1,state,04,,,secretaria,SECRETARIA DE PESCA,high,state:ucA 3/3;level:name-rules,SECRETARÍA DE PESCA DEL ESTADO DE CAMPECHE,,,,3
766,state|03||secretaria|SECRETARIA DE PROMOCION Y DESARROLLO ECONOMICO,1,state,03,,,secretaria,SECRETARIA DE PROMOCION Y DESARROLLO ECONOMICO,high,state:ucA 3/3;level:name-rules,SECRETARÍA DE PROMOCIÓN Y DESARROLLO ECONÓMICO DEL ESTADO DE BAJA CALIFORNIA SUR,,,,3
767,state|10||secretaria|SECRETARIA DE RECURSOS NATURALES Y MEDIO AMBIENTE,2,state,10,,,secretaria,SECRETARIA DE RECURSOS NATURALES Y MEDIO AMBIENTE,high,state:ucA 29/29;level:name-rules,SECRETARÍA DE RECURSOS NATURALES Y MEDIO AMBIENTE DEL ESTADO DE DURANGO,,,,29
768,state|30||secretaria|SECRETARIA DE SEGURIDAD PUBLICA,1,state,30,,,secretaria,SECRETARIA DE SEGURIDAD PUBLICA,high,state:ucA 44/44;level:name-rules,SECRETARÍA DE SEGURIDAD PÚBLICA EN EL ESTADO DE VERACRUZ,,,,44
769,,,federal,,,,organismo,SERVICIO GEOLOGICO MEXICANO,n/a,level:ucfed 4175/4190,SERVICIO GEOLÓGICO MEXICANO,,,,4490
770,state|24||organismo de agua|SERVICIOS DE AGUA POTABLE ALCANTARILLADO Y SANEAMIENTO DE MATEHUALA,2,state,24,,,organismo de agua,SERVICIOS DE AGUA POTABLE ALCANTARILLADO Y SANEAMIENTO DE MATEHUALA,high,state:ucA 19/19;level:name-rules,"SERVICIOS DE AGUA POTABLE, ALCANTARILLADO Y SANEAMIENTO DE MATEHUALA, SAN LUIS POTOSÍ",,,,19
771,,,federal,,,,organismo,SERVICIOS DE ATENCION PSIQUIATRICA,n/a,level:ucfed 1669/1669,SERVICIOS DE ATENCIÓN PSIQUIÁTRICA,,,,2023
772,state|05||servicios de salud|,2,state,05,,,servicios de salud,,high,state:uc9 25/25;level:uc9 25/25;singleton-body,SERVICIOS DE SALUD DE COAHUILA,,,,77
773,state|16||servicios de salud|,1,state,16,,,servicios de salud,,high,state:ucA 470/470;level:name-rules;singleton-body,SERVICIOS DE SALUD DE MICHOACÁN,,,,470
774,state|24||servicios de salud|,1,state,24,,,servicios de salud,,high,state:ucA 1524/1524;level:name-rules;singleton-body,SERVICIOS DE SALUD DE SAN LUIS POTOSÍ,,,,1524
775,state|25||servicios de salud|,1,state,25,,,servicios de salud,,high,state:ucA 98/98;level:name-rules;singleton-body,SERVICIOS DE SALUD DE SINALOA,,,,98
776,state|26||servicios de salud|,1,state,26,,,servicios de salud,,high,state:ucA 174/174;level:name-rules;singleton-body,SERVICIOS DE SALUD DE SONORA,,,,174
777,state|32||servicios de salud|,1,state,32,,,servicios de salud,,high,state:uc9 4/4;level:uc9 4/4;singleton-body,SERVICIOS DE SALUD DE ZACATECAS,,,,389
778,state|15||organismo|SERVICIOS EDUCATIVOS INTEGRADOS AL,2,state,15,,,organismo,SERVICIOS EDUCATIVOS INTEGRADOS AL,high,state:ucA 229/229;level:name-rules,SERVICIOS EDUCATIVOS INTEGRADOS AL ESTADO DE MÉXICO,,,,229
779,state|23||organismo|SERVICIOS EDUCATIVOS Y CULTURALES,1,state,23,,,organismo,SERVICIOS EDUCATIVOS Y CULTURALES,high,state:ucA 67/67;level:name-rules,SERVICIOS EDUCATIVOS Y CULTURALES DEL ESTADO DE QUINTANA ROO,,,,67
780,state|03||organismo de agua|SISTEMA DE AGUA POTABLE Y ALCANTARILLADO DE LA PAZ,1,state,03,,,organismo de agua,SISTEMA DE AGUA POTABLE Y ALCANTARILLADO DE LA PAZ,high,state:ucA 7/7;level:name-rules,SISTEMA DE AGUA POTABLE Y ALCANTARILLADO DE LA PAZ EN BAJA CALIFORNIA SUR,,,,7
781,state|16||organismo de agua|SISTEMA DE AGUA POTABLE ALCANTARILLADO DE ZAMORA,1,state,16,,,organismo de agua,SISTEMA DE AGUA POTABLE ALCANTARILLADO DE ZAMORA,high,state:ucA 4/4;level:name-rules,"SISTEMA DE AGUA POTABLE, ALCANTARILLADO DE ZAMORA, MICHOACÁN",,,,4
782,state|19||organismo|SISTEMA DE CAMINOS,2,state,19,,,organismo,SISTEMA DE CAMINOS,high,state:ucA 70/70;level:name-rules,SISTEMA DE CAMINOS DE NUEVO LEÓN,,,,70
783,state|10||organismo de agua|SISTEMA DESCENTRALIZADO DE AGUA POTABLE Y ALCANTARILLADO,1,state,10,,,organismo de agua,SISTEMA DESCENTRALIZADO DE AGUA POTABLE Y ALCANTARILLADO,high,state:ucA 2/2;level:name-rules,SISTEMA DESCENTRALIZADO DE AGUA POTABLE Y ALCANTARILLADO DEL ESTADO DE DURANGO,,,,2
784,municipal|04|04003|organismo de agua|SISTEMA MUNICIPAL DE AGUA POTABLE Y ALCANTARILLADO,1,municipal,04,04003,Carmen,organismo de agua,SISTEMA MUNICIPAL DE AGUA POTABLE Y ALCANTARILLADO,high,state:ucA 29/29;level:name-rules;muni:inegi,"SISTEMA MUNICIPAL DE AGUA POTABLE Y ALCANTARILLADO DE CARMEN, CAMPECHE",,,,29
785,municipal|05|05025|organismo de agua|SISTEMA MUNICIPAL DE AGUAS Y SANEAMIENTO,1,municipal,05,05025,Piedras Negras,organismo de agua,SISTEMA MUNICIPAL DE AGUAS Y SANEAMIENTO,high,state:ucA 3/3;level:name-rules;muni:inegi,"SISTEMA MUNICIPAL DE AGUAS Y SANEAMIENTO DE PIEDRAS NEGRAS, COAHUILA",,,,3
786,municipal|21|21140|organismo de agua|SISTEMA OPERADOR DE LOS SERVICIOS DE AGUA POTABLE Y ALCANTARILLADO,1,municipal,21,21140,San Pedro Cholula,organismo de agua,SISTEMA OPERADOR DE LOS SERVICIOS DE AGUA POTABLE Y ALCANTARILLADO,high,state:ucA 1/1;level:name-rules;muni:inegi,"SISTEMA OPERADOR DE LOS SERVICIOS DE AGUA POTABLE Y ALCANTARILLADO DEL MUNICIPIO DE SAN PEDRO CHOLULA, PUEBLA",,,,1
787,state|15||dif estatal|,1,state,15,,,dif estatal,,high,state:uc9 22/22;level:uc9 22/22;singleton-body,SISTEMA PARA EL DESARROLLO INTEGRAL DE LA FAMILIA DEL ESTADO DE MÉXICO,,,,381
788,state|10||dif estatal|,2,state,10,,,dif estatal,,high,state:ucA 9/9;level:name-rules;singleton-body,SISTEMA PARA EL DESARROLLO INTEGRAL DE LA FAMILIA EN EL ESTADO DE DURANGO,,,,9
789,state|14||dif estatal|,3,state,14,,,dif estatal,,high,state:ucA 38/38;level:name-rules;singleton-body,SISTEMA PARA EL DESARROLLO INTEGRAL DE LA FAMILIA EN EL ESTADO DE JALISCO,,,,38
790,state|23||dif estatal|,2,state,23,,,dif estatal,,high,state:ucA 98/98;level:name-rules;singleton-body,SISTEMA PARA EL DESARROLLO INTEGRAL DE LA FAMILIA EN QUINTANA ROO,,,,98
791,state|26||dif estatal|,3,state,26,,,dif estatal,,high,state:ucA 19/19;level:name-rules;singleton-body,SISTEMA PARA EL DESARROLLO INTEGRAL DE LA FAMILIA EN SONORA,,,,19
792,state|15||tecnologico superior (estatal)|TECNOLOGICO DE ESTUDIOS SUPERIORES DE TIANGUISTENCO,2,state,15,,,tecnologico superior (estatal),TECNOLOGICO DE ESTUDIOS SUPERIORES DE TIANGUISTENCO,high,state:ucA 7/7;state-subsystem;level:name-rules,"TECNOLÓGICO DE ESTUDIOS SUPERIORES DE TIANGUISTENCO, ESTADO DE MÉXICO",,,,7
793,state|17||poder judicial|,2,state,17,,,poder judicial,,high,state:ucA 1/1;level:name-rules;singleton-body,TRIBUNAL SUPERIOR DE JUSTICIA DEL ESTADO DE MORELOS,,,,1
794,state|02||universidad estatal|UNIVERSIDAD AUTONOMA,2,state,02,,,universidad estatal,UNIVERSIDAD AUTONOMA,high,state:uc9 19/19;level:uc9 19/19,UNIVERSIDAD AUTÓNOMA DE BAJA CALIFORNIA,,,,298
795,state|08||universidad estatal|UNIVERSIDAD AUTONOMA,2,state,08,,,universidad estatal,UNIVERSIDAD AUTONOMA,high,state:uc9 14/14;level:uc9 14/14,UNIVERSIDAD AUTÓNOMA DE CHIHUAHUA,,,,15
796,state|07||universidad estatal|UNIVERSIDAD DE CIENCIAS Y ARTES,3,state,07,,,universidad estatal,UNIVERSIDAD DE CIENCIAS Y ARTES,medium,state:text;level:name-rules,UNIVERSIDAD DE CIENCIAS Y ARTES DEL ESTADO DE CHIAPAS,,,,12
797,state|26||universidad estatal|UNIVERSIDAD DE LA SIERRA,2,state,26,,,universidad estatal,UNIVERSIDAD DE LA SIERRA,medium,state:text;level:name-rules,UNIVERSIDAD DE LA SIERRA DEL ESTADO DE SONORA,,,,6
798,state|23||universidad estatal|UNIVERSIDAD DEL CARIBE,1,state,23,,,universidad estatal,UNIVERSIDAD DEL CARIBE,high,state:uc9 5/5;level:uc9 5/5,UNIVERSIDAD DEL CARIBE,,,,8
799,state|15||universidad estatal|UNIVERSIDAD ESTATAL DEL VALLE DE ECATEPEC MEXICO,1,state,15,,,universidad estatal,UNIVERSIDAD ESTATAL DEL VALLE DE ECATEPEC MEXICO,medium,state:muni-unique;state-subsystem;level:name-rules,"UNIVERSIDAD ESTATAL DEL VALLE DE ECATEPEC, MÉXICO",,,,69
800,state|13||universidad politecnica|UNIVERSIDAD POLITECNICA DE PACHUCA,2,state,13,,,universidad politecnica,UNIVERSIDAD POLITECNICA DE PACHUCA,medium,state:text;state-subsystem;level:name-rules,"UNIVERSIDAD POLITÉCNICA DE PACHUCA, HIDALGO",,,,8
802,state|02||universidad tecnologica|UNIVERSIDAD TECNOLOGICA DE TIJUANA,2,state,02,,,universidad tecnologica,UNIVERSIDAD TECNOLOGICA DE TIJUANA,medium,state:muni-unique;state-subsystem;level:name-rules,UNIVERSIDAD TECNOLÓGICA DE TIJUANA,,,,6
803,state|05||universidad tecnologica|UNIVERSIDAD TECNOLOGICA DE TORREON,3,state,05,,,universidad tecnologica,UNIVERSIDAD TECNOLOGICA DE TORREON,high,state:ucA 28/28;state-subsystem;level:name-rules,"UNIVERSIDAD TECNOLÓGICA DE TORREÓN, COAHUILA",,,,28
804,state|17||universidad tecnologica|UNIVERSIDAD TECNOLOGICA EMILIANO ZAPATA,2,state,17,,,universidad tecnologica,UNIVERSIDAD TECNOLOGICA EMILIANO ZAPATA,high,state:uc9 2/2;level:uc9 2/2,UNIVERSIDAD TECNOLÓGICA EMILIANO ZAPATA,,,,28
805,municipal|10|10005|organismo de agua|AGUAS,2,municipal,10,10005,Durango,organismo de agua,AGUAS,high,state:ucA 28/28;level:name-rules;muni:inegi,AGUAS DEL MUNICIPIO DE DURANGO,,,,28
806,state|15||colegio de bachilleres|COLEGIO DE BACHILLERES,1,state,15,,,colegio de bachilleres,COLEGIO DE BACHILLERES,high,state:uc9 13/13;level:uc9 13/13,COLEGIO DE BACHILLERES DEL ESTADO DE MÉXICO,,,,22
807,state|23||conalep estatal|COLEGIO DE EDUCACION PROFESIONAL TECNICA,2,state,23,,,conalep estatal,COLEGIO DE EDUCACION PROFESIONAL TECNICA,high,state:ucA 21/21;level:name-rules,COLEGIO DE EDUCACIÓN PROFESIONAL TÉCNICA DEL ESTADO DE QUINTANA ROO,,,,21
808,state|02||cecyte|COLEGIO DE ESTUDIOS CIENTIFICOS Y TECNOLOGICOS,2,state,02,,,cecyte,COLEGIO DE ESTUDIOS CIENTIFICOS Y TECNOLOGICOS,high,state:ucA 52/52;state-subsystem;level:name-rules,COLEGIO DE ESTUDIOS CIENTÍFICOS Y TECNOLÓGICOS DEL ESTADO DE BAJA CALIFORNIA,,,,52
809,state|26||cecyte|COLEGIO DE ESTUDIOS CIENTIFICOS Y TECNOLOGICOS,2,state,26,,,cecyte,COLEGIO DE ESTUDIOS CIENTIFICOS Y TECNOLOGICOS,high,state:ucA 11/11;state-subsystem;level:name-rules,COLEGIO DE ESTUDIOS CIENTÍFICOS Y TECNOLÓGICOS DEL ESTADO DE SONORA,,,,11
810,state|30||organismo|COMISION CONSTRUCTORA DE SALUD,1,state,30,,,organismo,COMISION CONSTRUCTORA DE SALUD,high,state:ucA 43/43;level:name-rules,COMISIÓN CONSTRUCTORA DE SALUD DEL ESTADO DE VERACRUZ,,,,43
811,state|31||organismo|COMISION DE OBRAS PUBLICAS,1,state,31,,,organismo,COMISION DE OBRAS PUBLICAS,high,state:ucA 19/19;level:name-rules,COMISIÓN DE OBRAS PÚBLICAS DEL ESTADO DE YUCATÁN,,,,19
812,state|10||organismo de agua|COMISION DEL AGUA,2,state,10,,,organismo de agua,COMISION DEL AGUA,high,state:uc9 172/172;level:uc9 172/172,COMISIÓN DEL AGUA DEL ESTADO DE DURANGO,,,,356
813,state|26||organismo|COMISION DEL FOMENTO AL TURISMO,1,state,26,,,organismo,COMISION DEL FOMENTO AL TURISMO,high,state:ucA 21/21;level:name-rules,COMISIÓN DEL FOMENTO AL TURISMO DEL ESTADO DE SONORA,,,,21
814,state|28||organismo de agua|COMISION DEL AGUA,1,state,28,,,organismo de agua,COMISION DEL AGUA,high,state:ucA 143/143;level:name-rules,COMISIÓN ESTATAL DEL AGUA DE TAMAULIPAS,,,,144
815,municipal|28|28021|organismo de agua|COMISION MUNICIPAL DE AGUA POTABLE Y ALCANTARILLADO,1,municipal,28,28021,El Mante,organismo de agua,COMISION MUNICIPAL DE AGUA POTABLE Y ALCANTARILLADO,high,state:uc8 12/12;level:uc8 12/12;muni:inegi,"COMISIÓN MUNICIPAL DE AGUA POTABLE Y ALCANTARILLADO DEL MUNICIPIO DE EL MANTE, TAMAULIPAS",,,,13
816,,,federal,,,,organismo,COMISION NACIONAL DE VIVIENDA,n/a,level:ucfed 443/723,COMISIÓN NACIONAL DE VIVIENDA,,,,764
817,state|23||organismo|COMISION PARA LA JUVENTUD Y EL DEPORTE,2,state,23,,,organismo,COMISION PARA LA JUVENTUD Y EL DEPORTE,high,state:ucA 81/81;level:name-rules,COMISIÓN PARA LA JUVENTUD Y EL DEPORTE DE QUINTANA ROO,,,,81
818,state|22||infraestructura educativa|COMITE ADMINISTRADOR DEL PROGRAMA DE CONSTRUCCION DE ESCUELAS,1,state,22,,,infraestructura educativa,COMITE ADMINISTRADOR DEL PROGRAMA DE CONSTRUCCION DE ESCUELAS,high,state:ucA 256/256;level:name-rules,COMITÉ ADMINISTRADOR DEL PROGRAMA DE CONSTRUCCIÓN DE ESCUELAS EN QUERÉTARO,,,,265
819,state|12||infraestructura educativa|COMITE ADMINISTRADOR DEL PROGRAMA ESTATAL DE CONSTRUCCION DE ESCUELAS,1,state,12,,,infraestructura educativa,COMITE ADMINISTRADOR DEL PROGRAMA ESTATAL DE CONSTRUCCION DE ESCUELAS,high,state:ucA 92/92;level:name-rules,COMITÉ ADMINISTRADOR DEL PROGRAMA ESTATAL DE CONSTRUCCIÓN DE ESCUELAS EN GUERRERO,,,,92
820,state|10||infraestructura educativa|COMITE PARA LA CONSTRUCCION DE ESCUELAS,1,state,10,,,infraestructura educativa,COMITE PARA LA CONSTRUCCION DE ESCUELAS,high,state:ucA 13/13;level:name-rules,COMITÉ PARA LA CONSTRUCCIÓN DE ESCUELAS DEL ESTADO DE DURANGO,,,,13
821,state|19||organismo|CONSEJO DE DESARROLLO SOCIAL,1,state,19,,,organismo,CONSEJO DE DESARROLLO SOCIAL,high,state:ucA 13/13;level:name-rules,CONSEJO DE DESARROLLO SOCIAL DEL ESTADO DE NUEVO LEÓN,,,,13
822,municipal|02|02002|organismo|CONSEJO DE URBANIZACION MUNICIPAL,2,municipal,02,02002,Mexicali,organismo,CONSEJO DE URBANIZACION MUNICIPAL,high,state:ucA 1/1;level:name-rules;muni:inegi,"CONSEJO DE URBANIZACIÓN MUNICIPAL DE MEXICALI, BAJA CALIFORNIA",,,,1
823,state|15||organismo|CONSEJO DE CIENCIA Y TECNOLOGIA,1,state,15,,,organismo,CONSEJO DE CIENCIA Y TECNOLOGIA,medium,state:ucA 6/6;level:name-rules;gentilicio-stripped,CONSEJO MEXIQUENSE DE CIENCIA Y TECNOLOGÍA,,,,6
824,,,autonomous,,,,organismo,CONSEJO NACIONAL DE EVALUACION DE LA POLITICA DE DESARROLLO SOCIAL,n/a,level:ucfed 1189/1193,CONSEJO NACIONAL DE EVALUACIÓN DE LA POLÍTICA DE DESARROLLO SOCIAL,,,,1199
825,state|19||organismo|CORPORACION PARA EL DESARROLLO DE LA ZONA FRONTERIZA,2,state,19,,,organismo,CORPORACION PARA EL DESARROLLO DE LA ZONA FRONTERIZA,high,state:ucA 15/15;level:name-rules,CORPORACIÓN PARA EL DESARROLLO DE LA ZONA FRONTERIZA DE NUEVO LEÓN,,,,15
826,state|16||organismo|EL COLEGIO,1,state,16,,,organismo,EL COLEGIO,medium,state:text;level:name-rules,"EL COLEGIO DE MICHOACÁN, A. C.",,,,22
827,state|11||organismo|FIDEICOMISO DEL FONDO DE SEGURIDAD PUBLICA,1,state,11,,,organismo,FIDEICOMISO DEL FONDO DE SEGURIDAD PUBLICA,high,state:ucA 123/123;level:name-rules,FIDEICOMISO DEL FONDO DE SEGURIDAD PÚBLICA PARA EL ESTADO DE GUANAJUATO,,,,124
828,municipal|12|12001|ayuntamiento|,2,municipal,12,12001,Acapulco de Juárez,ayuntamiento,,high,state:ucA 7/7;level:name-rules;muni:inegi;singleton-body,"H. AYUNTAMIENTO CONSTITUCIONAL DE ACAPULCO DE JUÁREZ, GUERRERO",,,,7
829,municipal|12|12010|ayuntamiento|,1,municipal,12,12010,Atlixtac,ayuntamiento,,high,state:ucA 2/2;level:name-rules;muni:inegi;singleton-body,"H. AYUNTAMIENTO CONSTITUCIONAL DE ATLIXTAC, GUERRERO",,,,2
830,municipal|27|27002|ayuntamiento|,3,municipal,27,27002,Cárdenas,ayuntamiento,,high,state:ucA 1/1;level:name-rules;muni:inegi;singleton-body,"H. AYUNTAMIENTO CONSTITUCIONAL DE CÁRDENAS, TABASCO",,,,1
831,municipal|12|12029|ayuntamiento|,1,municipal,12,12029,Chilpancingo de los Bravo,ayuntamiento,,high,state:ucA 1/1;level:name-rules;muni:inegi;singleton-body,"H. AYUNTAMIENTO CONSTITUCIONAL DE CHILPANCINGO DE LOS BRAVO, GUERRERO",,,,1
832,municipal|24|24014|ayuntamiento|,2,municipal,24,24014,Coxcatlán,ayuntamiento,,high,state:ucA 2/2;level:name-rules;muni:inegi;singleton-body,"H. AYUNTAMIENTO CONSTITUCIONAL DE COXCATLÁN, SAN LUIS POTOSÍ",,,,2
833,municipal|15|15064|ayuntamiento|,2,municipal,15,15064,El Oro,ayuntamiento,,high,state:ucA 1/1;level:name-rules;muni:inegi;singleton-body,"H. AYUNTAMIENTO CONSTITUCIONAL DE EL ORO, ESTADO DE MÉXICO",,,,1
834,municipal|07|07047|ayuntamiento|,1,municipal,07,07047,Jitotol,ayuntamiento,,high,state:ucA 1/1;level:name-rules;muni:inegi;singleton-body,"H. AYUNTAMIENTO CONSTITUCIONAL DE JITOTOL, CHIAPAS",,,,1
835,municipal|23|23004|ayuntamiento|,3,municipal,23,23004,Othón P. Blanco,ayuntamiento,,high,state:ucA 58/58;level:name-rules;muni:inegi;singleton-body,H. AYUNTAMIENTO CONSTITUCIONAL DE OTHÓN P. BLANCO DEL ESTADO DE QUINTANA ROO,,,,58
836,municipal|12|12057|ayuntamiento|,1,municipal,12,12057,Técpan de Galeana,ayuntamiento,,high,state:ucA 2/2;level:name-rules;muni:inegi;singleton-body,"H. AYUNTAMIENTO CONSTITUCIONAL DE TECPAN DE GALEANA, GUERRERO",,,,2
837,municipal|07|07096|ayuntamiento|,1,municipal,07,07096,Tila,ayuntamiento,,high,state:ucA 3/3;level:name-rules;muni:inegi;singleton-body,"H. AYUNTAMIENTO CONSTITUCIONAL DE TILA, CHIAPAS",,,,3
838,municipal|12|12062|ayuntamiento|,2,municipal,12,12062,Tlacoachistlahuaca,ayuntamiento,,high,state:ucA 5/5;level:name-rules;muni:inegi;singleton-body,"H. AYUNTAMIENTO CONSTITUCIONAL DE TLACOACHISTLAHUACA, GUERRERO",,,,5
839,municipal|15|15109|ayuntamiento|,3,municipal,15,15109,Tultitlán,ayuntamiento,,high,state:ucA 1/1;level:name-rules;muni:inegi;singleton-body,"H. AYUNTAMIENTO CONSTITUCIONAL DE TULTITLÁN, ESTADO DE MÉXICO",,,,1
840,municipal|12|12071|ayuntamiento|,1,municipal,12,12071,Xochistlahuaca,ayuntamiento,,high,state:ucA 10/10;level:name-rules;muni:inegi;singleton-body,"H. AYUNTAMIENTO CONSTITUCIONAL DE XOCHISTLAHUACA, GUERRERO",,,,10
841,municipal|12|12050|ayuntamiento|,1,municipal,12,12050,Pungarabato,ayuntamiento,,high,state:ucA 1/1;level:name-rules;muni:inegi;singleton-body,"H. AYUNTAMIENTO MUNICIPAL CONSTITUCIONAL DE PUNGARABATO, GUERRERO",,,,1
842,municipal|22|22001|ayuntamiento|,2,municipal,22,22001,Amealco de Bonfil,ayuntamiento,,high,state:ucA 15/15;level:name-rules;muni:inegi;singleton-body,"H. AYUNTAMIENTO MUNICIPAL DE AMEALCO DE BONFIL, QUERÉTARO",,,,15
843,municipal|25|25003|ayuntamiento|,2,municipal,25,25003,Badiraguato,ayuntamiento,,high,state:ucA 1/1;level:name-rules;muni:inegi;singleton-body,"H. AYUNTAMIENTO MUNICIPAL DE BADIRAGUATO, SINALOA",,,,1
844,municipal|04|04011|ayuntamiento|,2,municipal,04,04011,Candelaria,ayuntamiento,,high,state:ucA 3/3;level:name-rules;muni:inegi;singleton-body,"H. AYUNTAMIENTO MUNICIPAL DE CANDELARIA, CAMPECHE",,,,3
845,municipal|19|19026|ayuntamiento|,2,municipal,19,19026,Guadalupe,ayuntamiento,,high,state:ucA 26/26;level:name-rules;muni:inegi;singleton-body,"H. AYUNTAMIENTO MUNICIPAL DE GUADALUPE, NUEVO LEÓN",,,,26
846,municipal|26|26029|ayuntamiento|,4,municipal,26,26029,Guaymas,ayuntamiento,,high,state:ucA 23/23;level:name-rules;muni:inegi;singleton-body,H. AYUNTAMIENTO MUNICIPAL DE GUAYMAS SONORA,,,,23
847,municipal|03|03003|ayuntamiento|,3,municipal,03,03003,La Paz,ayuntamiento,,high,state:ucA 92/92;level:name-rules;muni:inegi;singleton-body,H. AYUNTAMIENTO MUNICIPAL DE LA PAZ EN BAJA CALIFORNIA SUR,,,,92
848,municipal|23|23007|ayuntamiento|,2,municipal,23,23007,Lázaro Cárdenas,ayuntamiento,,high,state:ucA 2/2;level:name-rules;muni:inegi;singleton-body,"H. AYUNTAMIENTO MUNICIPAL DE LÁZARO CÁRDENAS KANTUNILKIN, QUINTANA ROO",,,,2
849,municipal|02|02002|ayuntamiento|,2,municipal,02,02002,Mexicali,ayuntamiento,,high,state:ucA 1/1;level:name-rules;muni:inegi;singleton-body,H. AYUNTAMIENTO MUNICIPAL DE MEXICALI DEL ESTADO DE BAJA CALIFORNIA,,,,1
850,municipal|16|16053|ayuntamiento|,2,municipal,16,16053,Morelia,ayuntamiento,,high,state:ucA 15/15;level:name-rules;muni:inegi;singleton-body,"H. AYUNTAMIENTO MUNICIPAL DE MORELIA, MICHOACÁN",,,,15
851,municipal|23|23004|ayuntamiento|,3,municipal,23,23004,Othón P. Blanco,ayuntamiento,,high,state:ucA 77/77;level:name-rules;muni:inegi;singleton-body,H. AYUNTAMIENTO MUNICIPAL DE OTHÓN P. BLANCO DEL ESTADO DE QUINTANA ROO,,,,77
852,municipal|05|05024|ayuntamiento|,2,municipal,05,05024,Parras,ayuntamiento,,high,state:ucA 1/1;level:name-rules;muni:inegi;singleton-body,"H. AYUNTAMIENTO MUNICIPAL DE PARRAS DE LA FUENTE, COAHUILA",,,,1
853,municipal|22|22014|ayuntamiento|,4,municipal,22,22014,Querétaro,ayuntamiento,,high,state:ucA 145/145;level:name-rules;muni:inegi;singleton-body,H. AYUNTAMIENTO MUNICIPAL DE QUERÉTARO,,,,145
854,municipal|15|15085|ayuntamiento|,1,municipal,15,15085,Temascalcingo,ayuntamiento,,high,state:ucA 1/1;level:name-rules;muni:inegi;singleton-body,"H. AYUNTAMIENTO MUNICIPAL DE TEMASCALCINGO, ESTADO DE MÉXICO",,,,1
855,municipal|18|18017|ayuntamiento|,3,municipal,18,18017,Tepic,ayuntamiento,,high,state:ucA 64/64;level:name-rules;muni:inegi;singleton-body,"H. AYUNTAMIENTO MUNICIPAL DE TEPIC, NAYARIT",,,,65
856,municipal|14|14097|ayuntamiento|,3,municipal,14,14097,Tlajomulco de Zúñiga,ayuntamiento,,high,state:ucA 1/1;level:name-rules;muni:inegi;singleton-body,"H. AYUNTAMIENTO MUNICIPAL DE TLAJOMULCO DE ZÚÑIGA, JALISCO",,,,1
857,municipal|14|14098|ayuntamiento|,2,municipal,14,14098,San Pedro Tlaquepaque,ayuntamiento,,high,state:ucA 3/3;level:name-rules;muni:inegi;singleton-body,"H. AYUNTAMIENTO MUNICIPAL DE TLAQUEPAQUE, JALISCO",,,,3
858,municipal|05|05035|ayuntamiento|,3,municipal,05,05035,Torreón,ayuntamiento,,high,state:ucA 37/37;level:name-rules;muni:inegi;singleton-body,"H. AYUNTAMIENTO MUNICIPAL DE TORREÓN, COAHUILA",,,,37
859,municipal|15|15122|ayuntamiento|,4,municipal,15,15122,Valle de Chalco Solidaridad,ayuntamiento,,high,state:ucA 57/57;level:name-rules;muni:inegi;singleton-body,H. AYUNTAMIENTO MUNICIPAL DE VALLE DE CHALCO SOLIDARIDAD DEL ESTADO DE MEXICO,,,,57
860,state|09||organismo|HEROICO CUERPO DE BOMBEROS,1,state,09,,,organismo,HEROICO CUERPO DE BOMBEROS,high,state:ucA 34/34;level:name-rules,HEROICO CUERPO DE BOMBEROS DEL DISTRITO FEDERAL,,,,34
861,state|20||hospital|HOSPITAL DE LA NINEZ,2,state,20,,,hospital,HOSPITAL DE LA NINEZ,medium,state:ucA 121/121;level:name-rules;gentilicio-stripped,HOSPITAL DE LA NIÑEZ OAXAQUEÑA,,,,121
862,state|27||hospital|HOSPITAL DR JUAN GRAHAM CASASUS,1,state,27,,,hospital,HOSPITAL DR JUAN GRAHAM CASASUS,high,state:ucA 14/14;level:name-rules,HOSPITAL DR. JUAN GRAHAM CASASUS DEL ESTADO DE TABASCO,,,,14
863,state|01||organismo|INSTITUTO DE EDUCACION,2,state,01,,,organismo,INSTITUTO DE EDUCACION,high,state:uc9 75/75;level:uc9 75/75,INSTITUTO DE EDUCACIÓN DE AGUASCALIENTES,,,,84
864,state|26||organismo|INSTITUTO DE EVALUACION EDUCATIVA,1,state,26,,,organismo,INSTITUTO DE EVALUACION EDUCATIVA,high,state:ucA 1/1;level:name-rules,INSTITUTO DE EVALUACIÓN EDUCATIVA DEL ESTADO DE SONORA,,,,1
865,state|23||organismo|INSTITUTO DE FOMENTO A LA VIVIENDA Y REGULARIZACION DE LA PROPIEDAD,2,state,23,,,organismo,INSTITUTO DE FOMENTO A LA VIVIENDA Y REGULARIZACION DE LA PROPIEDAD,high,state:ucA 61/61;level:name-rules,INSTITUTO DE FOMENTO A LA VIVIENDA Y REGULARIZACIÓN DE LA PROPIEDAD DEL ESTADO DE QUINTANA ROO,,,,61
866,,,federal,,,,organismo,INSTITUTO DEL FONDO NACIONAL PARA EL CONSUMO DE LOS TRABAJADORES,n/a,level:ucfed 3919/3961,INSTITUTO DEL FONDO NACIONAL PARA EL CONSUMO DE LOS TRABAJADORES,,,,4134
867,state|23||organismo|INSTITUTO DEL PATRIMONIO INMOBILIARIO DE LA ADMINISTRACION PUBLICA,2,state,23,,,organismo,INSTITUTO DEL PATRIMONIO INMOBILIARIO DE LA ADMINISTRACION PUBLICA,high,state:ucA 11/11;level:name-rules,INSTITUTO DEL PATRIMONIO INMOBILIARIO DE LA ADMINISTRACIÓN PÚBLICA DEL ESTADO DE QUINTANA ROO,,,,11
868,state|12||organismo|INSTITUTO DE CANCEROLOGIA DR ARTURO BELTRAN ORTEGA,1,state,12,,,organismo,INSTITUTO DE CANCEROLOGIA DR ARTURO BELTRAN ORTEGA,high,state:ucA 4/4;level:name-rules,INSTITUTO ESTATAL DE CANCEROLOGÍA  EN GUERRERO DR. ARTURO BELTRÁN ORTEGA,,,,4
869,state|19||organismo|INSTITUTO DE CULTURA FISICA Y DEPORTE,2,state,19,,,organismo,INSTITUTO DE CULTURA FISICA Y DEPORTE,high,state:ucA 4/4;level:name-rules,INSTITUTO ESTATAL DE CULTURA FÌSICA Y DEPORTE DE NUEVO LEÒN,,,,4
870,state|20||organismo|INSTITUTO DE EDUCACION PUBLICA,2,state,20,,,organismo,INSTITUTO DE EDUCACION PUBLICA,high,state:ucA 1/1;level:name-rules,INSTITUTO ESTATAL DE EDUCACIÓN PÚBLICA DE OAXACA,,,,1
871,state|01||organismo|INSTITUTO ELECTORAL,1,state,01,,,organismo,INSTITUTO ELECTORAL,high,state:ucA 7/7;level:name-rules,INSTITUTO ESTATAL ELECTORAL DE AGUASCALIENTES,,,,7
872,,,federal,05,,,instituto tecnologico (TecNM federal),INSTITUTO TECNOLOGICO DE LA LAGUNA,n/a,state:ucA 1/1;TecNM campus;level:name-rules,"INSTITUTO TECNOLÓGICO DE LA LAGUNA, COAHUILA",,,,1
873,,,federal,03,,,instituto tecnologico (TecNM federal),INSTITUTO TECNOLOGICO DE LA PAZ,n/a,state:ucA 1/1;TecNM campus;level:name-rules,"INSTITUTO TECNOLÓGICO DE LA PAZ, BAJA CALIFORNIA SUR",,,,1
874,,,federal,22,,,instituto tecnologico (TecNM federal),INSTITUTO TECNOLOGICO,n/a,state:ucA 5/5;TecNM campus;level:name-rules,INSTITUTO TECNOLÓGICO DE QUERÉTARO,,,,5
875,state|05||tecnologico superior (estatal)|INSTITUTO TECNOLOGICO SUPERIOR DE CIUDAD ACUNA,1,state,05,,,tecnologico superior (estatal),INSTITUTO TECNOLOGICO SUPERIOR DE CIUDAD ACUNA,high,state:ucA 3/3;state-subsystem;level:name-rules,"INSTITUTO TECNOLÓGICO SUPERIOR DE CIUDAD ACUÑA, COAHUILA",,,,3
876,state|27||tecnologico superior (estatal)|INSTITUTO TECNOLOGICO SUPERIOR DE LA REGION SIERRA EN TEAPA,1,state,27,,,tecnologico superior (estatal),INSTITUTO TECNOLOGICO SUPERIOR DE LA REGION SIERRA EN TEAPA,high,state:ucA 2/2;state-subsystem;level:name-rules,"INSTITUTO TECNOLÓGICO SUPERIOR DE LA REGIÓN SIERRA EN TEAPA, TABASCO",,,,2
877,state|24||tecnologico superior (estatal)|INSTITUTO TECNOLOGICO SUPERIOR,2,state,24,,,tecnologico superior (estatal),INSTITUTO TECNOLOGICO SUPERIOR,high,state:ucA 11/11;state-subsystem;level:name-rules,INSTITUTO TECNOLÓGICO SUPERIOR DE SAN LUIS POTOSÍ,,,,11
878,municipal|25|25007|organismo de agua|JUNTA DE AGUA POTABLE Y ALCANTARILLADO,3,municipal,25,25007,Choix,organismo de agua,JUNTA DE AGUA POTABLE Y ALCANTARILLADO,high,state:ucA 1/1;level:name-rules;muni:inegi,"JUNTA DE AGUA POTABLE Y ALCANTARILLADO DEL MUNICIPIO DE CHOIX, SINALOA",,,,1
879,municipal|11|11017|organismo de agua|JUNTA DE AGUA POTABLE Y ALCANTARILLADO,1,municipal,11,11017,Irapuato,organismo de agua,JUNTA DE AGUA POTABLE Y ALCANTARILLADO,high,state:ucA 7/7;level:name-rules;muni:inegi,"JUNTA DE AGUA POTABLE Y ALCANTARILLADO DEL MUNICIPIO DE IRAPUATO, GUANAJUATO",,,,7
880,state|16||organismo|JUNTA DE CAMINOS,2,state,16,,,organismo,JUNTA DE CAMINOS,high,state:ucA 6/6;level:name-rules,JUNTA DE CAMINOS DEL ESTADO DE MICHOACÁN,,,,6
881,municipal|28|28022|ayuntamiento|,4,municipal,28,28022,Matamoros,ayuntamiento,,high,state:ucA 7/7;level:name-rules;muni:inegi;singleton-body,"MUNICIPIO DE MATAMOROS, TAMAULIPAS",,,,7
882,municipal|20|20227|ayuntamiento|,2,municipal,20,20227,San Lorenzo Cacaotepec,ayuntamiento,,high,state:ucA 1/1;level:name-rules;muni:inegi;singleton-body,"MUNICIPIO DE SAN LORENZO CACAOTEPEC, OAXACA",,,,1
883,municipal|20|20031|ayuntamiento|,2,municipal,20,20031,Tamazulápam del Espíritu Santo,ayuntamiento,,high,state:ucA 3/3;level:name-rules;muni:inegi;singleton-body,"MUNICIPIO DE TAMAZULAPAM DEL ESPÍRITU SANTO, OAXACA",,,,3
884,municipal|30|30087|ayuntamiento|,3,municipal,30,30087,Xalapa,ayuntamiento,,high,state:ucA 7/7;level:name-rules;muni:inegi;singleton-body,"MUNICIPIO DE XALAPA, VERACRUZ",,,,7
885,municipal|15|15104|organismo de agua|P LA PRESTACION DE LOS SERVICIOS DE AGUA POTABLE ALCANTARILLADO Y SANEAMIENTO MEXICO,1,municipal,15,15104,Tlalnepantla de Baz,organismo de agua,P LA PRESTACION DE LOS SERVICIOS DE AGUA POTABLE ALCANTARILLADO Y SANEAMIENTO MEXICO,high,state:ucA 2/2;level:name-rules;muni:inegi,"O.P.D. P/LA PRESTACIÓN DE LOS SERVICIOS DE AGUA POTABLE, ALCANTARILLADO Y SANEAMIENTO DEL MUNICIPIO DE TLALNEPANTLA MÉXICO",,,,2
886,municipal|16|16102|organismo de agua|ORGANISMO OPERADOR DE AGUA POTABLE ALCANTARILLADO Y SANEAMIENTO,1,municipal,16,16102,Uruapan,organismo de agua,ORGANISMO OPERADOR DE AGUA POTABLE ALCANTARILLADO Y SANEAMIENTO,high,state:ucA 23/23;level:name-rules;muni:inegi,"ORGANISMO OPERADOR DE AGUA POTABLE, ALCANTARILLADO Y SANEAMIENTO DEL MUNICIPIO DE URUAPAN, MICHOACÁN",,,,23
887,municipal|03|03003|organismo de agua|ORGANISMO OPERADOR MUNICIPAL DEL SISTEMA DE AGUA POTABLE ALCANTARILLADO Y SANEAMIENTO,2,municipal,03,03003,La Paz,organismo de agua,ORGANISMO OPERADOR MUNICIPAL DEL SISTEMA DE AGUA POTABLE ALCANTARILLADO Y SANEAMIENTO,high,state:ucA 10/10;level:name-rules;muni:inegi,"ORGANISMO OPERADOR MUNICIPAL DEL SISTEMA DE AGUA POTABLE, ALCANTARILLADO Y SANEAMIENTO DE LA  PAZ,  BAJA CALIFORNIA SUR",,,,10
888,state|31||organismo|PATRONATO DE LAS UNIDADES DE SERVICIOS CULTURALES Y TURISTICOS,1,state,31,,,organismo,PATRONATO DE LAS UNIDADES DE SERVICIOS CULTURALES Y TURISTICOS,high,state:ucA 8/8;level:name-rules,PATRONATO DE LAS UNIDADES DE SERVICIOS CULTURALES Y TURÍSTICOS DEL ESTADO DE YUCATÁN,,,,8
889,state|31||poder judicial|,2,state,31,,,poder judicial,,high,state:ucA 9/9;level:name-rules;singleton-body,PODER JUDICIAL DEL ESTADO DE YUCATÁN,,,,9
890,state|05||organismo|PROMOTORA INMOBILIARIA PARA EL DESARROLLO ECONOMICO,1,state,05,,,organismo,PROMOTORA INMOBILIARIA PARA EL DESARROLLO ECONOMICO,high,state:ucA 1/1;level:name-rules,PROMOTORA INMOBILIARIA PARA EL DESARROLLO ECONÒMICO DE COAHUILA,,,,1
891,state|06||secretaria|SECRETARIA DE ADMINISTRACION,1,state,06,,,secretaria,SECRETARIA DE ADMINISTRACION,high,state:ucA 51/51;level:name-rules,SECRETARÍA DE ADMINISTRACIÓN DEL GOBIERNO DEL ESTADO DE COLIMA,,,,51
892,state|26||secretaria|SECRETARIA DE AGRICULTURA GANADERIA RECURSOS HIDRAULICOS PESCA Y ACUACULTURA,3,state,26,,,secretaria,SECRETARIA DE AGRICULTURA GANADERIA RECURSOS HIDRAULICOS PESCA Y ACUACULTURA,high,state:ucA 38/38;level:name-rules,"SECRETARÍA DE AGRICULTURA, GANADERÍA, RECURSOS HIDRÁULICOS, PESCA Y ACUACULTURA DEL ESTADO DE SONORA",,,,38
893,state|15||organismo de agua|SECRETARIA DE AGUA Y OBRA PUBLICA,1,state,15,,,organismo de agua,SECRETARIA DE AGUA Y OBRA PUBLICA,high,state:ucA 138/138;level:name-rules,SECRETARÍA DE AGUA Y OBRA PÚBLICA DEL ESTADO DE MÉXICO,,,,138
894,state|21||secretaria|SECRETARIA DE COMUNICACIONES Y TRANSPORTES,1,state,21,,,secretaria,SECRETARIA DE COMUNICACIONES Y TRANSPORTES,high,state:ucA 62/62;level:name-rules,SECRETARÍA DE COMUNICACIONES Y TRANSPORTES DEL ESTADO DE PUEBLA,,,,62
895,state|20||secretaria|SECRETARIA DE DESARROLLO RURAL,1,state,20,,,secretaria,SECRETARIA DE DESARROLLO RURAL,high,state:ucA 1/1;level:name-rules,SECRETARÍA DE DESARROLLO RURAL DEL ESTADO DE OAXACA,,,,1
896,state|21||secretaria|SECRETARIA DE DESARROLLO RURAL,1,state,21,,,secretaria,SECRETARIA DE DESARROLLO RURAL,high,state:ucA 18/18;level:name-rules,SECRETARÍA DE DESARROLLO RURAL DEL ESTADO DE PUEBLA,,,,18
897,state|30||secretaria|SECRETARIA DE DESARROLLO SOCIAL Y MEDIO AMBIENTE,1,state,30,,,secretaria,SECRETARIA DE DESARROLLO SOCIAL Y MEDIO AMBIENTE,high,state:ucA 41/41;level:name-rules,SECRETARIA DE DESARROLLO SOCIAL Y MEDIO AMBIENTE DEL ESTADO DE VERACRUZ,,,,41
898,state|15||secretaria|SECRETARIA DE EDUCACION,2,state,15,,,secretaria,SECRETARIA DE EDUCACION,high,state:ucA 192/192;level:name-rules,SECRETARÍA DE EDUCACIÓN DEL ESTADO DE MEXICO,,,,192
899,state|05||secretaria|SECRETARIA DE EDUCACION Y CULTURA,1,state,05,,,secretaria,SECRETARIA DE EDUCACION Y CULTURA,high,state:ucA 1/1;level:name-rules,SECRETARÍA DE EDUCACIÓN Y CULTURA DEL ESTADO DE COAHUILA,,,,1
900,state|26||secretaria|SECRETARIA DE EDUCACION Y CULTURA,2,state,26,,,secretaria,SECRETARIA DE EDUCACION Y CULTURA,high,state:ucA 40/40;level:name-rules,SECRETARÍA DE EDUCACIÓN Y CULTURA DEL ESTADO DE SONORA,,,,40
901,state|30||secretaria|SECRETARIA DE EDUCACION Y CULTURA,1,state,30,,,secretaria,SECRETARIA DE EDUCACION Y CULTURA,high,state:ucA 7/7;level:name-rules,SECRETARÍA DE EDUCACIÓN Y CULTURA DEL ESTADO DE VERACRUZ,,,,7
902,state|15||secretaria|SECRETARIA DE FINANZAS,2,state,15,,,secretaria,SECRETARIA DE FINANZAS,high,state:ucA 490/490;level:name-rules,SECRETARÌA DE FINANZAS DEL ESTADO DE MÉXICO,,,,490
903,state|23||secretaria|SECRETARIA DE HACIENDA,1,state,23,,,secretaria,SECRETARIA DE HACIENDA,high,state:ucA 8/8;level:name-rules,SECRETARÍA DE HACIENDA DEL ESTADO DE QUINTANA ROO,,,,8
904,state|23||secretaria|SECRETARIA DE INFRAESTRUCTURA Y TRANSPORTE,2,state,23,,,secretaria,SECRETARIA DE INFRAESTRUCTURA Y TRANSPORTE,high,state:ucA 138/138;level:name-rules,SECRETARÍA DE INFRAESTRUCTURA Y TRANSPORTE DEL ESTADO DE QUINTANA ROO,,,,138
905,state|05||secretaria|SECRETARIA DE MEDIO AMBIENTE Y RECURSOS NATURALES,1,state,05,,,secretaria,SECRETARIA DE MEDIO AMBIENTE Y RECURSOS NATURALES,high,state:ucA 5/5;level:name-rules,SECRETARIA DE MEDIO AMBIENTE Y RECURSOS NATURALES DEL ESTADO DE COAHUILA,,,,5
906,state|31||secretaria|SECRETARIA DE PROTECCION Y VIALIDAD,1,state,31,,,secretaria,SECRETARIA DE PROTECCION Y VIALIDAD,high,state:ucA 6/6;level:name-rules,SECRETARÍA DE PROTECCIÓN Y VIALIDAD DEL ESTADO DE YUCATÁN,,,,6
907,state|10||secretaria|SECRETARIA GENERAL DE GOBIERNO,2,state,10,,,secretaria,SECRETARIA GENERAL DE GOBIERNO,high,state:ucA 9/9;level:name-rules,SECRETARÍA GENERAL DE GOBIERNO DEL ESTADO DE DURANGO,,,,9
908,state|15||organismo de agua|SERVICIOS DE AGUA POTABLE ALCANTARILLADO Y SANEAMIENTO DE ATIZAPAN DE ZARAGOZA,2,state,15,,,organismo de agua,SERVICIOS DE AGUA POTABLE ALCANTARILLADO Y SANEAMIENTO DE ATIZAPAN DE ZARAGOZA,high,state:ucA 6/6;level:name-rules,SERVICIOS DE AGUA POTABLE ALCANTARILLADO Y SANEAMIENTO DE ATIZAPÁN DE ZARAGOZA EN EL ESTADO DE MÉXICO,,,,6
909,,,federal,,,,organismo,SINGLAR,n/a,level:ucAfed 1/1,SINGLAR  S.A. DE C.V.,,,,1
910,municipal|17|17007|organismo de agua|SISTEMA DE AGUA POTABLE Y ALCANTARILLADO,1,municipal,17,17007,Cuernavaca,organismo de agua,SISTEMA DE AGUA POTABLE Y ALCANTARILLADO,high,state:ucA 3/3;level:name-rules;muni:inegi,"SISTEMA DE AGUA POTABLE Y ALCANTARILLADO DEL MUNICIPIO DE CUERNAVACA, MORELOS",,,,3
911,municipal|10|10007|organismo de agua|SISTEMA DESCENTRALIZADO DE AGUA POTABLE Y ALCANTARILLADO,1,municipal,10,10007,Gómez Palacio,organismo de agua,SISTEMA DESCENTRALIZADO DE AGUA POTABLE Y ALCANTARILLADO,high,state:ucA 23/23;level:name-rules;muni:inegi,"SISTEMA DESCENTRALIZADO DE AGUA POTABLE Y ALCANTARILLADO DEL MUNICIPIO DE GÓMEZ PALACIO, DURANGO",,,,23
912,state|24||dif estatal|,2,state,24,,,dif estatal,,high,state:ucA 54/54;level:name-rules;singleton-body,SISTEMA ESTATAL PARA EL DESARROLLO INTEGRAL DE LA FAMILIA EN SAN LUIS POTOSÍ,,,,54
913,state|19||organismo|SISTEMA INTEGRAL PARA EL MANEJO ECOLOGICO Y PROCESAMIENTO DE DESECHOS,3,state,19,,,organismo,SISTEMA INTEGRAL PARA EL MANEJO ECOLOGICO Y PROCESAMIENTO DE DESECHOS,high,state:ucA 36/36;level:name-rules,SISTEMA INTEGRAL PARA EL MANEJO ECOLÓGICO Y  PROCESAMIENTO DE DESECHOS DEL ESTADO DE NUEVO LEÓN,,,,36
915,state|12||dif estatal|,2,state,12,,,dif estatal,,high,state:ucA 2/2;level:name-rules;singleton-body,SISTEMA PARA EL DESARROLLO INTEGRAL DE LA FAMILIA EN EL ESTADO DE GUERRERO,,,,2
916,state|17||dif estatal|,1,state,17,,,dif estatal,,high,state:ucA 7/7;level:name-rules;singleton-body,SISTEMA PARA EL DESARROLLO INTEGRAL DE LA FAMILIA EN MORELOS,,,,7
917,state|23||organismo|SISTEMA DE COMUNICACION SOCIAL,1,state,23,,,organismo,SISTEMA DE COMUNICACION SOCIAL,medium,state:ucA 10/10;level:name-rules;gentilicio-stripped,SISTEMA QUINTANARROENSE DE COMUNICACIÓN SOCIAL,,,,10
918,state|23||poder judicial|,2,state,23,,,poder judicial,,high,state:ucA 12/12;level:name-rules;singleton-body,TRIBUNAL SUPERIOR DE JUSTICIA DEL ESTADO DE QUINTANA ROO,,,,12
919,state|22||organismo|UNIDAD DE SERVICIOS PARA LA EDUCACION BASICA,2,state,22,,,organismo,UNIDAD DE SERVICIOS PARA LA EDUCACION BASICA,high,state:uc9 4/4;level:uc9 4/4,UNIDAD DE SERVICIOS PARA LA EDUCACIÓN BÁSICA DEL ESTADO DE QUERÉTARO,,,,112
920,state|10||universidad politecnica|UNIVERSIDAD POLITECNICA DE GOMEZ PALACIO,1,state,10,,,universidad politecnica,UNIVERSIDAD POLITECNICA DE GOMEZ PALACIO,medium,state:text;state-subsystem;level:name-rules,"UNIVERSIDAD POLITÉCNICA DE GÓMEZ PALACIO, DURANGO",,,,10
921,state|13||universidad politecnica|UNIVERSIDAD POLITECNICA DE TULANCINGO,3,state,13,,,universidad politecnica,UNIVERSIDAD POLITECNICA DE TULANCINGO,medium,state:text;state-subsystem;level:name-rules,"UNIVERSIDAD POLITÉCNICA DE TULANCINGO, HIDALGO",,,,186
922,state|15||universidad tecnologica|UNIVERSIDAD TECNOLOGICA DEL SUR,1,state,15,,,universidad tecnologica,UNIVERSIDAD TECNOLOGICA DEL SUR,medium,state:text;state-subsystem;level:name-rules,UNIVERSIDAD TECNOLÓGICA DEL SUR DEL ESTADO DE MÉXICO,,,,15
923,state|19||universidad tecnologica|UNIVERSIDAD TECNOLOGICA GRAL MARIANO ESCOBEDO,3,state,19,,,universidad tecnologica,UNIVERSIDAD TECNOLOGICA GRAL MARIANO ESCOBEDO,high,state:ucA 4/4;state-subsystem;level:name-rules,"UNIVERSIDAD TECNOLÓGICA GRAL. MARIANO ESCOBEDO, NUEVO LEÓN",,,,4
924,,,federal,,,,organismo,CENTRO NACIONAL DE EQUIDAD DE GENERO Y SALUD REPRODUCTIVA,n/a,level:ucfed 858/858,CENTRO NACIONAL DE EQUIDAD DE GÉNERO Y SALUD REPRODUCTIVA,,,,965
925,,,federal,07,,,organismo,CENTRO REGIONAL DE ALTA ESPECIALIDAD,n/a,state:text;level:ucfed 2212/2212,CENTRO REGIONAL DE ALTA ESPECIALIDAD DE CHIAPAS,,,,2526
926,state|05||conalep estatal|COLEGIO DE EDUCACION PROFESIONAL TECNICA,2,state,05,,,conalep estatal,COLEGIO DE EDUCACION PROFESIONAL TECNICA,high,state:ucA 3/3;level:name-rules,COLEGIO DE EDUCACIÓN PROFESIONAL TÉCNICA DEL ESTADO DE COAHUILA,,,,3
927,state|10||conalep estatal|COLEGIO DE EDUCACION PROFESIONAL TECNICA,1,state,10,,,conalep estatal,COLEGIO DE EDUCACION PROFESIONAL TECNICA,high,state:ucA 1/1;level:name-rules,COLEGIO DE EDUCACIÓN PROFESIONAL TÉCNICA EN EL ESTADO DE DURANGO,,,,1
928,state|05||cecyte|COLEGIO DE ESTUDIOS CIENTIFICOS Y TECNOLOGICOS,2,state,05,,,cecyte,COLEGIO DE ESTUDIOS CIENTIFICOS Y TECNOLOGICOS,high,state:ucA 4/4;state-subsystem;level:name-rules,COLEGIO DE ESTUDIOS CIENTÍFICOS Y TECNOLÓGICOS DEL ESTADO DE COAHUILA,,,,4
929,state|20||cecyte|COLEGIO DE ESTUDIOS CIENTIFICOS Y TECNOLOGICOS,1,state,20,,,cecyte,COLEGIO DE ESTUDIOS CIENTIFICOS Y TECNOLOGICOS,high,state:uc9 17/17;level:uc9 17/17,COLEGIO DE ESTUDIOS CIENTÍFICOS Y TECNOLÓGICOS DEL ESTADO DE OAXACA,,,,68
930,state|21||cecyte|COLEGIO DE ESTUDIOS CIENTIFICOS Y TECNOLOGICOS,2,state,21,,,cecyte,COLEGIO DE ESTUDIOS CIENTIFICOS Y TECNOLOGICOS,high,state:ucA 2/2;state-subsystem;level:name-rules,COLEGIO DE ESTUDIOS CIENTÍFICOS Y TECNOLÓGICOS DEL ESTADO DE PUEBLA,,,,2
931,state|06||organismo de agua|COMISION DE AGUA POTABLE Y ALCANTARILLADO DE CUAUHTEMOC,1,state,06,,,organismo de agua,COMISION DE AGUA POTABLE Y ALCANTARILLADO DE CUAUHTEMOC,high,state:ucA 2/2;level:name-rules,COMISIÓN DE AGUA POTABLE Y ALCANTARILLADO DE CUAUHTÉMOC DEL ESTADO DE COLIMA,,,,2
932,state|06||organismo de agua|COMISION DE AGUA POTABLE Y ALCANTARILLADO DE MINATITLAN,1,state,06,,,organismo de agua,COMISION DE AGUA POTABLE Y ALCANTARILLADO DE MINATITLAN,high,state:ucA 5/5;level:name-rules,COMISIÓN DE AGUA POTABLE Y ALCANTARILLADO DE MINATITLÁN DEL ESTADO DE COLIMA,,,,5
933,state|14||organismo de agua|COMISION DEL AGUA,2,state,14,,,organismo de agua,COMISION DEL AGUA,high,state:ucA 230/230;level:name-rules,COMISIÓN ESTATAL DEL AGUA DE JALISCO,,,,230
934,state|20||organismo|CONSEJO DE SEGURIDAD PUBLICA,1,state,20,,,organismo,CONSEJO DE SEGURIDAD PUBLICA,high,state:ucA 17/17;level:name-rules,CONSEJO ESTATAL DE SEGURIDAD PÚBLICA DE OAXACA,,,,17
935,,,federal,,,,organismo,CONSEJO NACIONAL DE NORMALIZACION Y CERTIFICACION DE COMPETENCIAS LABORALES,n/a,level:ucAfed 71/71,CONSEJO NACIONAL DE NORMALIZACIÓN Y CERTIFICACIÓN DE COMPETENCIAS LABORALES,,,,71
936,,,federal,,,,organismo,COORDINACION GENERAL DEL PROGRAMA NACIONAL DE APOYO PARA LAS EMPRESAS DE SOLIDARIDAD,n/a,level:ucAfed 132/132,COORDINACIÓN GENERAL DEL PROGRAMA NACIONAL DE APOYO PARA LAS EMPRESAS DE SOLIDARIDAD,,,,132
937,,,federal,,,,organismo,DICONSA SUCURSAL ESTATAL TAMAULIPAS,n/a,level:ucAfed 1/1,DICONSA S.A. DE C.V. SUCURSAL ESTATAL TAMAULIPAS,,,,1
938,state|19||organismo|FIDEICOMISO DE VIDA SILVESTRE,1,state,19,,,organismo,FIDEICOMISO DE VIDA SILVESTRE,high,state:ucA 4/4;level:name-rules,FIDEICOMISO DE VIDA SILVESTRE DE NUEVO LEÓN,,,,4
939,state|19||organismo|FIDEICOMISO FONDO DE FOMENTO AGROPECUARIO,1,state,19,,,organismo,FIDEICOMISO FONDO DE FOMENTO AGROPECUARIO,high,state:ucA 7/7;level:name-rules,FIDEICOMISO FONDO DE FOMENTO AGROPECUARIO DEL ESTADO DE NUEVO LEÓN,,,,7
940,state|28||organismo|FIDEICOMISO PARA EL DESARROLLO REGIONAL NORESTE NO 2048,1,state,28,,,organismo,FIDEICOMISO PARA EL DESARROLLO REGIONAL NORESTE NO 2048,high,state:ucA 1/1;level:name-rules,FIDEICOMISO PARA EL DESARROLLO REGIONAL NORESTE No. 2048 EN TAMAULIPAS,,,,1
941,state|19||organismo|FIDEICOMISO PROMOTOR DE PROYECTOS ESTRATEGICOS URBANOS,2,state,19,,,organismo,FIDEICOMISO PROMOTOR DE PROYECTOS ESTRATEGICOS URBANOS,high,state:ucA 44/44;level:name-rules,FIDEICOMISO PROMOTOR DE PROYECTOS ESTRATÉGICOS URBANOS DE NUEVO LEÓN,,,,44
942,state|05||organismo|FIDEICOMISO REGIONAL DE SEGURIDAD PUBLICA ZONA LAGUNA,1,state,05,,,organismo,FIDEICOMISO REGIONAL DE SEGURIDAD PUBLICA ZONA LAGUNA,high,state:ucA 1/1;level:name-rules,"FIDEICOMISO REGIONAL DE SEGURIDAD PÚBLICA, ZONA LAGUNA EN COAHUILA",,,,1
943,municipal|15|15009|ayuntamiento|,2,municipal,15,15009,Amecameca,ayuntamiento,,high,state:ucA 1/1;level:name-rules;muni:inegi;singleton-body,"H. AYUNTAMIENTO CONSTITUCIONAL DE AMECAMECA, MÉXICO",,,,1
944,municipal|04|04003|ayuntamiento|,3,municipal,04,04003,Carmen,ayuntamiento,,high,state:ucA 10/10;level:name-rules;muni:inegi;singleton-body,H. AYUNTAMIENTO CONSTITUCIONAL DE CARMEN EN EL ESTADO DE CAMPECHE,,,,10
945,municipal|15|15026|ayuntamiento|,2,municipal,15,15026,Chapa de Mota,ayuntamiento,,high,state:ucA 14/14;level:name-rules;muni:inegi;singleton-body,"H. AYUNTAMIENTO CONSTITUCIONAL DE CHAPA DE MOTA, MÉXICO",,,,15
946,municipal|12|12028|ayuntamiento|,1,municipal,12,12028,Chilapa de Álvarez,ayuntamiento,,high,state:ucA 2/2;level:name-rules;muni:inegi;singleton-body,"H. AYUNTAMIENTO CONSTITUCIONAL DE CHILAPA DE ALVAREZ, GUERRERO",,,,2
947,municipal|06|06009|ayuntamiento|,3,municipal,06,06009,Tecomán,ayuntamiento,,high,state:ucA 17/17;level:name-rules;muni:inegi;singleton-body,H. AYUNTAMIENTO CONSTITUCIONAL DE TECOMÁN DEL ESTADO DE COLIMA,,,,17
948,municipal|07|07092|ayuntamiento|,1,municipal,07,07092,Tecpatán,ayuntamiento,,high,state:ucA 1/1;level:name-rules;muni:inegi;singleton-body,"H. AYUNTAMIENTO CONSTITUCIONAL DE TECPATÁN, CHIAPAS",,,,1
949,municipal|15|15095|ayuntamiento|,2,municipal,15,15095,Tepotzotlán,ayuntamiento,,high,state:ucA 16/16;level:name-rules;muni:inegi;singleton-body,"H. AYUNTAMIENTO CONSTITUCIONAL DE TEPOTZOTLÁN, MÉXICO",,,,16
950,municipal|12|12046|ayuntamiento|,2,municipal,12,12046,Ometepec,ayuntamiento,,high,state:ucA 1/1;level:name-rules;muni:inegi;singleton-body,"H. AYUNTAMIENTO MUNICIPAL CONSTITUCIONAL DE OMETEPEC, GUERRERO",,,,1
951,municipal|04|04004|ayuntamiento|,3,municipal,04,04004,Champotón,ayuntamiento,,high,state:ucA 3/3;level:name-rules;muni:inegi;singleton-body,"H. AYUNTAMIENTO MUNICIPAL DE CHAMPOTÓN, CAMPECHE",,,,3
952,municipal|08|08017|ayuntamiento|,2,municipal,08,08017,Cuauhtémoc,ayuntamiento,,high,state:ucA 13/13;level:name-rules;muni:inegi;singleton-body,"H. AYUNTAMIENTO MUNICIPAL DE CUAUHTÉMOC, CHIHUAHUA",,,,13
953,municipal|10|10005|ayuntamiento|,3,municipal,10,10005,Durango,ayuntamiento,,high,state:ucA 4/4;level:name-rules;muni:inegi;singleton-body,H. AYUNTAMIENTO MUNICIPAL DE DURANGO,,,,4
954,municipal|26|26025|ayuntamiento|,2,municipal,26,26025,Empalme,ayuntamiento,,high,state:ucA 2/2;level:name-rules;muni:inegi;singleton-body,"H. AYUNTAMIENTO MUNICIPAL DE EMPALME, SONORA",,,,2
955,municipal|19|19039|ayuntamiento|,3,municipal,19,19039,Monterrey,ayuntamiento,,high,state:ucA 89/89;level:name-rules;muni:inegi;singleton-body,H. AYUNTAMIENTO MUNICIPAL DE MONTERREY NUEVO LEÓN,,,,89
956,municipal|15|15124|ayuntamiento|,2,municipal,15,15124,San José del Rincón,ayuntamiento,,high,state:ucA 14/14;level:name-rules;muni:inegi;singleton-body,"H. AYUNTAMIENTO MUNICIPAL DE SAN JOSÉ DEL RINCÓN, ESTADO DE MÉXICO",,,,14
957,municipal|15|15103|ayuntamiento|,2,municipal,15,15103,Tlalmanalco,ayuntamiento,,high,state:ucA 5/5;level:name-rules;muni:inegi;singleton-body,"H. AYUNTAMIENTO MUNICIPAL DE TLALMANALCO, ESTADO DE MÉXICO",,,,5
958,municipal|12|12080|ayuntamiento|,2,municipal,12,12080,Juchitán,ayuntamiento,,high,state:ucA 2/2;level:name-rules;muni:inegi;singleton-body,"H. AYUNTAMIENTO MUNICIPAL INSTITUYENTE DE JUCHITÁN, GUERRERO",,,,2
959,,,federal,20,,,hospital,HOSPITAL REGIONAL DE ALTA ESPECIALIDAD,n/a,state:text;level:ucfed 2127/2127,HOSPITAL REGIONAL DE ALTA ESPECIALIDAD DE OAXACA,,,,2277
960,,,federal,,,,hospital,HOSPITAL REGIONAL DE ALTA ESPECIALIDAD DEL BAJIO,n/a,level:ucfed 4440/4440,HOSPITAL REGIONAL DE ALTA ESPECIALIDAD DEL BAJÍO,,,,4460
961,state|26||organismo|INSTITUTO DE ACUACULTURA,1,state,26,,,organismo,INSTITUTO DE ACUACULTURA,high,state:ucA 3/3;level:name-rules,INSTITUTO DE ACUACULTURA DEL ESTADO DE SONORA,,,,3
962,state|19||organismo|INSTITUTO DE CONTROL VEHICULAR,1,state,19,,,organismo,INSTITUTO DE CONTROL VEHICULAR,high,state:ucA 10/10;level:name-rules,INSTITUTO DE CONTROL VEHICULAR DEL ESTADO DE NUEVO LEÓN,,,,10
963,state|31||organismo|INSTITUTO DE CULTURA,1,state,31,,,organismo,INSTITUTO DE CULTURA,high,state:ucA 61/61;level:name-rules,INSTITUTO DE CULTURA DE YUCATÁN,,,,61
964,state|20||organismo|INSTITUTO DE LA VIVIENDA,1,state,20,,,organismo,INSTITUTO DE LA VIVIENDA,high,state:ucA 22/22;level:name-rules,INSTITUTO DE LA VIVIENDA DE OAXACA,,,,22
965,state|15||organismo|INSTITUTO DE SEGURIDAD SOCIAL Y MUNICIPIOS,1,state,15,,,organismo,INSTITUTO DE SEGURIDAD SOCIAL Y MUNICIPIOS,high,state:ucA 15/15;level:name-rules,INSTITUTO DE SEGURIDAD SOCIAL DEL ESTADO DE MÉXICO Y MUNICIPIOS,,,,15
966,state|17||organismo|INSTITUTO DEL DEPORTE Y CULTURA FISICA,2,state,17,,,organismo,INSTITUTO DEL DEPORTE Y CULTURA FISICA,high,state:ucA 6/6;level:name-rules,INSTITUTO DEL DEPORTE Y CULTURA FÍSICA DEL ESTADO DE MORELOS,,,,6
967,state|05||organismo|INSTITUTO DEL DEPORTE,1,state,05,,,organismo,INSTITUTO DEL DEPORTE,high,state:ucA 1/1;level:name-rules,INSTITUTO ESTATAL DEL DEPORTE DE COAHUILA,,,,1
968,state|23||organismo|INSTITUTO PARA LA EDUCACION DE JOVENES Y ADULTOS,1,state,23,,,organismo,INSTITUTO PARA LA EDUCACION DE JOVENES Y ADULTOS,high,state:ucA 1/1;level:name-rules,INSTITUTO ESTATAL PARA LA EDUCACIÓN DE JÓVENES Y ADULTOS EN QUINTANA ROO,,,,1
969,state|21||organismo|INSTITUTO DE LA MUJER,1,state,21,,,organismo,INSTITUTO DE LA MUJER,medium,state:ucA 1/1;level:name-rules;gentilicio-stripped,INSTITUTO POBLANO DE LA MUJER,,,,1
970,,,federal,29,,,instituto tecnologico (TecNM federal),INSTITUTO TECNOLOGICO DE APIZACO,n/a,state:ucA 8/8;TecNM campus;level:name-rules,"INSTITUTO TECNOLÓGICO DE APIZACO, TLAXCALA",,,,8
971,state|04||tecnologico superior (estatal)|INSTITUTO TECNOLOGICO SUPERIOR DE CALKINI,3,state,04,,,tecnologico superior (estatal),INSTITUTO TECNOLOGICO SUPERIOR DE CALKINI,high,state:ucA 1/1;state-subsystem;level:name-rules,"INSTITUTO TECNOLÓGICO SUPERIOR DE CALKINI, CAMPECHE",,,,1
972,state|13||tecnologico superior (estatal)|INSTITUTO TECNOLOGICO SUPERIOR DEL ORIENTE,2,state,13,,,tecnologico superior (estatal),INSTITUTO TECNOLOGICO SUPERIOR DEL ORIENTE,high,state:ucA 17/17;state-subsystem;level:name-rules,INSTITUTO TECNOLÓGICO SUPERIOR DEL ORIENTE DEL ESTADO DE HIDALGO,,,,17
973,state|30||organismo|INSTITUTO DE DESARROLLO REGIONAL URBANO Y VIVIENDA,1,state,30,,,organismo,INSTITUTO DE DESARROLLO REGIONAL URBANO Y VIVIENDA,medium,state:ucA 17/17;level:name-rules;gentilicio-stripped,"INSTITUTO VERACRUZANO DE DESARROLLO REGIONAL, URBANO Y VIVIENDA",,,,17
974,municipal|11|11017|organismo de agua|JUNTA DE AGUA POTABLE DRENAJE ALCANTARILLADO Y SANEAMIENTO,2,municipal,11,11017,Irapuato,organismo de agua,JUNTA DE AGUA POTABLE DRENAJE ALCANTARILLADO Y SANEAMIENTO,high,state:ucA 31/31;level:name-rules;muni:inegi,"JUNTA DE AGUA POTABLE, DRENAJE,  ALCANTARILLADO  Y SANEAMIENTO DEL MUNICIPIO DE IRAPUATO, GUANAJUATO",,,,31
975,state|02||organismo|JUNTA DE URBANIZACION,2,state,02,,,organismo,JUNTA DE URBANIZACION,high,state:ucA 19/19;level:name-rules,JUNTA DE URBANIZACIÓN DEL ESTADO DE BAJA CALIFORNIA,,,,19
976,municipal|24|24001|ayuntamiento|,1,municipal,24,24001,Ahualulco del Sonido 13,ayuntamiento,,high,state:ucA 2/2;level:name-rules;muni:inegi;singleton-body,"MUNICIPIO DE AHUALULCO, SAN LUIS POTOSÍ",,,,2
977,municipal|22|22006|ayuntamiento|,2,municipal,22,22006,Corregidora,ayuntamiento,,high,state:ucA 22/22;level:name-rules;muni:inegi;singleton-body,"MUNICIPIO DE CORREGIDORA, QUERÉTARO",,,,22
978,municipal|24|24037|ayuntamiento|,3,municipal,24,24037,Tamazunchale,ayuntamiento,,high,state:ucA 7/7;level:name-rules;muni:inegi;singleton-body,"MUNICIPIO DE TAMAZUNCHALE, SAN LUIS POTOSÍ",,,,7
979,municipal|15|15086|ayuntamiento|,2,municipal,15,15086,Temascaltepec,ayuntamiento,,high,state:ucA 3/3;level:name-rules;muni:inegi;singleton-body,"MUNICIPIO DE TEMASCALTEPEC, ESTADO DE MÉXICO",,,,3
980,municipal|22|22018|ayuntamiento|,2,municipal,22,22018,Tolimán,ayuntamiento,,high,state:ucA 5/5;level:name-rules;muni:inegi;singleton-body,"MUNICIPIO DE TOLIMÁN, QUERÉTARO",,,,5
981,state|19||organismo|PARQUE FUNDIDORA,2,state,19,,,organismo,PARQUE FUNDIDORA,high,state:ucA 12/12;level:name-rules,O.P.D. PARQUE FUNDIDORA,,,,12
982,state|19||organismo|PARQUES Y VIDA SILVESTRE,1,state,19,,,organismo,PARQUES Y VIDA SILVESTRE,high,state:ucA 1/1;level:name-rules,PARQUES Y VIDA SILVESTRE DE NUEVO LEÓN,,,,1
983,state|24||organismo|PATRONATO PARA LA ORGANIZACION DIFUSION Y ADMINISTRACION DE LA FERIA NACIONAL,2,state,24,,,organismo,PATRONATO PARA LA ORGANIZACION DIFUSION Y ADMINISTRACION DE LA FERIA NACIONAL,medium,state:ucA 7/7;level:name-rules;gentilicio-stripped,"PATRONATO PARA LA ORGANIZACIÓN, DIFUSIÓN Y ADMINISTRACIÓN DE LA FERIA NACIONAL POTOSINA",,,,7
984,state|23||fiscalia/procuraduria|PROCURADURIA GENERAL DE JUSTICIA,2,state,23,,,fiscalia/procuraduria,PROCURADURIA GENERAL DE JUSTICIA,high,state:ucA 20/20;level:name-rules,PROCURADURÍA GENERAL DE JUSTICIA DEL ESTADO DE QUINTANA ROO,,,,20
985,state|14||secretaria|SECRETARIA DE ADMINISTRACION,2,state,14,,,secretaria,SECRETARIA DE ADMINISTRACION,high,state:ucA 51/51;level:name-rules,SECRETARÍA DE ADMINISTRACIÓN DEL ESTADO DE JALISCO,,,,51
986,state|25||secretaria|SECRETARIA DE ADMINISTRACION Y FINANZAS,2,state,25,,,secretaria,SECRETARIA DE ADMINISTRACION Y FINANZAS,high,state:ucA 217/217;level:name-rules,SECRETARÍA DE ADMINISTRACIÓN Y FINANZAS DEL ESTADO DE SINALOA,,,,217
987,state|15||secretaria|SECRETARIA DE DESARROLLO ECONOMICO,1,state,15,,,secretaria,SECRETARIA DE DESARROLLO ECONOMICO,high,state:ucA 2/2;level:name-rules,SECRETARÍA DE DESARROLLO ECONÓMICO DEL ESTADO DE MÉXICO,,,,2
988,state|05||secretaria|SECRETARIA DE DESARROLLO REGIONAL DE LA LAGUNA,1,state,05,,,secretaria,SECRETARIA DE DESARROLLO REGIONAL DE LA LAGUNA,high,state:ucA 79/79;level:name-rules,"SECRETARÍA DE DESARROLLO REGIONAL DE LA LAGUNA, ESTADO DE COAHUILA",,,,79
989,state|06||secretaria|SECRETARIA DE DESARROLLO RURAL,1,state,06,,,secretaria,SECRETARIA DE DESARROLLO RURAL,high,state:ucA 10/10;level:name-rules,SECRETARÍA DE DESARROLLO RURAL DEL ESTADO DE COLIMA,,,,10
990,state|26||secretaria|SECRETARIA DE INFRAESTRUCTURA Y DESARROLLO URBANO,3,state,26,,,secretaria,SECRETARIA DE INFRAESTRUCTURA Y DESARROLLO URBANO,high,state:ucA 29/29;level:name-rules,SECRETARÍA DE INFRAESTRUCTURA Y DESARROLLO URBANO DEL ESTADO DE SONORA,,,,29
991,state|05||secretaria|SECRETARIA DE LA FUNCION PUBLICA,1,state,05,,,secretaria,SECRETARIA DE LA FUNCION PUBLICA,high,state:ucA 15/15;level:name-rules,SECRETARÍA DE LA FUNCIÓN PÚBLICA DEL ESTADO DE COAHUILA,,,,15
992,state|05||secretaria|SECRETARIA DE OBRAS PUBLICAS Y TRANSPORTE,1,state,05,,,secretaria,SECRETARIA DE OBRAS PUBLICAS Y TRANSPORTE,high,state:ucA 395/395;level:name-rules,SECRETARÍA DE OBRAS PÚBLICAS Y TRANSPORTE DEL ESTADO DE COAHUILA,,,,396
993,state|03||secretaria|SECRETARIA DE PESCA Y ACUACULTURA,1,state,03,,,secretaria,SECRETARIA DE PESCA Y ACUACULTURA,high,state:ucA 2/2;level:name-rules,SECRETARÍA DE PESCA Y ACUACULTURA DEL ESTADO DE BAJA CALIFORNIA SUR,,,,2
994,state|20||secretaria|SECRETARIA DE PROTECCION CIUDADANA,1,state,20,,,secretaria,SECRETARIA DE PROTECCION CIUDADANA,high,state:ucA 15/15;level:name-rules,SECRETARÍA DE PROTECCIÓN CIUDADANA DEL ESTADO DE OAXACA,,,,15
995,state|07||secretaria|SECRETARIA DE TURISMO,2,state,07,,,secretaria,SECRETARIA DE TURISMO,high,state:ucA 2/2;level:name-rules,SECRETARÍA DE TURISMO DEL ESTADO DE CHIAPAS,,,,2
996,state|07||secretaria|SECRETARIA DEL CAMPO,1,state,07,,,secretaria,SECRETARIA DEL CAMPO,high,state:ucA 10/10;level:name-rules,SECRETARÍA DEL CAMPO DEL ESTADO DE CHIAPAS,,,,10
997,state|15||secretaria|SECRETARIA GENERAL DE GOBIERNO,2,state,15,,,secretaria,SECRETARIA GENERAL DE GOBIERNO,high,state:ucA 8/8;level:name-rules,SECRETARÍA GENERAL DE GOBIERNO DEL ESTADO DE MÉXICO,,,,8
998,state|15||organismo|SISTEMA DE AUTOPISTAS AEROPUERTOS SERVICIOS CONEXOS Y AUXILIARES,1,state,15,,,organismo,SISTEMA DE AUTOPISTAS AEROPUERTOS SERVICIOS CONEXOS Y AUXILIARES,high,state:ucA 19/19;level:name-rules,"SISTEMA DE AUTOPISTAS, AEROPUERTOS, SERVICIOS CONEXOS Y AUXILIARES DEL ESTADO DE MÉXICO",,,,19
999,state|15||organismo|SISTEMA DE RADIO Y TELEVISION,1,state,15,,,organismo,SISTEMA DE RADIO Y TELEVISION,medium,state:ucA 17/17;level:name-rules;gentilicio-stripped,SISTEMA DE RADIO Y TELEVISIÓN MEXIQUENSE,,,,17
1000,state|23||organismo|SISTEMA DE SEGURIDAD PUBLICA,1,state,23,,,organismo,SISTEMA DE SEGURIDAD PUBLICA,high,state:ucA 18/18;level:name-rules,SISTEMA ESTATAL DE SEGURIDAD PÚBLICA EN QUINTANA ROO,,,,18
1001,municipal|05|05010|organismo de agua intermunicipal|SISTEMA INTERMUNICIPAL DE AGUAS Y SANEAMIENTO DE MONCLOVA,1,municipal,05,05010,Frontera,organismo de agua intermunicipal,SISTEMA INTERMUNICIPAL DE AGUAS Y SANEAMIENTO DE MONCLOVA,high,state:ucA 2/2;level:name-rules;muni:inegi,SISTEMA INTERMUNICIPAL DE AGUAS Y SANEAMIENTO DE MONCLOVA Y FRONTERA EN COAHUILA,,,,2
1002,state|05||dif estatal|,2,state,05,,,dif estatal,,high,state:ucA 44/44;level:name-rules;singleton-body,SISTEMA PARA EL DESARROLLO INTEGRAL DE LA FAMILIA DEL ESTADO DE COAHUILA,,,,44
1003,state|15||tecnologico superior (estatal)|TECNOLOGICO DE ESTUDIOS SUPERIORES DE CHALCO,1,state,15,,,tecnologico superior (estatal),TECNOLOGICO DE ESTUDIOS SUPERIORES DE CHALCO,high,state:ucA 3/3;state-subsystem;level:name-rules,TECNOLÓGICO DE ESTUDIOS SUPERIORES DE CHALCO,,,,3
1004,state|15||tecnologico superior (estatal)|TECNOLOGICO DE ESTUDIOS SUPERIORES DEL ORIENTE,2,state,15,,,tecnologico superior (estatal),TECNOLOGICO DE ESTUDIOS SUPERIORES DEL ORIENTE,high,state:ucA 2/2;state-subsystem;level:name-rules,TECNOLÓGICO DE ESTUDIOS SUPERIORES DEL ORIENTE DEL ESTADO DE MÉXICO,,,,2
1005,state|08||universidad estatal|UNIVERSIDAD AUTONOMA DE CIUDAD JUAREZ,1,state,08,,,universidad estatal,UNIVERSIDAD AUTONOMA DE CIUDAD JUAREZ,medium,state:text;level:name-rules,"UNIVERSIDAD AUTÓNOMA DE CIUDAD JUÁREZ, CHIHUAHUA",,,,94
1006,state|10||universidad politecnica|UNIVERSIDAD POLITECNICA,1,state,10,,,universidad politecnica,UNIVERSIDAD POLITECNICA,high,state:ucA 5/5;state-subsystem;level:name-rules,UNIVERSIDAD POLITÉCNICA DE DURANGO,,,,5
1007,state|23||organismo|ADMINISTRACION PORTUARIA INTEGRAL,2,state,23,,,organismo,ADMINISTRACION PORTUARIA INTEGRAL,high,state:ucA 14/14;level:name-rules,ADMINISTRACIÓN PORTUARIA INTEGRAL DE QUINTANA ROO S.A. DE C.V.,,,,14
1008,state|19||organismo|AGENCIA PARA LA PLANEACION DEL DESARROLLO URBANO,1,state,19,,,organismo,AGENCIA PARA LA PLANEACION DEL DESARROLLO URBANO,high,state:ucA 5/5;level:name-rules,AGENCIA PARA LA PLANEACIÓN DEL DESARROLLO URBANO DE NUEVO LEÓN,,,,5
1009,state|03||colegio de bachilleres|COLEGIO DE BACHILLERES,1,state,03,,,colegio de bachilleres,COLEGIO DE BACHILLERES,high,state:ucA 10/10;state-subsystem;level:name-rules,COLEGIO DE BACHILLERES DEL ESTADO DE BAJA CALIFORNIA SUR,,,,10
1011,state|27||colegio de bachilleres|COLEGIO DE BACHILLERES,3,state,27,,,colegio de bachilleres,COLEGIO DE BACHILLERES,high,state:ucA 10/10;state-subsystem;level:name-rules,COLEGIO DE BACHILLERES DEL ESTADO DE TABASCO,,,,10
1012,state|13||cecyte|COLEGIO DE ESTUDIOS CIENTIFICOS Y TECNOLOGICOS,2,state,13,,,cecyte,COLEGIO DE ESTUDIOS CIENTIFICOS Y TECNOLOGICOS,high,state:uc9 16/16;level:uc9 16/16,COLEGIO DE ESTUDIOS CIENTÍFICOS Y TECNOLÓGICOS DEL ESTADO DE HIDALGO,,,,22
1013,municipal|25|25006|organismo|COMISION MUNICIPAL DE DESARROLLO DE CENTROS POBLADOS,2,municipal,25,25006,Culiacán,organismo,COMISION MUNICIPAL DE DESARROLLO DE CENTROS POBLADOS,high,state:ucA 35/35;level:name-rules;muni:inegi,"COMISIÓN MUNICIPAL DE DESARROLLO DE CENTROS POBLADOS DE CULIACÁN, SINALOA",,,,35
1014,state|31||organismo|COMISION ORDENADORA DEL USO DEL SUELO,1,state,31,,,organismo,COMISION ORDENADORA DEL USO DEL SUELO,high,state:ucA 7/7;level:name-rules,COMISIÓN ORDENADORA DEL USO DEL SUELO DEL ESTADO DE YUCATÁN,,,,7
1015,state|23||organismo|COMITE DE PLANEACION PARA EL DESARROLLO,1,state,23,,,organismo,COMITE DE PLANEACION PARA EL DESARROLLO,high,state:ucA 1/1;level:name-rules,COMITÉ DE PLANEACIÓN PARA EL DESARROLLO DEL ESTADO DE QUINTANA ROO,,,,1
1016,state|31||organismo|CONSEJERIA JURIDICA,2,state,31,,,organismo,CONSEJERIA JURIDICA,high,state:ucA 16/16;level:name-rules,CONSEJERÍA JURÍDICA DEL ESTADO DE YUCATÁN,,,,16
1017,state|15||organismo|CONSEJO DE LA MUJER Y BIENESTAR SOCIAL,1,state,15,,,organismo,CONSEJO DE LA MUJER Y BIENESTAR SOCIAL,high,state:ucA 9/9;level:name-rules,CONSEJO ESTATAL DE LA MUJER Y BIENESTAR SOCIAL EN EL ESTADO DE MÉXICO,,,,9
1018,,,federal,,,,organismo,FIDEICOMISO PROMEXICO,n/a,level:ucAfed 47/47,FIDEICOMISO PROMÉXICO,,,,47
1019,,,federal,,,,organismo,FONATUR CONSTRUCTORA,n/a,level:ucAfed 7/7,FONATUR CONSTRUCTORA S.A. DE C.V.,,,,7
1020,municipal|15|15003|ayuntamiento|,2,municipal,15,15003,Aculco,ayuntamiento,,high,state:ucA 7/7;level:name-rules;muni:inegi;singleton-body,"H. AYUNTAMIENTO CONSTITUCIONAL DE ACULCO, ESTADO DE MÉXICO",,,,7
1021,municipal|07|07004|ayuntamiento|,1,municipal,07,07004,Altamirano,ayuntamiento,,high,state:ucA 6/6;level:name-rules;muni:inegi;singleton-body,"H. AYUNTAMIENTO CONSTITUCIONAL DE ALTAMIRANO, CHIAPAS",,,,6
1022,municipal|23|23003|ayuntamiento|,2,municipal,23,23003,Isla Mujeres,ayuntamiento,,high,state:ucA 8/8;level:name-rules;muni:inegi;singleton-body,H. AYUNTAMIENTO CONSTITUCIONAL DE ISLA MUJERES DEL ESTADO DE QUINTANA ROO,,,,8
1023,municipal|27|27010|ayuntamiento|,3,municipal,27,27010,Jalpa de Méndez,ayuntamiento,,high,state:ucA 3/3;level:name-rules;muni:inegi;singleton-body,"H. AYUNTAMIENTO CONSTITUCIONAL DE JALPA DE MÉNDEZ, TABASCO",,,,3
1024,municipal|15|15066|ayuntamiento|,1,municipal,15,15066,Otzoloapan,ayuntamiento,,high,state:ucA 1/1;level:name-rules;muni:inegi;singleton-body,"H. AYUNTAMIENTO CONSTITUCIONAL DE OTZOLOAPAN, ESTADO DE MÉXICO",,,,1
1025,municipal|14|14067|ayuntamiento|,3,municipal,14,14067,Puerto Vallarta,ayuntamiento,,high,state:ucA 18/18;level:name-rules;muni:inegi;singleton-body,H. AYUNTAMIENTO CONSTITUCIONAL DE PUERTO VALLARTA DEL ESTADO DE JALISCO,,,,18
1026,municipal|15|15101|ayuntamiento|,2,municipal,15,15101,Tianguistenco,ayuntamiento,,high,state:ucA 10/10;level:name-rules;muni:inegi;singleton-body,"H. AYUNTAMIENTO CONSTITUCIONAL DE SANTIAGO TIANGUISTENCO DE GALEANA, ESTADO DE MÉXICO",,,,10
1027,municipal|24|24039|ayuntamiento|,3,municipal,24,24039,Tampamolón Corona,ayuntamiento,,high,state:ucA 8/8;level:name-rules;muni:inegi;singleton-body,"H. AYUNTAMIENTO CONSTITUCIONAL DE TAMPAMOLÓN CORONA, SAN LUIS POTOSÍ",,,,8
1028,municipal|15|15111|ayuntamiento|,2,municipal,15,15111,Villa de Allende,ayuntamiento,,high,state:ucA 2/2;level:name-rules;muni:inegi;singleton-body,"H. AYUNTAMIENTO CONSTITUCIONAL DE VILLA DE ALLENDE, MÉXICO",,,,2
1029,municipal|15|15093|ayuntamiento|,1,municipal,15,15093,Tepetlaoxtoc,ayuntamiento,,high,state:ucA 6/6;level:name-rules;muni:inegi;singleton-body,"H. AYUNTAMIENTO CONSTITUCIONAL MUNICIPAL DE TEPETLAOXTOC, ESTADO DE  MÉXICO",,,,6
1030,municipal|26|26001|ayuntamiento|,1,municipal,26,26001,Aconchi,ayuntamiento,,high,state:ucA 1/1;level:name-rules;muni:inegi;singleton-body,"H. AYUNTAMIENTO MUNICIPAL DE ACONCHI, SONORA",,,,1
1031,municipal|26|26002|ayuntamiento|,2,municipal,26,26002,Agua Prieta,ayuntamiento,,high,state:ucA 2/2;level:name-rules;muni:inegi;singleton-body,H. AYUNTAMIENTO MUNICIPAL DE AGUA PRIETA SONORA,,,,2
1032,municipal|28|28003|ayuntamiento|,3,municipal,28,28003,Altamira,ayuntamiento,,high,state:ucA 3/3;level:name-rules;muni:inegi;singleton-body,"H. AYUNTAMIENTO MUNICIPAL DE ALTAMIRA, TAMAULIPAS",,,,3
1033,municipal|26|26018|ayuntamiento|,3,municipal,26,26018,Cajeme,ayuntamiento,,high,state:ucA 75/75;level:name-rules;muni:inegi;singleton-body,"H. AYUNTAMIENTO MUNICIPAL DE CAJEME, SONORA",,,,75
1034,municipal|31|31012|ayuntamiento|,2,municipal,31,31012,Cenotillo,ayuntamiento,,high,state:ucA 3/3;level:name-rules;muni:inegi;singleton-body,"H. AYUNTAMIENTO MUNICIPAL DE CENOTILLO, YUCATÁN",,,,3
1035,municipal|26|26033|ayuntamiento|,1,municipal,26,26033,Huatabampo,ayuntamiento,,high,state:ucA 3/3;level:name-rules;muni:inegi;singleton-body,"H. AYUNTAMIENTO MUNICIPAL DE HUATABAMPO, SONORA",,,,3
1036,municipal|24|24018|ayuntamiento|,1,municipal,24,24018,Huehuetlán,ayuntamiento,,high,state:ucA 1/1;level:name-rules;muni:inegi;singleton-body,"H. AYUNTAMIENTO MUNICIPAL DE HUEHUETLÁN, SAN LUIS POTOSÍ",,,,1
1037,municipal|27|27008|ayuntamiento|,3,municipal,27,27008,Huimanguillo,ayuntamiento,,high,state:ucA 5/5;level:name-rules;muni:inegi;singleton-body,"H. AYUNTAMIENTO MUNICIPAL DE HUIMANGUILLO, TABASCO",,,,5
1038,municipal|15|15051|ayuntamiento|,2,municipal,15,15051,Lerma,ayuntamiento,,high,state:ucA 16/16;level:name-rules;muni:inegi;singleton-body,"H. AYUNTAMIENTO MUNICIPAL DE LERMA, ESTADO DE MEXICO",,,,16
1039,municipal|03|03008|ayuntamiento|,3,municipal,03,03008,Los Cabos,ayuntamiento,,high,state:ucA 36/36;level:name-rules;muni:inegi;singleton-body,H. AYUNTAMIENTO MUNICIPAL DE LOS CABOS EN BAJA CALIFORNIA SUR,,,,37
1040,municipal|25|25012|ayuntamiento|,3,municipal,25,25012,Mazatlán,ayuntamiento,,high,state:ucA 5/5;level:name-rules;muni:inegi;singleton-body,"H. AYUNTAMIENTO MUNICIPAL DE MAZATLÁN, SINALOA",,,,5
1041,municipal|15|15056|ayuntamiento|,2,municipal,15,15056,Morelos,ayuntamiento,,high,state:ucA 5/5;level:name-rules;muni:inegi;singleton-body,"H. AYUNTAMIENTO MUNICIPAL DE MORELOS, ESTADO DE MÉXICO",,,,5
1042,municipal|26|26042|ayuntamiento|,2,municipal,26,26042,Navojoa,ayuntamiento,,high,state:ucA 14/14;level:name-rules;muni:inegi;singleton-body,"H. AYUNTAMIENTO MUNICIPAL DE NAVOJOA, SONORA",,,,14
1043,municipal|10|10023|ayuntamiento|,2,municipal,10,10023,Pueblo Nuevo,ayuntamiento,,high,state:ucA 1/1;level:name-rules;muni:inegi;singleton-body,"H. AYUNTAMIENTO MUNICIPAL DE PUEBLO NUEVO, DURANGO",,,,1
1044,municipal|26|26048|ayuntamiento|,3,municipal,26,26048,Puerto Peñasco,ayuntamiento,,high,state:ucA 4/4;level:name-rules;muni:inegi;singleton-body,"H. AYUNTAMIENTO MUNICIPAL DE PUERTO PEÑASCO, SONORA",,,,4
1045,municipal|10|10026|ayuntamiento|,2,municipal,10,10026,San Dimas,ayuntamiento,,high,state:ucA 1/1;level:name-rules;muni:inegi;singleton-body,"H. AYUNTAMIENTO MUNICIPAL DE SAN DIMAS, DURANGO",,,,1
1046,municipal|31|31067|ayuntamiento|,1,municipal,31,31067,Seyé,ayuntamiento,,high,state:ucA 1/1;level:name-rules;muni:inegi;singleton-body,"H. AYUNTAMIENTO MUNICIPAL DE SEYE, YUCATÁN",,,,1
1047,municipal|31|31076|ayuntamiento|,2,municipal,31,31076,Tecoh,ayuntamiento,,high,state:ucA 2/2;level:name-rules;muni:inegi;singleton-body,"H. AYUNTAMIENTO MUNICIPAL DE TECOH, YUCATÁN",,,,2
1048,municipal|17|17022|ayuntamiento|,2,municipal,17,17022,Tetela del Volcán,ayuntamiento,,high,state:ucA 1/1;level:name-rules;muni:inegi;singleton-body,"H. AYUNTAMIENTO MUNICIPAL DE TETELA DEL VOLCÁN, MORELOS",,,,1
1049,municipal|31|31093|ayuntamiento|,2,municipal,31,31093,Tixkokob,ayuntamiento,,high,state:ucA 1/1;level:name-rules;muni:inegi;singleton-body,"H. AYUNTAMIENTO MUNICIPAL DE TIXKOKOB, YUCATÁN",,,,1
1050,,,federal,31,,,hospital,HOSPITAL REGIONAL DE ALTA ESPECIALIDAD DE LA PENINSULA,n/a,state:text;level:ucfed 2360/2360,HOSPITAL REGIONAL DE ALTA ESPECIALIDAD DE LA PENÍNSULA DE YUCATÁN,,,,2558
1051,state|07||infraestructura educativa|INSTITUTO DE LA INFRAESTRUCTURA FISICA EDUCATIVA,2,state,07,,,infraestructura educativa,INSTITUTO DE LA INFRAESTRUCTURA FISICA EDUCATIVA,high,state:uc9 88/88;level:uc9 88/88,INSTITUTO DE LA INFRAESTRUCTURA FÍSICA EDUCATIVA DEL ESTADO DE CHIAPAS,,,,103
1052,state|31||organismo|INSTITUTO DE VIVIENDA,2,state,31,,,organismo,INSTITUTO DE VIVIENDA,high,state:ucA 14/14;level:name-rules,INSTITUTO DE VIVIENDA DEL ESTADO DE YUCATÁN,,,,14
1053,state|27||organismo|INSTITUTO DE LAS MUJERES,2,state,27,,,organismo,INSTITUTO DE LAS MUJERES,high,state:ucA 1/1;level:name-rules,INSTITUTO ESTATAL DE LAS MUJERES EN TABASCO,,,,1
1054,,,federal,,,,organismo,INSTITUTO NACIONAL DE DESARROLLO SOCIAL,n/a,level:ucfed 756/756,INSTITUTO NACIONAL DE DESARROLLO SOCIAL,,,,767
1055,state|20||infraestructura educativa|INSTITUTO CONSTRUCTOR DE INFRAESTRUCTURA FISICA EDUCATIVA,1,state,20,,,infraestructura educativa,INSTITUTO CONSTRUCTOR DE INFRAESTRUCTURA FISICA EDUCATIVA,medium,state:ucA 116/116;level:name-rules;gentilicio-stripped,INSTITUTO OAXAQUEÑO CONSTRUCTOR DE INFRAESTRUCTURA FÍSICA EDUCATIVA,,,,116
1056,state|21||organismo|INSTITUTO DE LAS MUJERES,2,state,21,,,organismo,INSTITUTO DE LAS MUJERES,medium,state:ucA 2/2;level:name-rules;gentilicio-stripped,INSTITUTO POBLANO DE LAS MUJERES,,,,2
1057,state|23||organismo|INSTITUTO DE LA MUJER,2,state,23,,,organismo,INSTITUTO DE LA MUJER,medium,state:ucA 9/9;level:name-rules;gentilicio-stripped,INSTITUTO QUINTANARROENSE DE LA MUJER,,,,9
1058,state|25||infraestructura educativa|INSTITUTO DE LA INFRAESTRUCTURA FISICA EDUCATIVA,1,state,25,,,infraestructura educativa,INSTITUTO DE LA INFRAESTRUCTURA FISICA EDUCATIVA,medium,state:ucA 73/73;level:name-rules;gentilicio-stripped,INSTITUTO SINALOENSE DE LA INFRAESTRUCTURA FÍSICA EDUCATIVA,,,,73
1059,state|27||infraestructura educativa|INSTITUTO DE LA INFRAESTRUCTURA FISICA EDUCATIVA,2,state,27,,,infraestructura educativa,INSTITUTO DE LA INFRAESTRUCTURA FISICA EDUCATIVA,medium,state:ucA 57/57;level:name-rules;gentilicio-stripped,INSTITUTO TABASQUEÑO DE LA  INFRAESTRUCTURA FÍSICA EDUCATIVA,,,,57
1060,state|05||tecnologico superior (estatal)|INSTITUTO TECNOLOGICO DE ESTUDIOS SUPERIORES DE LA REGION CARBONIFERA,1,state,05,,,tecnologico superior (estatal),INSTITUTO TECNOLOGICO DE ESTUDIOS SUPERIORES DE LA REGION CARBONIFERA,high,state:ucA 4/4;state-subsystem;level:name-rules,INSTITUTO TECNOLÓGICO DE ESTUDIOS SUPERIORES DE LA REGIÓN CARBONÍFERA EN COAHUILA,,,,4
1061,state|27||tecnologico superior (estatal)|INSTITUTO TECNOLOGICO SUPERIOR DE MACUSPANA,1,state,27,,,tecnologico superior (estatal),INSTITUTO TECNOLOGICO SUPERIOR DE MACUSPANA,high,state:ucA 2/2;state-subsystem;level:name-rules,"INSTITUTO TECNOLÓGICO SUPERIOR DE MACUSPANA, TABASCO",,,,2
1062,state|30||organismo|INSTITUTO PARA EL DESARROLLO RURAL Y PESQUERO,1,state,30,,,organismo,INSTITUTO PARA EL DESARROLLO RURAL Y PESQUERO,medium,state:ucA 4/4;level:name-rules;gentilicio-stripped,INSTITUTO VERACRUZANO PARA EL DESARROLLO RURAL Y PESQUERO,,,,4
1063,municipal|08|08021|ayuntamiento|,3,municipal,08,08021,Delicias,ayuntamiento,,high,state:ucA 3/3;level:name-rules;muni:inegi;singleton-body,"MUNICIPIO DE DELICIAS, CHIHUAHUA",,,,3
1064,municipal|31|31059|ayuntamiento|,2,municipal,31,31059,Progreso,ayuntamiento,,high,state:ucA 1/1;level:name-rules;muni:inegi;singleton-body,MUNICIPIO DE PROGRESO DEL ESTADO DE YUCATÁN,,,,1
1065,municipal|28|28033|ayuntamiento|,3,municipal,28,28033,Río Bravo,ayuntamiento,,high,state:ucA 1/1;level:name-rules;muni:inegi;singleton-body,MUNICIPIO DE RÍO BRAVO TAMAULIPAS,,,,1
1066,municipal|31|31091|ayuntamiento|,2,municipal,31,31091,Tinum,ayuntamiento,,high,state:ucA 1/1;level:name-rules;muni:inegi;singleton-body,MUNICIPIO DE TINUM DEL ESTADO DE YUCATÁN,,,,1
1067,state|15||organismo de agua|ORGANISMO PUBLICO DESCENTRALIZADO PARA LA PRESTACION DE LOS SERVICIOS DE AGUA POTABLE ALCANTARILLADO Y SANEAMIENTO DEL MPIO DE ZINACANTEPEC,1,state,15,,,organismo de agua,ORGANISMO PUBLICO DESCENTRALIZADO PARA LA PRESTACION DE LOS SERVICIOS DE AGUA POTABLE ALCANTARILLADO Y SANEAMIENTO DEL MPIO DE ZINACANTEPEC,high,state:ucA 1/1;level:name-rules,"ORGANISMO PÚBLICO DESCENTRALIZADO PARA LA PRESTACIÓN DE LOS SERVICIOS DE AGUA POTABLE, ALCANTARILLADO Y SANEAMIENTO DEL MPIO DE ZINACANTEPEC, EDOMEX",,,,1
1068,state|30||fiscalia/procuraduria|PROCURADURIA GENERAL DE JUSTICIA,1,state,30,,,fiscalia/procuraduria,PROCURADURIA GENERAL DE JUSTICIA,high,state:ucA 2/2;level:name-rules,PROCURADURÍA GENERAL DE JUSTICIA DEL ESTADO DE VERACRUZ,,,,2
1069,state|27||organismo|RASTRO ESTATAL,1,state,27,,,organismo,RASTRO ESTATAL,high,state:ucA 1/1;level:name-rules,RASTRO ESTATAL DE TABASCO,,,,1
1070,state|27||secretaria|SECRETARIA DE COMUNICACIONES Y TRANSPORTES,2,state,27,,,secretaria,SECRETARIA DE COMUNICACIONES Y TRANSPORTES,high,state:ucA 4/4;level:name-rules,SECRETARÍA DE COMUNICACIONES Y TRANSPORTES DEL ESTADO DE TABASCO,,,,4
1071,state|21||secretaria|SECRETARIA DE CULTURA,1,state,21,,,secretaria,SECRETARIA DE CULTURA,high,state:ucA 1/1;level:name-rules,SECRETARÍA DE CULTURA DEL ESTADO DE PUEBLA,,,,1
1072,state|07||secretaria|SECRETARIA DE DESARROLLO SOCIAL,1,state,07,,,secretaria,SECRETARIA DE DESARROLLO SOCIAL,high,state:ucA 275/275;level:name-rules,SECRETARÍA DE DESARROLLO SOCIAL DEL ESTADO DE CHIAPAS,,,,275
1073,state|15||secretaria|SECRETARIA DE DESARROLLO URBANO,1,state,15,,,secretaria,SECRETARIA DE DESARROLLO URBANO,high,state:ucA 1/1;level:name-rules,SECRETARÍA DE DESARROLLO URBANO DEL ESTADO DE MÉXICO,,,,1
1074,state|11||secretaria|SECRETARIA DE EDUCACION,2,state,11,,,secretaria,SECRETARIA DE EDUCACION,high,state:ucA 1/1;level:name-rules,SECRETARÍA DE EDUCACIÓN DEL ESTADO DE GUANAJUATO,,,,1
1075,state|31||secretaria|SECRETARIA DE FOMENTO AGROPECUARIO Y PESQUERO,1,state,31,,,secretaria,SECRETARIA DE FOMENTO AGROPECUARIO Y PESQUERO,high,state:ucA 3/3;level:name-rules,SECRETARÍA DE FOMENTO AGROPECUARIO Y PESQUERO DEL ESTADO DE YUCATÁN,,,,3
1076,state|07||secretaria|SECRETARIA DE INFRAESTRUCTURA,2,state,07,,,secretaria,SECRETARIA DE INFRAESTRUCTURA,high,state:ucA 860/860;level:name-rules,SECRETARÍA DE INFRAESTRUCTURA DEL ESTADO DE CHIAPAS,,,,870
1077,state|05||secretaria|SECRETARIA DE MEDIO AMBIENTE,1,state,05,,,secretaria,SECRETARIA DE MEDIO AMBIENTE,high,state:ucA 20/20;level:name-rules,SECRETARIA DE MEDIO AMBIENTE DEL ESTADO DE COAHUILA,,,,20
1078,state|31||secretaria|SECRETARIA DE OBRAS PUBLICAS,2,state,31,,,secretaria,SECRETARIA DE OBRAS PUBLICAS,high,state:ucA 87/87;level:name-rules,SECRETARÍA DE OBRAS PÚBLICAS DEL ESTADO DE YUCATÁN,,,,87
1079,state|31||secretaria|SECRETARIA DE POLITICA COMUNITARIA Y SOCIAL,1,state,31,,,secretaria,SECRETARIA DE POLITICA COMUNITARIA Y SOCIAL,high,state:ucA 14/14;level:name-rules,SECRETARÍA DE POLÍTICA COMUNITARIA Y SOCIAL DEL ESTADO DE YUCATÁN,,,,14
1080,state|27||secretaria|SECRETARIA DE RECURSOS NATURALES Y PROTECCION AMBIENTAL,1,state,27,,,secretaria,SECRETARIA DE RECURSOS NATURALES Y PROTECCION AMBIENTAL,high,state:ucA 67/67;level:name-rules,SECRETARÍA DE RECURSOS NATURALES Y PROTECCIÓN AMBIENTAL DEL ESTADO DE TABASCO,,,,67
1081,state|13||secretaria|SECRETARIA DE TURISMO,1,state,13,,,secretaria,SECRETARIA DE TURISMO,high,state:ucA 7/7;level:name-rules,SECRETARÍA DE TURISMO DEL ESTADO DE HIDALGO,,,,7
1082,state|15||secretaria|SECRETARIA DEL TRABAJO,1,state,15,,,secretaria,SECRETARIA DEL TRABAJO,high,state:ucA 4/4;level:name-rules,SECRETARÌA DEL TRABAJO DEL ESTADO DE MÉXICO,,,,4
1083,state|24||organismo de agua|SERVICIOS DE AGUA POTABLE ALCANTARILLADO Y SANEAMIENTO DE MATEHUALA,2,state,24,,,organismo de agua,SERVICIOS DE AGUA POTABLE ALCANTARILLADO Y SANEAMIENTO DE MATEHUALA,high,state:ucA 3/3;level:name-rules,"SERVICIOS DE AGUA POTABLE, ALCANTARILLADO Y SANEAMIENTO DE MATEHUALA SAN LUIS POTOSÍ",,,,3
1084,state|23||organismo|SERVICIOS EDUCATIVOS,2,state,23,,,organismo,SERVICIOS EDUCATIVOS,high,state:uc9 18/18;level:uc9 18/18,SERVICIOS EDUCATIVOS DE QUINTANA ROO,,,,155
1085,municipal|10|10012|organismo de agua|SISTEMA DE AGUA POTABLE Y ALCANTARILLADO,1,municipal,10,10012,Lerdo,organismo de agua,SISTEMA DE AGUA POTABLE Y ALCANTARILLADO,high,state:ucA 1/1;level:name-rules;muni:inegi,"SISTEMA DE AGUA POTABLE Y ALCANTARILLADO DEL MUNICIPIO DE LERDO, DURANGO",,,,1
1086,municipal|11|11037|organismo de agua|SISTEMA DE AGUA POTABLE Y ALCANTARILLADO,2,municipal,11,11037,Silao de la Victoria,organismo de agua,SISTEMA DE AGUA POTABLE Y ALCANTARILLADO,high,state:ucA 5/5;level:name-rules;muni:inegi,"SISTEMA DE AGUA POTABLE Y ALCANTARILLADO DEL MUNICIPIO DE SILAO, GUANAJUATO",,,,5
1087,municipal|11|11031|organismo de agua|SISTEMA DE AGUA POTABLE ALCANTARILLADO Y SANEAMIENTO,1,municipal,11,11031,San Francisco del Rincón,organismo de agua,SISTEMA DE AGUA POTABLE ALCANTARILLADO Y SANEAMIENTO,high,state:ucA 3/3;level:name-rules;muni:inegi,"SISTEMA DE AGUA POTABLE, ALCANTARILLADO Y SANEAMIENTO DEL MUNICIPIO DE SAN FRANCISCO DEL RINCÓN. GUANAJUATO",,,,3
1088,municipal|18|18017|organismo de agua|SISTEMA INTEGRAL DE AGUA POTABLE Y ALCANTARILLADO,2,municipal,18,18017,Tepic,organismo de agua,SISTEMA INTEGRAL DE AGUA POTABLE Y ALCANTARILLADO,high,state:ucA 13/13;level:name-rules;muni:inegi,"SISTEMA INTEGRAL DE AGUA POTABLE Y ALCANTARILLADO DEL MUNICIPIO DE TEPIC, NAYARIT",,,,13
1089,municipal|01|TXT:SISTEMA INTERMUNICIPAL DE MANEJO DE RESIDUOS SOLIDOS|organismo|SISTEMA INTERMUNICIPAL DE MANEJO DE RESIDUOS SOLIDOS,1,municipal,01,TXT:SISTEMA INTERMUNICIPAL DE MANEJO DE RESIDUOS SOLIDOS,,organismo,SISTEMA INTERMUNICIPAL DE MANEJO DE RESIDUOS SOLIDOS,low,state:ucA 1/1;level:name-rules;muni:unresolved,SISTEMA INTERMUNICIPAL DE MANEJO DE RESIDUOS SÓLIDOS EN AGUASCALIENTES,,,,1
1090,state|15||tecnologico superior (estatal)|TECNOLOGICO DE ESTUDIOS SUPERIORES DE JOCOTITLAN MEXICO,1,state,15,,,tecnologico superior (estatal),TECNOLOGICO DE ESTUDIOS SUPERIORES DE JOCOTITLAN MEXICO,high,state:ucA 36/36;state-subsystem;level:name-rules,"TECNOLÓGICO DE ESTUDIOS SUPERIORES DE JOCOTITLÁN, MÉXICO",,,,36
1091,state|15||tecnologico superior (estatal)|TECNOLOGICO DE ESTUDIOS SUPERIORES DE VALLE DE BRAVO,1,state,15,,,tecnologico superior (estatal),TECNOLOGICO DE ESTUDIOS SUPERIORES DE VALLE DE BRAVO,high,state:ucA 22/22;state-subsystem;level:name-rules,"TECNOLÓGICO DE ESTUDIOS SUPERIORES DE VALLE DE BRAVO, ESTADO DE MÉXICO",,,,22
1092,state|15||tecnologico superior (estatal)|TECNOLOGICO DE ESTUDIOS SUPERIORES DE VILLA GUERRERO MEXICO,1,state,15,,,tecnologico superior (estatal),TECNOLOGICO DE ESTUDIOS SUPERIORES DE VILLA GUERRERO MEXICO,high,state:ucA 3/3;state-subsystem;level:name-rules,"TECNOLÓGICO DE ESTUDIOS SUPERIORES DE VILLA GUERRERO, MÉXICO",,,,3
1093,state|19||organismo|UNIDAD DE INTEGRACION EDUCATIVA,1,state,19,,,organismo,UNIDAD DE INTEGRACION EDUCATIVA,high,state:ucA 48/48;level:name-rules,UNIDAD DE INTEGRACIÓN EDUCATIVA DE NUEVO LEÓN,,,,48
1094,,,federal,22,,,universidad estatal,UNIVERSIDAD NACIONAL AERONAUTICA,n/a,state:text;level:name-rules,UNIVERSIDAD NACIONAL AERONÁUTICA EN QUERÉTARO,,,,68
1095,state|11||universidad politecnica|UNIVERSIDAD POLITECNICA,1,state,11,,,universidad politecnica,UNIVERSIDAD POLITECNICA,high,state:ucA 6/6;state-subsystem;level:name-rules,UNIVERSIDAD POLITÉCNICA DE GUANAJUATO,,,,6
1096,state|12||universidad tecnologica|UNIVERSIDAD TECNOLOGICA DE LA COSTA GRANDE,2,state,12,,,universidad tecnologica,UNIVERSIDAD TECNOLOGICA DE LA COSTA GRANDE,high,state:ucA 3/3;state-subsystem;level:name-rules,UNIVERSIDAD TECNOLÓGICA DE LA COSTA GRANDE DE GUERRERO,,,,5
1097,state|09||organismo|AUTORIDAD DEL ESPACIO PUBLICO,1,state,09,,,organismo,AUTORIDAD DEL ESPACIO PUBLICO,high,state:ucA 11/11;level:name-rules,AUTORIDAD DEL ESPACIO PÚBLICO DEL DISTRITO FEDERAL,,,,11
1098,state|12||organismo de agua|COMISION DE AGUA POTABLE Y ALCANTARILLADO DE ZIHUATANEJO,1,state,12,,,organismo de agua,COMISION DE AGUA POTABLE Y ALCANTARILLADO DE ZIHUATANEJO,high,state:ucA 27/27;level:name-rules,"COMISIÓN DE AGUA POTABLE Y ALCANTARILLADO DE ZIHUATANEJO, GUERRERO",,,,27
1099,state|22||organismo de agua|COMISION DE AGUAS,3,state,22,,,organismo de agua,COMISION DE AGUAS,high,state:uc9 19/19;level:uc9 19/19,COMISIÓN ESTATAL DE AGUAS,,,,109
1100,state|20||organismo|COMISION DE VIVIENDA,2,state,20,,,organismo,COMISION DE VIVIENDA,high,state:ucA 6/6;level:name-rules,COMISIÓN ESTATAL DE VIVIENDA DE OAXACA,,,,6
1101,municipal|11|11027|organismo de agua|COMITE MUNICIPAL DE AGUA POTABLE Y ALCANTARILLADO,3,municipal,11,11027,Salamanca,organismo de agua,COMITE MUNICIPAL DE AGUA POTABLE Y ALCANTARILLADO,high,state:ucA 5/5;level:name-rules;muni:inegi,"COMITÉ MUNICIPAL DE AGUA POTABLE Y ALCANTARILLADO DE SALAMANCA, GUANAJUATO",,,,5
1102,state|05||organismo|CONSEJO DE SEGURIDAD PUBLICA,2,state,05,,,organismo,CONSEJO DE SEGURIDAD PUBLICA,high,state:ucA 7/7;level:name-rules,CONSEJO ESTATAL DE SEGURIDAD PÚBLICA DE COAHUILA,,,,7
1103,state|10||organismo|DIRECCION DE PENSIONES,1,state,10,,,organismo,DIRECCION DE PENSIONES,high,state:ucA 1/1;level:name-rules,DIRECCIÓN DE PENSIONES DEL ESTADO DE DURANGO,,,,1
1104,state|27||organismo|FONDO DE FOMENTO AGROPECUARIO,1,state,27,,,organismo,FONDO DE FOMENTO AGROPECUARIO,high,state:ucA 3/3;level:name-rules,FONDO DE FOMENTO AGROPECUARIO DEL ESTADO DE TABASCO,,,,3
1105,municipal|12|12012|ayuntamiento|,1,municipal,12,12012,Ayutla de los Libres,ayuntamiento,,high,state:ucA 1/1;level:name-rules;muni:inegi;singleton-body,"H. AYUNTAMIENTO CONSTITUCIONAL DE AYUTLA DE LOS LIBRES, GUERRERO",,,,1
1106,municipal|16|16020|ayuntamiento|,2,municipal,16,16020,Cuitzeo,ayuntamiento,,high,state:ucA 1/1;level:name-rules;muni:inegi;singleton-body,"H. AYUNTAMIENTO CONSTITUCIONAL DE CUITZEO, MICHOACÁN",,,,1
1107,municipal|06|06007|ayuntamiento|,2,municipal,06,06007,Manzanillo,ayuntamiento,,high,state:ucA 5/5;level:name-rules;muni:inegi;singleton-body,"H. AYUNTAMIENTO CONSTITUCIONAL DE MANZANILLO, COLIMA",,,,5
1108,municipal|07|07065|ayuntamiento|,3,municipal,07,07065,Palenque,ayuntamiento,,high,state:ucA 1/1;level:name-rules;muni:inegi;singleton-body,"H. AYUNTAMIENTO CONSTITUCIONAL DE PALENQUE, CHIAPAS",,,,1
1109,municipal|21|21136|ayuntamiento|,2,municipal,21,21136,San Miguel Xoxtla,ayuntamiento,,high,state:ucA 1/1;level:name-rules;muni:inegi;singleton-body,"H. AYUNTAMIENTO CONSTITUCIONAL DE SAN MIGUEL XOXTLA, PUEBLA",,,,1
1110,municipal|15|15125|ayuntamiento|,3,municipal,15,15125,Tonanitla,ayuntamiento,,high,state:ucA 6/6;level:name-rules;muni:inegi;singleton-body,"H. AYUNTAMIENTO CONSTITUCIONAL DE SANTA MARÍA TONANITLA, ESTADO DE MÉXICO",,,,6
1111,municipal|07|07021|ayuntamiento|,1,municipal,07,07021,Copainalá,ayuntamiento,,high,state:ucA 1/1;level:name-rules;muni:inegi;singleton-body,"H. AYUNTAMIENTO MUNICIPAL CONSTITUCIONAL DE COPAINALÁ, CHIAPAS",,,,1
1112,municipal|07|07044|ayuntamiento|,1,municipal,07,07044,Ixtapa,ayuntamiento,,high,state:ucA 2/2;level:name-rules;muni:inegi;singleton-body,"H. AYUNTAMIENTO MUNICIPAL CONSTITUCIONAL DE IXTAPA, CHIAPAS",,,,2
1113,municipal|07|07058|ayuntamiento|,1,municipal,07,07058,Nicolás Ruíz,ayuntamiento,,high,state:ucA 1/1;level:name-rules;muni:inegi;singleton-body,"H. AYUNTAMIENTO MUNICIPAL CONSTITUCIONAL DE NICOLÁS RUIZ, CHIAPAS",,,,1
1114,municipal|07|07060|ayuntamiento|,1,municipal,07,07060,Ocotepec,ayuntamiento,,high,state:ucA 1/1;level:name-rules;muni:inegi;singleton-body,"H. AYUNTAMIENTO MUNICIPAL CONSTITUCIONAL DE OCOTEPEC, CHIAPAS",,,,1
1115,municipal|21|21119|ayuntamiento|,2,municipal,21,21119,San Andrés Cholula,ayuntamiento,,high,state:ucA 1/1;level:name-rules;muni:inegi;singleton-body,"H. AYUNTAMIENTO MUNICIPAL CONSTITUCIONAL DE SAN ANDRÉS CHOLULA, PUEBLA",,,,1
1116,municipal|21|21212|ayuntamiento|,3,municipal,21,21212,Zautla,ayuntamiento,,high,state:ucA 2/2;level:name-rules;muni:inegi;singleton-body,"H. AYUNTAMIENTO MUNICIPAL CONSTITUCIONAL DE SANTIAGO  ZAUTLA, PUEBLA",,,,2
1117,municipal|07|07083|ayuntamiento|,1,municipal,07,07083,Socoltenango,ayuntamiento,,high,state:ucA 1/1;level:name-rules;muni:inegi;singleton-body,"H. AYUNTAMIENTO MUNICIPAL CONSTITUCIONAL DE SOCOLTENANGO, CHIAPAS",,,,1
1118,municipal|07|07014|ayuntamiento|,1,municipal,07,07014,El Bosque,ayuntamiento,,high,state:ucA 1/1;level:name-rules;muni:inegi;singleton-body,"H. AYUNTAMIENTO MUNICIPAL CONSTITUCIONAL EL BOSQUE, CHIAPAS",,,,1
1119,municipal|31|31003|ayuntamiento|,1,municipal,31,31003,Akil,ayuntamiento,,high,state:ucA 1/1;level:name-rules;muni:inegi;singleton-body,"H. AYUNTAMIENTO MUNICIPAL DE AKIL, YUCATÁN",,,,1
1120,municipal|16|16012|ayuntamiento|,1,municipal,16,16012,Buenavista,ayuntamiento,,high,state:ucA 1/1;level:name-rules;muni:inegi;singleton-body,"H. AYUNTAMIENTO MUNICIPAL DE BUENAVISTA, MICHOACÁN",,,,1
1121,municipal|08|08037|ayuntamiento|,2,municipal,08,08037,Juárez,ayuntamiento,,high,state:ucA 1/1;level:name-rules;muni:inegi;singleton-body,"H. AYUNTAMIENTO MUNICIPAL DE CIUDAD JUÁREZ, CHIHUAHUA",,,,1
1122,municipal|28|28009|ayuntamiento|,3,municipal,28,28009,Ciudad Madero,ayuntamiento,,high,state:ucA 9/9;level:name-rules;muni:inegi;singleton-body,"H. AYUNTAMIENTO MUNICIPAL DE CIUDAD MADERO, TAMAULIPAS",,,,10
1123,municipal|31|31013|ayuntamiento|,2,municipal,31,31013,Conkal,ayuntamiento,,high,state:ucA 1/1;level:name-rules;muni:inegi;singleton-body,"H. AYUNTAMIENTO MUNICIPAL DE CONKAL, YUCATÁN",,,,1
1124,municipal|16|16019|ayuntamiento|,2,municipal,16,16019,Cotija,ayuntamiento,,high,state:ucA 2/2;level:name-rules;muni:inegi;singleton-body,"H. AYUNTAMIENTO MUNICIPAL DE COTIJA, MICHOACÁN",,,,2
1125,municipal|25|25006|ayuntamiento|,3,municipal,25,25006,Culiacán,ayuntamiento,,high,state:ucA 75/75;level:name-rules;muni:inegi;singleton-body,"H. AYUNTAMIENTO MUNICIPAL DE CULIACÁN, SINALOA",,,,75
1126,municipal|32|32017|ayuntamiento|,3,municipal,32,32017,Guadalupe,ayuntamiento,,high,state:ucA 10/10;level:name-rules;muni:inegi;singleton-body,"H. AYUNTAMIENTO MUNICIPAL DE GUADALUPE, ZACATECAS",,,,11
1127,municipal|29|29013|ayuntamiento|,2,municipal,29,29013,Huamantla,ayuntamiento,,high,state:ucA 1/1;level:name-rules;muni:inegi;singleton-body,"H. AYUNTAMIENTO MUNICIPAL DE HUAMANTLA, TLAXCALA",,,,1
1128,municipal|31|31040|ayuntamiento|,1,municipal,31,31040,Izamal,ayuntamiento,,high,state:ucA 4/4;level:name-rules;muni:inegi;singleton-body,"H. AYUNTAMIENTO MUNICIPAL DE IZAMAL, YUCATÁN",,,,4
1129,municipal|03|03009|ayuntamiento|,1,municipal,03,03009,Loreto,ayuntamiento,,high,state:ucA 4/4;level:name-rules;muni:inegi;singleton-body,H. AYUNTAMIENTO MUNICIPAL DE LORETO EN BAJA CALIFORNIA SUR,,,,4
1130,municipal|19|19042|ayuntamiento|,2,municipal,19,19042,Los Ramones,ayuntamiento,,high,state:ucA 1/1;level:name-rules;muni:inegi;singleton-body,"H. AYUNTAMIENTO MUNICIPAL DE LOS RAMONES, NUEVO LEÓN",,,,1
1131,municipal|08|08050|ayuntamiento|,3,municipal,08,08050,Nuevo Casas Grandes,ayuntamiento,,high,state:ucA 1/1;level:name-rules;muni:inegi;singleton-body,"H. AYUNTAMIENTO MUNICIPAL DE NUEVO CASAS GRANDES, CHIHUAHUA",,,,1
1132,municipal|21|21114|ayuntamiento|,3,municipal,21,21114,Puebla,ayuntamiento,,high,state:ucA 20/20;level:name-rules;muni:inegi;singleton-body,H. AYUNTAMIENTO MUNICIPAL DE PUEBLA,,,,20
1133,municipal|25|25015|ayuntamiento|,2,municipal,25,25015,Salvador Alvarado,ayuntamiento,,high,state:ucA 3/3;level:name-rules;muni:inegi;singleton-body,"H. AYUNTAMIENTO MUNICIPAL DE SALVADOR ALVARADO, SINALOA",,,,3
1134,municipal|01|01011|ayuntamiento|,1,municipal,01,01011,San Francisco de los Romo,ayuntamiento,,high,state:ucA 1/1;level:name-rules;muni:inegi;singleton-body,"H. AYUNTAMIENTO MUNICIPAL DE SAN FRANCISCO DE LOS ROMO, AGUASCALIENTES",,,,1
1135,municipal|25|25017|ayuntamiento|,2,municipal,25,25017,Sinaloa,ayuntamiento,,high,state:ucA 2/2;level:name-rules;muni:inegi;singleton-body,H. AYUNTAMIENTO MUNICIPAL DE SINALOA,,,,2
1136,municipal|16|16093|ayuntamiento|,2,municipal,16,16093,Tlalpujahua,ayuntamiento,,high,state:ucA 2/2;level:name-rules;muni:inegi;singleton-body,"H. AYUNTAMIENTO MUNICIPAL DE TLALPUJAHUA DE RAYÓN, MICHOACÁN",,,,2
1137,,,federal,,,,organismo,IMPRESORA Y ENCUADERNADORA PROGRESO,n/a,level:ucAfed 1/1,"IMPRESORA Y ENCUADERNADORA PROGRESO, S. A. DE C. V.",,,,1
1138,state|08||infraestructura educativa|INSTITUTO DE INFRAESTRUCTURA FISICA EDUCATIVA,2,state,08,,,infraestructura educativa,INSTITUTO DE INFRAESTRUCTURA FISICA EDUCATIVA,medium,state:uc9 11/11;level:uc9 11/11;gentilicio-stripped,INSTITUTO CHIHUAHUENSE DE INFRAESTRUCTURA FÍSICA EDUCATIVA,,,,21
1139,state|05||infraestructura educativa|INSTITUTO DE LA INFRAESTRUCTURA FISICA EDUCATIVA,2,state,05,,,infraestructura educativa,INSTITUTO DE LA INFRAESTRUCTURA FISICA EDUCATIVA,medium,state:uc9 37/37;level:uc9 37/37;gentilicio-stripped,INSTITUTO COAHUILENSE DE LA INFRAESTRUCTURA FÍSICA EDUCATIVA,,,,194
1140,state|15||organismo|INSTITUTO DE INFORMACION E INVESTIGACION GEOGRAFICA ESTADISTICA Y CATASTRAL,2,state,15,,,organismo,INSTITUTO DE INFORMACION E INVESTIGACION GEOGRAFICA ESTADISTICA Y CATASTRAL,high,state:ucA 3/3;level:name-rules,"INSTITUTO DE INFORMACIÓN E INVESTIGACIÓN GEOGRÁFICA, ESTADÍSTICA Y CATASTRAL DEL ESTADO DE MÉXICO",,,,3
1141,state|14||organismo|INSTITUTO DE INFORMACION TERRITORIAL,1,state,14,,,organismo,INSTITUTO DE INFORMACION TERRITORIAL,high,state:ucA 1/1;level:name-rules,INSTITUTO DE INFORMACIÓN TERRITORIAL DEL ESTADO DE JALISCO,,,,1
1142,state|15||organismo|INSTITUTO DE LA FUNCION REGISTRAL,1,state,15,,,organismo,INSTITUTO DE LA FUNCION REGISTRAL,high,state:ucA 10/10;level:name-rules,INSTITUTO DE LA FUNCIÓN REGISTRAL DEL ESTADO DE MÉXICO,,,,10
1143,state|02||infraestructura educativa|INSTITUTO DE LA INFRAESTRUCTURA FISICA EDUCATIVA,2,state,02,,,infraestructura educativa,INSTITUTO DE LA INFRAESTRUCTURA FISICA EDUCATIVA,high,state:uc9 12/12;level:uc9 12/12,INSTITUTO DE LA INFRAESTRUCTURA FÍSICA EDUCATIVA DE BAJA CALIFORNIA,,,,57
1144,state|04||infraestructura educativa|INSTITUTO DE LA INFRAESTRUCTURA FISICA EDUCATIVA,1,state,04,,,infraestructura educativa,INSTITUTO DE LA INFRAESTRUCTURA FISICA EDUCATIVA,high,state:ucA 28/28;level:name-rules,INSTITUTO DE LA INFRAESTRUCTURA FÍSICA EDUCATIVA DEL ESTADO DE CAMPECHE,,,,28
1145,state|20||organismo|INSTITUTO DE LA MUJER,1,state,20,,,organismo,INSTITUTO DE LA MUJER,medium,state:ucA 4/4;level:name-rules;gentilicio-stripped,INSTITUTO DE LA MUJER OAXAQUEÑA,,,,4
1146,state|24||organismo|INSTITUTO DE VIVIENDA,2,state,24,,,organismo,INSTITUTO DE VIVIENDA,high,state:ucA 2/2;level:name-rules,INSTITUTO DE VIVIENDA DEL ESTADO DE SAN LUIS POTOSÍ,,,,2
1147,state|01||organismo|INSTITUTO DEL DEPORTE,2,state,01,,,organismo,INSTITUTO DEL DEPORTE,high,state:ucA 1/1;level:name-rules,INSTITUTO DEL DEPORTE DEL ESTADO DE AGUASCALIENTES,,,,1
1148,state|24||infraestructura educativa|INSTITUTO DE INFRAESTRUCTURA FISICA EDUCATIVA,3,state,24,,,infraestructura educativa,INSTITUTO DE INFRAESTRUCTURA FISICA EDUCATIVA,high,state:ucA 51/51;level:name-rules,INSTITUTO ESTATAL DE INFRAESTRUCTURA FÍSICA EDUCATIVA DE SAN LUIS POTOSÍ,,,,51
1149,state|17||organismo|INSTITUTO ELECTORAL,1,state,17,,,organismo,INSTITUTO ELECTORAL,high,state:ucA 4/4;level:name-rules,INSTITUTO ESTATAL ELECTORAL DE MORELOS,,,,4
1150,state|12||infraestructura educativa|INSTITUTO DE LA INFRAESTRUCTURA FISICA EDUCATIVA,2,state,12,,,infraestructura educativa,INSTITUTO DE LA INFRAESTRUCTURA FISICA EDUCATIVA,medium,state:uc9 32/32;level:uc9 32/32;gentilicio-stripped,INSTITUTO GUERRERENSE DE LA INFRAESTRUCTURA FÍSICA EDUCATIVA,,,,83
1151,,,federal,,,,organismo,INSTITUTO NACIONAL DE REHABILITACION,n/a,level:ucAfed 2/2,INSTITUTO NACIONAL DE REHABILITACIÓN,,,,2
1152,state|18||infraestructura educativa|INSTITUTO PARA LA INFRAESTRUCTURA FISICA EDUCATIVA,2,state,18,,,infraestructura educativa,INSTITUTO PARA LA INFRAESTRUCTURA FISICA EDUCATIVA,medium,state:uc9 54/54;level:uc9 54/54;gentilicio-stripped,INSTITUTO NAYARITA PARA LA INFRAESTRUCTURA FÍSICA EDUCATIVA,,,,97
1153,state|10||infraestructura educativa|INSTITUTO PARA LA INFRAESTRUCTURA FISICA EDUCATIVA,2,state,10,,,infraestructura educativa,INSTITUTO PARA LA INFRAESTRUCTURA FISICA EDUCATIVA,high,state:uc9 24/24;level:uc9 24/24,INSTITUTO PARA LA INFRAESTRUCTURA FÍSICA EDUCATIVA DEL ESTADO DE DURANGO,,,,27
1154,state|26||organismo|INSTITUTO DE CULTURA,2,state,26,,,organismo,INSTITUTO DE CULTURA,medium,state:ucA 2/2;level:name-rules;gentilicio-stripped,INSTITUTO SONORENSE DE CULTURA,,,,2
1155,state|28||infraestructura educativa|INSTITUTO DE INFRAESTRUCTURA FISICA EDUCATIVA,2,state,28,,,infraestructura educativa,INSTITUTO DE INFRAESTRUCTURA FISICA EDUCATIVA,medium,state:uc9 5/5;level:uc9 5/5;gentilicio-stripped,INSTITUTO TAMAULIPECO DE INFRAESTRUCTURA FÍSICA EDUCATIVA,,,,28
1156,state|01||organismo|INSTITUTO TECNOLOGICO EL LLANO,1,state,01,,,organismo,INSTITUTO TECNOLOGICO EL LLANO,high,state:ucA 12/12;level:name-rules,"INSTITUTO TECNOLÓGICO EL LLANO, AGUASCALIENTES",,,,12
1157,state|21||tecnologico superior (estatal)|INSTITUTO TECNOLOGICO SUPERIOR DE ATLIXCO,1,state,21,,,tecnologico superior (estatal),INSTITUTO TECNOLOGICO SUPERIOR DE ATLIXCO,high,state:ucA 1/1;state-subsystem;level:name-rules,"INSTITUTO TECNOLÓGICO SUPERIOR DE ATLIXCO, PUEBLA",,,,1
1158,state|21||tecnologico superior (estatal)|INSTITUTO TECNOLOGICO SUPERIOR DE LA SIERRA NORTE,1,state,21,,,tecnologico superior (estatal),INSTITUTO TECNOLOGICO SUPERIOR DE LA SIERRA NORTE,high,state:ucA 1/1;state-subsystem;level:name-rules,INSTITUTO TECNOLÓGICO SUPERIOR DE LA SIERRA NORTE DE PUEBLA,,,,1
1159,state|30||tecnologico superior (estatal)|INSTITUTO TECNOLOGICO SUPERIOR DE XALAPA,1,state,30,,,tecnologico superior (estatal),INSTITUTO TECNOLOGICO SUPERIOR DE XALAPA,high,state:ucA 5/5;state-subsystem;level:name-rules,"INSTITUTO TECNOLÓGICO SUPERIOR DE XALAPA, VERACRUZ",,,,5
1160,state|32||infraestructura educativa|INSTITUTO PARA LA CONSTRUCCION DE ESCUELAS,2,state,32,,,infraestructura educativa,INSTITUTO PARA LA CONSTRUCCION DE ESCUELAS,medium,state:uc9 41/41;level:uc9 41/41;gentilicio-stripped,INSTITUTO ZACATECANO PARA LA CONSTRUCCIÓN DE ESCUELAS,,,,118
1161,municipal|16|16006|ayuntamiento|,2,municipal,16,16006,Apatzingán,ayuntamiento,,high,state:ucA 3/3;level:name-rules;muni:inegi;singleton-body,"MUNICIPIO DE APATZINGÁN, MICHOACÁN",,,,3
1162,municipal|22|22009|ayuntamiento|,1,municipal,22,22009,Jalpan de Serra,ayuntamiento,,high,state:ucA 1/1;level:name-rules;muni:inegi;singleton-body,"MUNICIPIO DE JALPAN DE SERRA, QUERÉTARO",,,,1
1163,municipal|31|31041|ayuntamiento|,2,municipal,31,31041,Kanasín,ayuntamiento,,high,state:ucA 23/23;level:name-rules;muni:inegi;singleton-body,MUNICIPIO DE KANASÍN DEL ESTADO DE YUCATÁN,,,,23
1164,municipal|28|28022|ayuntamiento|,4,municipal,28,28022,Matamoros,ayuntamiento,,high,state:ucA 12/12;level:name-rules;muni:inegi;singleton-body,MUNICIPIO DE MATAMOROS TAMAULIPAS,,,,12
1165,municipal|05|05025|ayuntamiento|,3,municipal,05,05025,Piedras Negras,ayuntamiento,,high,state:ucA 2/2;level:name-rules;muni:inegi;singleton-body,"MUNICIPIO DE PIEDRAS NEGRAS, COAHUILA",,,,2
1166,municipal|22|22002|ayuntamiento|,2,municipal,22,22002,Pinal de Amoles,ayuntamiento,,high,state:ucA 1/1;level:name-rules;muni:inegi;singleton-body,"MUNICIPIO DE PINAL DE AMOLES, QUERÉTARO",,,,1
1167,municipal|23|23009|ayuntamiento|,3,municipal,23,23009,Tulum,ayuntamiento,,high,state:ucA 1/1;level:name-rules;muni:inegi;singleton-body,"MUNICIPIO DE TULUM, QUINTANA ROO",,,,1
1168,,,federal,,,,organismo,NOTIMEX AGENCIA DE NOTICIAS DEL ESTADO MEXICANO,n/a,level:ucfed 509/511,"NOTIMEX, AGENCIA DE NOTICIAS DEL ESTADO MEXICANO",,,,551
1169,municipal|03|03008|organismo de agua|ORGANISMO OPERADOR MUNICIPAL DEL SISTEMA DE AGUA POTABLE ALCANTARILLADO Y SANEAMIENTO,2,municipal,03,03008,Los Cabos,organismo de agua,ORGANISMO OPERADOR MUNICIPAL DEL SISTEMA DE AGUA POTABLE ALCANTARILLADO Y SANEAMIENTO,high,state:ucA 4/4;level:name-rules;muni:inegi,"ORGANISMO OPERADOR MUNICIPAL DEL SISTEMA DE AGUA POTABLE, ALCANTARILLADO Y SANEAMIENTO DE LOS CABOS,BAJA CALIFORNIA SUR",,,,4
1170,,,federal,,,,organismo,POLICIA FEDERAL,n/a,level:ucfed 736/1199,POLICIA FEDERAL,,,,1261
1171,state|15||organismo|PROCURADURIA DE PROTECCION AL AMBIENTE,2,state,15,,,organismo,PROCURADURIA DE PROTECCION AL AMBIENTE,high,state:ucA 2/2;level:name-rules,PROCURADURIA DE PROTECCIÒN AL AMBIENTE DEL ESTADO DE MEXICO,,,,2
1172,state|09||organismo|PROYECTO METRO,1,state,09,,,organismo,PROYECTO METRO,high,state:ucA 7/7;level:name-rules,PROYECTO METRO DEL DISTRITO FEDERAL,,,,7
1173,state|20||organismo|REGIMEN ESTATAL DE PROTECCION SOCIAL EN SALUD,2,state,20,,,organismo,REGIMEN ESTATAL DE PROTECCION SOCIAL EN SALUD,high,state:ucA 14/14;level:name-rules,RÉGIMEN ESTATAL DE PROTECCIÓN SOCIAL EN SALUD DE OAXACA,,,,14
1174,state|30||organismo|REGIMEN ESTATAL DE PROTECCION SOCIAL EN SALUD,1,state,30,,,organismo,REGIMEN ESTATAL DE PROTECCION SOCIAL EN SALUD,high,state:ucA 14/14;level:name-rules,RÉGIMEN ESTATAL DE PROTECCIÓN SOCIAL EN SALUD DE VERACRUZ,,,,14
1175,state|04||secretaria|SECRETARIA DE ADMINISTRACION E INNOVACION GUBERNAMENTAL,2,state,04,,,secretaria,SECRETARIA DE ADMINISTRACION E INNOVACION GUBERNAMENTAL,high,state:ucA 22/22;level:name-rules,SECRETARÍA DE ADMINISTRACIÓN E INNOVACIÓN GUBERNAMENTAL DEL ESTADO DE CAMPECHE,,,,22
1176,state|16||secretaria|SECRETARIA DE CULTURA,2,state,16,,,secretaria,SECRETARIA DE CULTURA,high,state:ucA 1/1;level:name-rules,SECRETARÍA DE CULTURA DEL ESTADO DE MICHOACÁN,,,,1
1177,state|23||secretaria|SECRETARIA DE DESARROLLO AGROPECUARIO RURAL E INDIGENA,1,state,23,,,secretaria,SECRETARIA DE DESARROLLO AGROPECUARIO RURAL E INDIGENA,high,state:ucA 10/10;level:name-rules,"SECRETARÍA DE DESARROLLO AGROPECUARIO, RURAL E INDÍGENA DE QUINTANA ROO",,,,10
1178,state|02||secretaria|SECRETARIA DE DESARROLLO SOCIAL,2,state,02,,,secretaria,SECRETARIA DE DESARROLLO SOCIAL,high,state:ucA 1/1;level:name-rules,SECRETARÍA DE DESARROLLO SOCIAL DEL ESTADO DE BAJA CALIFORNIA,,,,1
1179,state|10||secretaria|SECRETARIA DE DESARROLLO SOCIAL,1,state,10,,,secretaria,SECRETARIA DE DESARROLLO SOCIAL,high,state:ucA 2/2;level:name-rules,SECRETARÍA DE DESARROLLO SOCIAL DEL ESTADO DE DURANGO,,,,2
1180,state|07||secretaria|SECRETARIA DE HACIENDA,2,state,07,,,secretaria,SECRETARIA DE HACIENDA,high,state:ucA 51/51;level:name-rules,SECRETARÍA DE HACIENDA DEL ESTADO DE CHIAPAS,,,,51
1181,state|15||secretaria de salud|,2,state,15,,,secretaria de salud,,high,state:ucA 1/1;level:name-rules;singleton-body,SECRETARÍA DE SALUD DEL ESTADO DE MÉXICO,,,,1
1182,state|31||secretaria|SECRETARIA DE SEGURIDAD PUBLICA,2,state,31,,,secretaria,SECRETARIA DE SEGURIDAD PUBLICA,high,state:ucA 6/6;level:name-rules,SECRETARÍA DE SEGURIDAD PÚBLICA DEL ESTADO DE YUCATÁN,,,,6
1183,state|05||secretaria|SECRETARIA DE TURISMO,1,state,05,,,secretaria,SECRETARIA DE TURISMO,high,state:ucA 4/4;level:name-rules,SECRETARIA DE TURISMO DEL ESTADO DE COAHUILA,,,,4
1184,state|03||dif estatal|,1,state,03,,,dif estatal,,high,state:ucA 2/2;level:name-rules;singleton-body,SISTEMA ESTATAL PARA EL DESARROLLO INTEGRAL DE LA FAMILIA EN BAJA CALIFORNIA SUR,,,,2
1185,state|15||tecnologico superior (estatal)|TECNOLOGICO DE ESTUDIOS SUPERIORES DE SAN FELIPE DEL PROGRESO,3,state,15,,,tecnologico superior (estatal),TECNOLOGICO DE ESTUDIOS SUPERIORES DE SAN FELIPE DEL PROGRESO,high,state:ucA 1/1;state-subsystem;level:name-rules,"TECNOLÓGICO DE ESTUDIOS SUPERIORES DE SAN FELIPE DEL PROGRESO, ESTADO DE MÉXICO",,,,1
1186,state|27||poder judicial|,2,state,27,,,poder judicial,,high,state:ucA 2/2;level:name-rules;singleton-body,TRIBUNAL SUPERIOR DE JUSTICIA DEL ESTADO DE TABASCO,,,,2
1187,state|32||poder judicial|,2,state,32,,,poder judicial,,high,state:ucA 14/14;level:name-rules;singleton-body,TRIBUNAL SUPERIOR DE JUSTICIA DEL ESTADO DE ZACATECAS,,,,14
1188,state|15||universidad intercultural|UNIVERSIDAD INTERCULTURAL,2,state,15,,,universidad intercultural,UNIVERSIDAD INTERCULTURAL,high,state:ucA 3/3;state-subsystem;level:name-rules,UNIVERSIDAD INTERCULTURAL DEL ESTADO DE MÉXICO,,,,3
1189,state|23||universidad tecnologica|UNIVERSIDAD TECNOLOGICA DE LA RIVIERA MAYA,1,state,23,,,universidad tecnologica,UNIVERSIDAD TECNOLOGICA DE LA RIVIERA MAYA,high,state:ucA 1/1;state-subsystem;level:name-rules,"UNIVERSIDAD TECNOLÓGICA DE LA RIVIERA MAYA, QUINTANA ROO",,,,1
1190,state|20||secretaria|SECRETARIA DE LAS CULTURAS Y ARTES,1,state,20,,,secretaria,SECRETARIA DE LAS CULTURAS Y ARTES,high,state:state_code;level:gobierno_nivel,OAX-Secretaría de las Culturas y Artes de Oaxaca,OAX,GE,OAX,3
1191,,,federal,,,,organismo,CIATEC A C CENTRO DE INNOVACION APLICADA EN TECNOLOGIAS COMPETITIVAS,n/a,level:gobierno_nivel,"CIATEC, A.C. ""Centro de Innovación Aplicada en Tecnologías Competitivas""",CIATEC,APF,,1698
1192,,,federal,,,,organismo,SOCIEDAD HIPOTECARIA FEDERAL S N C,n/a,level:gobierno_nivel,"Sociedad Hipotecaria Federal, S.N.C.",SHF,APF,,1528
1193,state|13||universidad politecnica|UNIVERSIDAD POLITECNICA DE TULANCINGO,3,state,13,,,universidad politecnica,UNIVERSIDAD POLITECNICA DE TULANCINGO,high,state:state_code;level:gobierno_nivel,HGO-Universidad Politécnica de Tulancingo,HGO,GE,HGO,68
1194,state|25||secretaria|SECRETARIA DE EDUCACION PUBLICA Y CULTURA,2,state,25,,,secretaria,SECRETARIA DE EDUCACION PUBLICA Y CULTURA,high,state:state_code;level:gobierno_nivel,SIN-Secretaría de Educación Pública y Cultura,SIN,GE,SIN,2577
1195,municipal|21|21177|ayuntamiento|,1,municipal,21,21177,Tlacotepec de Benito Juárez,ayuntamiento,,high,state:state_code;level:gobierno_nivel;muni:inegi;singleton-body,PUE-Presidencia Municipal de Tlacotepec de Benito Juárez,PUE,GM,PUE,45
1196,,,federal,,,,organismo,INSTITUTO NACIONAL DE ELECTRICIDAD Y ENERGIAS LIMPIAS,n/a,level:gobierno_nivel,Instituto Nacional de Electricidad y Energías Limpias,INEEL,APF,,5936
1197,,,federal,,,,organismo,CENTRO NACIONAL DE CONTROL DE ENERGIA,n/a,level:gobierno_nivel,Centro Nacional de Control de Energía,CENACE,APF,,2947
1198,,,federal,,,,organismo,INSTITUTO NACIONAL DE NEUROLOGIA Y NEUROCIRUGIA MANUEL VELASCO SUAREZ,n/a,level:gobierno_nivel,Instituto Nacional de Neurología y Neurocirugía Manuel Velasco Suárez,INNN,APF,,7192
1199,,,federal,,,,organismo,CENTRO DE INVESTIGACIONES BIOLOGICAS DEL NOROESTE,n/a,level:gobierno_nivel,"Centro de Investigaciones Biológicas del Noroeste, S.C.",CIBNOR,APF,,7726
1200,,,federal,,,,organismo,CORPORACION MEXICANA DE INVESTIGACION EN MATERIALES,n/a,level:gobierno_nivel,"Corporación Mexicana de Investigación en Materiales, S.A. de C.V.",COMIMSA,APF,,4140
1201,,,federal,,,,organismo,PETROLEOS MEXICANOS,n/a,level:gobierno_nivel,Petróleos Mexicanos (Corporativo),PEMEX,APF,,19693
1202,,,federal,,,,organismo,CENTRO DE INVESTIGACION Y DE ESTUDIOS AVANZADOS DEL INSTITUTO POLITECNICO NACIONAL,n/a,level:gobierno_nivel,Centro de Investigación y de Estudios Avanzados del Instituto Politécnico Nacional,CINVESTAV,APF,,33129
1203,,,federal,,,,organismo,PEMEX REFINACION,n/a,level:gobierno_nivel,Pemex-Refinación,PREF,APF,,970
1204,,,federal,,,,hospital,HOSPITAL GENERAL DR MANUEL GEA GONZALEZ,n/a,level:gobierno_nivel,"Hospital General ""Dr. Manuel Gea González""",HG,APF,,4016
1205,,,federal,,,,organismo,BANCO DEL AHORRO NACIONAL Y SERVICIOS FINANCIEROS S N C,n/a,level:gobierno_nivel,"Banco del Ahorro Nacional y Servicios Financieros, S.N.C.",BANSEFI,APF,,1930
1206,municipal|21|21045|ayuntamiento|,1,municipal,21,21045,Chalchicomula de Sesma,ayuntamiento,,high,state:state_code;level:gobierno_nivel;muni:inegi;singleton-body,PUE-Presidencia Municipal de Chalchicomula de Sesma,PUE,GM,PUE,247
1207,state|20||secretaria|SECRETARIA DE LAS INFRAESTRUCTURAS Y EL ORDENAMIENTO TERRITORIAL SUSTENTABLE,1,state,20,,,secretaria,SECRETARIA DE LAS INFRAESTRUCTURAS Y EL ORDENAMIENTO TERRITORIAL SUSTENTABLE,high,state:state_code;level:gobierno_nivel,OAX-Secretaría de las Infraestructuras y el Ordenamiento Territorial Sustentable,OAX,GE,OAX,385
1208,,,federal,,,,organismo,SISTEMA PUBLICO DE RADIODIFUSION DEL ESTADO MEXICANO,n/a,level:gobierno_nivel,Sistema Público de Radiodifusión del Estado Mexicano,SPR,APF,,4372
1209,state|26||universidad estatal|UNIVERSIDAD,2,state,26,,,universidad estatal,UNIVERSIDAD,high,state:state_code;level:gobierno_nivel,SON-Universidad de Sonora,SON,GE,SON,968
1210,state|31||secretaria de salud|,1,state,31,,,secretaria de salud,,high,state:state_code;level:gobierno_nivel;singleton-body,YUC-Secretaría de Salud,YUC,GE,YUC,306
1211,,,federal,,,,organismo,PEMEX PETROQUIMICA,n/a,level:gobierno_nivel,Pemex-Petroquímica,PPQ,APF,,1301
1212,,,federal,,,,secretaria,SECRETARIA DE MARINA,n/a,level:gobierno_nivel,Secretaría de Marina,SEMAR,APF,,28406
1213,state|02||servicios de salud|,1,state,02,,,servicios de salud,,high,state:state_code;level:gobierno_nivel;singleton-body,BC-Instituto de Servicios de Salud Pública del Estado de Baja California,BC,GE,BC,573
1214,state|23||secretaria de salud|,1,state,23,,,secretaria de salud,,high,state:name-prefix;level:gobierno_nivel;singleton-body,Q ROO-Secretaría de Salud,Q ROO,GE,,309
1215,state|31||organismo|IDEFEY,1,state,31,,,organismo,IDEFEY,high,state:state_code;level:gobierno_nivel,YUC-IDEFEY,YUC,GE,YUC,224
1216,municipal|15|15104|ayuntamiento|,2,municipal,15,15104,Tlalnepantla de Baz,ayuntamiento,,high,state:state_code;level:gobierno_nivel;muni:inegi;singleton-body,MEX-Presidencia Municipal de Tlalnepantla de Baz,MEX,GM,MEX,257
1217,,,federal,,,,organismo,INSTITUTO NACIONAL DE PSIQUIATRIA RAMON DE LA FUENTE MUNIZ,n/a,level:gobierno_nivel,Instituto Nacional de Psiquiatría Ramón de la Fuente Muñiz,INPSIQ,APF,,5327
1218,state|10||secretaria de salud|,1,state,10,,,secretaria de salud,,high,state:state_code;level:gobierno_nivel;singleton-body,DGO-Secretaría de Salud,DGO,GE,DGO,336
1219,,,federal,,,,organismo,CONSEJO DE PROMOCION TURISTICA DE MEXICO,n/a,level:gobierno_nivel,"Consejo de Promoción Turística de México, S.A. de C.V.",CPTM,APF,,1060
1220,,,federal,,,,organismo,CENTROS DE INTEGRACION JUVENIL,n/a,level:gobierno_nivel,"Centros de Integración Juvenil, A.C.",CIJ,APF,,3083
1221,,,federal,,,,organismo,INSTITUTO NACIONAL DE ENFERMEDADES RESPIRATORIAS ISMAEL COSIO VILLEGAS,n/a,level:gobierno_nivel,Instituto Nacional de Enfermedades Respiratorias Ismael Cosío Villegas,INER,APF,,10525
1222,,,federal,,,,organismo,PEMEX GAS Y PETROQUIMICA BASICA,n/a,level:gobierno_nivel,Pemex-Gas y Petroquímica Básica,PGPB,APF,,1307
1223,state|05||universidad tecnologica|UNIVERSIDAD TECNOLOGICA DE TORREON,3,state,05,,,universidad tecnologica,UNIVERSIDAD TECNOLOGICA DE TORREON,high,state:state_code;level:gobierno_nivel,COAH-Universidad Tecnológica de Torreón,COAH,GE,COAH,142
1224,state|32||infraestructura educativa|INSTITUTO PARA LA CONSTRUCCION DE ESCUELAS,2,state,32,,,infraestructura educativa,INSTITUTO PARA LA CONSTRUCCION DE ESCUELAS,medium,state:state_code;level:gobierno_nivel;gentilicio-stripped,ZAC-Instituto Zacatecano para la Construcción de Escuelas,ZAC,GE,ZAC,838
1225,state|14||secretaria|SECRETARIA DE PLANEACION ADMINISTRACION Y FINANZAS,1,state,14,,,secretaria,SECRETARIA DE PLANEACION ADMINISTRACION Y FINANZAS,high,state:state_code;level:gobierno_nivel,"JAL-Secretaría de Planeación, Administración y Finanzas",JAL,GE,JAL,1168
1226,,,federal,,,,organismo,INSTITUTO NACIONAL DE PERINATOLOGIA ISIDRO ESPINOSA DE LOS REYES,n/a,level:gobierno_nivel,Instituto Nacional de Perinatología Isidro Espinosa de los Reyes,INPER,APF,,7108
1227,state|13||universidad politecnica|UNIVERSIDAD POLITECNICA DE FRANCISCO I MADERO,2,state,13,,,universidad politecnica,UNIVERSIDAD POLITECNICA DE FRANCISCO I MADERO,high,state:state_code;level:gobierno_nivel,HGO-Universidad Politécnica de Francisco I. Madero,HGO,GE,HGO,123
1228,,,federal,,,,organismo,TELEVISION METROPOLITANA,n/a,level:gobierno_nivel,Televisión Metropolitana S.A. de C.V.,TVMETRO,APF,,3296
1229,state|32||organismo|JUNTA DE CAMINOS,2,state,32,,,organismo,JUNTA DE CAMINOS,high,state:state_code;level:gobierno_nivel,ZAC-Junta Estatal de Caminos,ZAC,GE,ZAC,93
1230,state|17||universidad politecnica|UNIVERSIDAD POLITECNICA,1,state,17,,,universidad politecnica,UNIVERSIDAD POLITECNICA,high,state:state_code;level:gobierno_nivel,MOR-Universidad Politécnica de Morelos,MOR,GE,MOR,386
1231,,,federal,,,,organismo,INSTITUTO DE ECOLOGIA,n/a,level:gobierno_nivel,"Instituto de Ecología, A.C.",INECOL,APF,,4098
1232,,,federal,,,,organismo,PEMEX EXPLORACION Y PRODUCCION,n/a,level:gobierno_nivel,Pemex-Exploración y Producción,PEP,APF,,628
1233,,,autonomous,,,,organismo,INSTITUTO FEDERAL DE ACCESO A LA INFORMACION Y PROTECCION DE DATOS,n/a,level:gobierno_nivel,Instituto Federal de Acceso a la Información y Protección de Datos,IFAI,APF,,1236
1234,state|13||tecnologico superior (estatal)|INSTITUTO TECNOLOGICO SUPERIOR DEL OCCIDENTE,3,state,13,,,tecnologico superior (estatal),INSTITUTO TECNOLOGICO SUPERIOR DEL OCCIDENTE,high,state:state_code;level:gobierno_nivel,HGO-Instituto Tecnológico Superior del Occidente,HGO,GE,HGO,106
1235,,,federal,,,,organismo,TRIBUNALES AGRARIOS,n/a,level:gobierno_nivel,Tribunales Agrarios,Tribunales Agrarios,APF,,903
1236,state|31||universidad estatal|UNIVERSIDAD AUTONOMA,1,state,31,,,universidad estatal,UNIVERSIDAD AUTONOMA,high,state:state_code;level:gobierno_nivel,YUC-Universidad Autónoma de Yucatán,YUC,GE,YUC,580
1237,,,federal,,,,organismo,COMISION DE OPERACION Y FOMENTO DE ACTIVIDADES ACADEMICAS DEL INSTITUTO POLITECNICO NACIONAL,n/a,level:gobierno_nivel,Comisión de Operación y Fomento de Actividades Académicas del Instituto Politécnico Nacional,COFAA,APF,,2253
1238,,,autonomous,,,,organismo,COMISION FEDERAL DE COMPETENCIA ECONOMICA,n/a,level:gobierno_nivel,Comisión Federal de Competencia Económica,COFECE,APF,,2157
1239,,,federal,,,,organismo,INSTITUTO NACIONAL DE LA ECONOMIA SOCIAL,n/a,level:gobierno_nivel,Instituto Nacional de la Economía Social,INAES,APF,,824
1240,state|26||instituto tecnologico (TecNM federal)|INSTITUTO TECNOLOGICO,1,state,26,,,instituto tecnologico (TecNM federal),INSTITUTO TECNOLOGICO,high,state:state_code;level:gobierno_nivel,SON-Instituto Tecnológico de Sonora,SON,GE,SON,2289
1241,state|32||organismo de agua|COMISION DE AGUA POTABLE Y ALCANTARILLADO,2,state,32,,,organismo de agua,COMISION DE AGUA POTABLE Y ALCANTARILLADO,high,state:state_code;level:gobierno_nivel,ZAC-Comisión Estatal de Agua Potable y Alcantarillado,ZAC,GE,ZAC,150
1242,,,federal,,,,organismo,TRIBUNAL FEDERAL DE JUSTICIA ADMINISTRATIVA,n/a,level:gobierno_nivel,Tribunal Federal de Justicia Administrativa,TFJA,APF,,2725
1243,state|17||servicios de salud|,2,state,17,,,servicios de salud,,high,state:state_code;level:gobierno_nivel;singleton-body,MOR-Servicios de Salud de Morelos,MOR,GE,MOR,97
1244,state|25||secretaria de salud|,1,state,25,,,secretaria de salud,,high,state:state_code;level:gobierno_nivel;singleton-body,SIN-Secretaría de Salud,SIN,GE,SIN,507
1245,state|03||infraestructura educativa|INSTITUTO DE LA INFRAESTRUCTURA FISICA EDUCATIVA,3,state,03,,,infraestructura educativa,INSTITUTO DE LA INFRAESTRUCTURA FISICA EDUCATIVA,medium,state:state_code;level:gobierno_nivel;gentilicio-stripped,BCS-Instituto Sudcaliforniano de la Infraestructura Física Educativa,BCS,GE,BCS,1663
1246,state|15||conalep estatal|COLEGIO DE EDUCACION PROFESIONAL TECNICA,1,state,15,,,conalep estatal,COLEGIO DE EDUCACION PROFESIONAL TECNICA,high,state:state_code;level:gobierno_nivel,MEX-Colegio de Educación Profesional Técnica del Estado de México,MEX,GE,MEX,15
1247,,,federal,,,,organismo,I I I SERVICIOS,n/a,level:gobierno_nivel,"I.I.I. Servicios, S.A. de C.V.",III SERVICIOS,APF,,741
1248,state|28||secretaria|SECRETARIA DE OBRAS PUBLICAS,2,state,28,,,secretaria,SECRETARIA DE OBRAS PUBLICAS,high,state:name-prefix;level:gobierno_nivel,TAMPS-Secretaría de Obras Públicas,TAMPS,GE,,2003
1249,municipal|28|28038|ayuntamiento|,3,municipal,28,28038,Tampico,ayuntamiento,,high,state:name-prefix;level:gobierno_nivel;muni:inegi;singleton-body,TAMPS-Presidencia Municipal de Tampico,TAMPS,GM,,381
1250,,,federal,,,,organismo,P M I COMERCIO INTERNACIONAL,n/a,level:gobierno_nivel,"P.M.I. Comercio Internacional, S.A. de C.V.",PMI,APF,,167
1251,state|13||secretaria|SECRETARIA DE EDUCACION PUBLICA,1,state,13,,,secretaria,SECRETARIA DE EDUCACION PUBLICA,high,state:state_code;level:gobierno_nivel,HGO-Secretaría de Educación Pública,HGO,GE,HGO,404
1252,state|09||organismo|PROCURADURIA AMBIENTAL Y DEL ORDENAMIENTO TERRITORIAL,1,state,09,,,organismo,PROCURADURIA AMBIENTAL Y DEL ORDENAMIENTO TERRITORIAL,high,state:state_code;level:gobierno_nivel,CDMX-Procuraduría Ambiental y del Ordenamiento Territorial del Distrito Federal,CDMX,GE,CDMX,83
1253,state|23||organismo|ADMINISTRACION PORTUARIA INTEGRAL,2,state,23,,,organismo,ADMINISTRACION PORTUARIA INTEGRAL,high,state:name-prefix;level:gobierno_nivel,Q ROO-Administración Portuaria Integral de Quintana Roo S.A. de C.V.,Q ROO,GE,,62
1254,state|15||secretaria|SECRETARIA DE LA CONTRALORIA,2,state,15,,,secretaria,SECRETARIA DE LA CONTRALORIA,high,state:state_code;level:gobierno_nivel,MEX-Secretaria de la Contraloría,MEX,GE,MEX,111
1255,,,federal,,,,organismo,INSTITUTO NACIONAL DE LOS PUEBLOS INDIGENAS,n/a,level:gobierno_nivel,Instituto Nacional de los Pueblos Indígenas,INPI,APF,,6465
1256,state|15||universidad politecnica|UNIVERSIDAD POLITECNICA DEL VALLE DE MEXICO,2,state,15,,,universidad politecnica,UNIVERSIDAD POLITECNICA DEL VALLE DE MEXICO,high,state:state_code;level:gobierno_nivel,MEX-Universidad Politécnica del Valle de México,MEX,GE,MEX,30
1257,state|09||secretaria|SECRETARIA DEL MEDIO AMBIENTE,1,state,09,,,secretaria,SECRETARIA DEL MEDIO AMBIENTE,high,state:state_code;level:gobierno_nivel,CDMX-Secretaría del Medio Ambiente,CDMX,GE,CDMX,1069
1258,state|23||organismo de agua|COMISION DE AGUA POTABLE Y ALCANTARILLADO,3,state,23,,,organismo de agua,COMISION DE AGUA POTABLE Y ALCANTARILLADO,high,state:name-prefix;level:gobierno_nivel,Q ROO-Comisión de Agua Potable y Alcantarillado,Q ROO,GE,,545
1259,,,federal,,,,secretaria,SECRETARIA DE CULTURA,n/a,level:gobierno_nivel,Secretaría de Cultura,CULTURA,APF,,19305
1260,state|19||secretaria|SECRETARIA DE INFRAESTRUCTURA,1,state,19,,,secretaria,SECRETARIA DE INFRAESTRUCTURA,high,state:state_code;level:gobierno_nivel,NL-Secretaría de Infraestructura,NL,GE,NL,783
1261,,,federal,,,,organismo,CENTRO NACIONAL DE PROGRAMAS PREVENTIVOS Y CONTROL DE ENFERMEDADES,n/a,level:gobierno_nivel,Centro Nacional de Programas Preventivos y Control de Enfermedades,CENAPRECE,APF,,887
1262,state|21||secretaria|SECRETARIA DE FINANZAS Y ADMINISTRACION,1,state,21,,,secretaria,SECRETARIA DE FINANZAS Y ADMINISTRACION,high,state:state_code;level:gobierno_nivel,PUE-Secretaría De Finanzas y Administración,PUE,GE,PUE,2065
1263,municipal|15|15026|ayuntamiento|,2,municipal,15,15026,Chapa de Mota,ayuntamiento,,high,state:state_code;level:gobierno_nivel;muni:inegi;singleton-body,MEX-Presidencia Municipal de Chapa de Mota,MEX,GM,MEX,79
1264,municipal|15|15024|ayuntamiento|,1,municipal,15,15024,Cuautitlán,ayuntamiento,,high,state:state_code;level:gobierno_nivel;muni:inegi;singleton-body,MEX-Presidencia Municipal de Cuautitlán,MEX,GM,MEX,15
1265,state|10||secretaria|SECRETARIA DE RECURSOS NATURALES Y MEDIO AMBIENTE,2,state,10,,,secretaria,SECRETARIA DE RECURSOS NATURALES Y MEDIO AMBIENTE,high,state:state_code;level:gobierno_nivel,DGO-Secretaria de Recursos Naturales y Medio Ambiente,DGO,GE,DGO,89
1266,state|25||secretaria|SECRETARIA DE ADMINISTRACION Y FINANZAS,2,state,25,,,secretaria,SECRETARIA DE ADMINISTRACION Y FINANZAS,high,state:state_code;level:gobierno_nivel,SIN-Secretaría de Administración y Finanzas,SIN,GE,SIN,229
1267,state|26||universidad estatal|UNIVERSIDAD ESTATAL,2,state,26,,,universidad estatal,UNIVERSIDAD ESTATAL,high,state:state_code;level:gobierno_nivel,SON-Universidad Estatal de Sonora,SON,GE,SON,189
1268,municipal|03|03003|organismo|FIDEICOMISO DE ADMINISTRACION INVERSION Y FUENTE DE PAGO PARA OBRAS DE INFRAESTRUCTURA SOCIAL Y TURISTICA,1,municipal,03,03003,La Paz,organismo,FIDEICOMISO DE ADMINISTRACION INVERSION Y FUENTE DE PAGO PARA OBRAS DE INFRAESTRUCTURA SOCIAL Y TURISTICA,high,state:state_code;level:gobierno_nivel;muni:inegi,"BCS-Fideicomiso de Administración, Inversión y Fuente de Pago para Obras de Infraestructura Social y Turistica del Municipio de la Paz",BCS,GM,BCS,13
1269,municipal|32|32017|ayuntamiento|,3,municipal,32,32017,Guadalupe,ayuntamiento,,high,state:state_code;level:gobierno_nivel;muni:inegi;singleton-body,ZAC-Presidencia Municipal de Guadalupe,ZAC,GM,ZAC,383
1270,municipal|12|12042|ayuntamiento|,1,municipal,12,12042,Mártir de Cuilapan,ayuntamiento,,high,state:state_code;level:gobierno_nivel;muni:inegi;singleton-body,GRO-Presidencia Municipal de Mártir de Cuilapan,GRO,GM,GRO,2
1271,state|23||fiscalia/procuraduria|PROCURADURIA GENERAL DE JUSTICIA,2,state,23,,,fiscalia/procuraduria,PROCURADURIA GENERAL DE JUSTICIA,high,state:name-prefix;level:gobierno_nivel,Q ROO-Procuraduría General de Justicia del Estado,Q ROO,GE,,89
1272,state|24||secretaria de salud|,1,state,24,,,secretaria de salud,,high,state:state_code;level:gobierno_nivel;singleton-body,SLP-Secretaría de Salud,SLP,GE,SLP,56
1273,,,federal,,,,hospital,HOSPITAL GENERAL DE MEXICO DR EDUARDO LICEAGA,n/a,level:gobierno_nivel,"Hospital General de México ""Dr. Eduardo Liceaga""",HGM,APF,,11721
1274,,,federal,,,,organismo,COORDINACION NACIONAL DE PROSPERA PROGRAMA DE INCLUSION SOCIAL,n/a,level:gobierno_nivel,Coordinación Nacional de PROSPERA Programa de Inclusión Social,PROSPERA,APF,,3619
1275,state|13||dif estatal|,2,state,13,,,dif estatal,,high,state:state_code;level:gobierno_nivel;singleton-body,HGO-Sistema Estatal para el Desarrollo Integral de la Familia,HGO,GE,HGO,133
1276,state|32||colegio de bachilleres|COLEGIO DE BACHILLERES,2,state,32,,,colegio de bachilleres,COLEGIO DE BACHILLERES,high,state:state_code;level:gobierno_nivel,ZAC-Colegio de Bachilleres del Estado de Zacatecas,ZAC,GE,ZAC,99
1277,state|01||universidad tecnologica|UNIVERSIDAD TECNOLOGICA DEL NORTE,2,state,01,,,universidad tecnologica,UNIVERSIDAD TECNOLOGICA DEL NORTE,high,state:state_code;level:gobierno_nivel,AGS-Universidad Tecnológica del Norte de Aguascalientes,AGS,GE,AGS,53
1278,municipal|23|23002|ayuntamiento|,1,municipal,23,23002,Felipe Carrillo Puerto,ayuntamiento,,high,state:name-prefix;level:gobierno_nivel;muni:inegi;singleton-body,Q ROO-Presidencia Municipal de Felipe Carrillo Puerto,Q ROO,GM,,117
1279,municipal|32|32049|ayuntamiento|,1,municipal,32,32049,Valparaíso,ayuntamiento,,high,state:state_code;level:gobierno_nivel;muni:inegi;singleton-body,ZAC-Presidencia Municipal de Valparaíso,ZAC,GM,ZAC,98
1280,state|13||universidad tecnologica|UNIVERSIDAD TECNOLOGICA TULA TEPEJI,1,state,13,,,universidad tecnologica,UNIVERSIDAD TECNOLOGICA TULA TEPEJI,high,state:state_code;level:gobierno_nivel,HGO-Universidad Tecnológica Tula - Tepeji,HGO,GE,HGO,14
1281,,,federal,,,,organismo,INSTITUTO NACIONAL DE BELLAS ARTES Y LITERATURA,n/a,level:gobierno_nivel,Instituto Nacional de Bellas Artes y Literatura,INBAL,APF,,20187
1282,state|13||organismo de agua|COMISION DE AGUA Y ALCANTARILLADO,2,state,13,,,organismo de agua,COMISION DE AGUA Y ALCANTARILLADO,high,state:state_code;level:gobierno_nivel,HGO-Comisión Estatal de Agua y Alcantarillado,HGO,GE,HGO,532
1283,state|23||secretaria|SECRETARIA DE SEGURIDAD PUBLICA,1,state,23,,,secretaria,SECRETARIA DE SEGURIDAD PUBLICA,high,state:name-prefix;level:gobierno_nivel,Q ROO-Secretaría de Seguridad Pública,Q ROO,GE,,85
1284,state|31||organismo|CONSEJERIA JURIDICA,2,state,31,,,organismo,CONSEJERIA JURIDICA,high,state:state_code;level:gobierno_nivel,YUC-Consejería Jurídica,YUC,GE,YUC,85
1285,state|23||organismo|CONSEJO DE CIENCIA Y TECNOLOGIA,1,state,23,,,organismo,CONSEJO DE CIENCIA Y TECNOLOGIA,medium,state:name-prefix;level:gobierno_nivel;gentilicio-stripped,Q ROO-Consejo Quintanarroense de Ciencia y Tecnología,Q ROO,GE,,5
1286,,,autonomous,,,,organismo,INSTITUTO NACIONAL DE ESTADISTICA Y GEOGRAFIA,n/a,level:gobierno_nivel,Instituto Nacional de Estadística Y Geografía,INEGI,APF,,4196
1287,,,federal,,,,organismo,INFOTEC CENTRO DE INVESTIGACION E INNOVACION EN TECNOLOGIAS DE LA INFORMACION Y COMUNICACION,n/a,level:gobierno_nivel,INFOTEC Centro de Investigación e Innovación en Tecnologías de la Información y Comunicación,INFOTEC,APF,,758
1288,,,federal,,,,secretaria,SECRETARIA DE AGRICULTURA Y DESARROLLO RURAL,n/a,level:gobierno_nivel,Secretaría de Agricultura y Desarrollo Rural,SADER,APF,,20691
1289,state|15||secretaria|SECRETARIA DE EDUCACION,2,state,15,,,secretaria,SECRETARIA DE EDUCACION,high,state:state_code;level:gobierno_nivel,MEX-Secretaría de Educación,MEX,GE,MEX,436
1290,state|19||servicios de salud|,3,state,19,,,servicios de salud,,high,state:state_code;level:gobierno_nivel;singleton-body,"NL-Servicios de Salud de Nuevo León, O.P.D.",NL,GE,NL,379
1291,state|24||dif estatal|,2,state,24,,,dif estatal,,high,state:state_code;level:gobierno_nivel;singleton-body,SLP-Sistema para el Desarrollo Integral de la Familia,SLP,GE,SLP,36
1292,state|23||infraestructura educativa|INSTITUTO DE INFRAESTRUCTURA FISICA EDUCATIVA,2,state,23,,,infraestructura educativa,INSTITUTO DE INFRAESTRUCTURA FISICA EDUCATIVA,high,state:name-prefix;level:gobierno_nivel,Q ROO-Instituto de Infraestructura Física Educativa del Estado de Quintana Roo,Q ROO,GE,,1048
1293,state|26||universidad estatal|UNIVERSIDAD DE LA SIERRA,2,state,26,,,universidad estatal,UNIVERSIDAD DE LA SIERRA,high,state:state_code;level:gobierno_nivel,SON-Universidad de la Sierra,SON,GE,SON,9
1294,state|23||cecyte|COLEGIO DE ESTUDIOS CIENTIFICOS Y TECNOLOGICOS,2,state,23,,,cecyte,COLEGIO DE ESTUDIOS CIENTIFICOS Y TECNOLOGICOS,high,state:name-prefix;level:gobierno_nivel,Q ROO-Colegio de Estudios Científicos y Tecnológicos de Quintana Roo,Q ROO,GE,,81
1295,state|20||organismo de agua|COMISION DEL AGUA,2,state,20,,,organismo de agua,COMISION DEL AGUA,high,state:state_code;level:gobierno_nivel,OAX-Comisión Estatal del Agua,OAX,GE,OAX,1553
1296,state|17||universidad tecnologica|UNIVERSIDAD TECNOLOGICA EMILIANO ZAPATA,2,state,17,,,universidad tecnologica,UNIVERSIDAD TECNOLOGICA EMILIANO ZAPATA,high,state:state_code;level:gobierno_nivel,MOR-Universidad Tecnológica Emiliano Zapata,MOR,GE,MOR,109
1297,state|13||universidad tecnologica|UNIVERSIDAD TECNOLOGICA DE LA SIERRA,1,state,13,,,universidad tecnologica,UNIVERSIDAD TECNOLOGICA DE LA SIERRA,medium,state:state_code;level:gobierno_nivel;gentilicio-stripped,HGO-Universidad Tecnológica de la Sierra Hidalguense,HGO,GE,HGO,38
1298,state|26||secretaria|SECRETARIA DE AGRICULTURA GANADERIA RECURSOS HIDRAULICOS PESCA Y ACUACULTURA,3,state,26,,,secretaria,SECRETARIA DE AGRICULTURA GANADERIA RECURSOS HIDRAULICOS PESCA Y ACUACULTURA,high,state:state_code;level:gobierno_nivel,"SON-Secretaria de Agricultura, Ganadería, Recursos Hidráulicos, Pesca y Acuacultura",SON,GE,SON,549
1299,state|26||infraestructura educativa|INSTITUTO DE INFRAESTRUCTURA EDUCATIVA,2,state,26,,,infraestructura educativa,INSTITUTO DE INFRAESTRUCTURA EDUCATIVA,medium,state:state_code;level:gobierno_nivel;gentilicio-stripped,SON-Instituto Sonorense de Infraestructura Educativa,SON,GE,SON,75
1300,municipal|09|09014|organismo|ALCALDIA,1,municipal,09,09014,Benito Juárez,organismo,ALCALDIA,high,state:state_code;level:gobierno_nivel;muni:inegi,CDMX-Alcaldía de Benito Juárez,CDMX,GM,CDMX,82
1301,state|13||universidad estatal|UNIVERSIDAD AUTONOMA,2,state,13,,,universidad estatal,UNIVERSIDAD AUTONOMA,high,state:state_code;level:gobierno_nivel,HGO-Universidad Autónoma del Estado de Hidalgo,HGO,GE,HGO,385
1302,state|32||dif estatal|,1,state,32,,,dif estatal,,high,state:state_code;level:gobierno_nivel;singleton-body,ZAC-Sistema Estatal para el Desarrollo Integral de la Familia,ZAC,GE,ZAC,143
1303,state|30||secretaria|SECRETARIA DE DESARROLLO SOCIAL,1,state,30,,,secretaria,SECRETARIA DE DESARROLLO SOCIAL,high,state:state_code;level:gobierno_nivel,VER-Secretaría de Desarrollo Social,VER,GE,VER,126
1304,state|01||secretaria|SECRETARIA DE ADMINISTRACION,1,state,01,,,secretaria,SECRETARIA DE ADMINISTRACION,high,state:state_code;level:gobierno_nivel,AGS-Secretaría de Administración,AGS,GE,AGS,301
1305,state|03||organismo|INSTITUTO DE LA VIVIENDA,1,state,03,,,organismo,INSTITUTO DE LA VIVIENDA,high,state:state_code;level:gobierno_nivel,BCS-Instituto de la Vivienda,BCS,GE,BCS,38
1306,,,federal,,,,organismo,CENTRO DE INVESTIGACION EN CIENCIAS DE INFORMACION GEOESPACIAL,n/a,level:gobierno_nivel,"Centro de Investigación en Ciencias de Información Geoespacial, A.C.",CENTROGEO,APF,,871
1307,,,federal,02,,,organismo,CENTRO DE INVESTIGACION CIENTIFICA Y DE EDUCACION SUPERIOR DE ENSENADA,n/a,state:text;level:gobierno_nivel,"Centro de Investigación Científica y de Educación Superior de Ensenada, Baja California",CICESE,APF,,3646
1308,state|01||servicios de salud|,3,state,01,,,servicios de salud,,high,state:state_code;level:gobierno_nivel;singleton-body,AGS-Instituto de Servicios de Salud del Estado de Aguascalientes,AGS,GE,AGS,3792
1309,,,federal,,,,organismo,AGENCIA DE SERVICIOS A LA COMERCIALIZACION Y DESARROLLO DE MERCADOS AGROPECUARIOS,n/a,level:gobierno_nivel,Agencia de Servicios a la Comercialización y Desarrollo de Mercados Agropecuarios,ASERCA,APF,,7503
1310,,,federal,,,,organismo,EL COLEGIO DE LA FRONTERA NORTE,n/a,level:gobierno_nivel,"El Colegio de la Frontera Norte, A.C.",COLEF,APF,,3669
1311,state|03||secretaria|SECRETARIA DE PLANEACION URBANA INFRAESTRUCTURA Y MOVILIDAD,2,state,03,,,secretaria,SECRETARIA DE PLANEACION URBANA INFRAESTRUCTURA Y MOVILIDAD,high,state:state_code;level:gobierno_nivel,"BCS-Secretaría de Planeación Urbana, Infraestructura y Movilidad",BCS,GE,BCS,404
1312,state|26||organismo|COMISION DE ECOLOGIA Y DESARROLLO SUSTENTABLE,2,state,26,,,organismo,COMISION DE ECOLOGIA Y DESARROLLO SUSTENTABLE,high,state:state_code;level:gobierno_nivel,SON-Comisión de Ecología y Desarrollo Sustentable del Estado de Sonora (CEDES),SON,GE,SON,42
1313,state|13||tecnologico superior (estatal)|INSTITUTO TECNOLOGICO SUPERIOR DE HUICHAPAN,2,state,13,,,tecnologico superior (estatal),INSTITUTO TECNOLOGICO SUPERIOR DE HUICHAPAN,high,state:state_code;level:gobierno_nivel,HGO-Instituto Tecnológico Superior de Huichapan,HGO,GE,HGO,66
1314,,,autonomous,,,,organismo,INSTITUTO FEDERAL DE TELECOMUNICACIONES,n/a,level:gobierno_nivel,Instituto Federal de Telecomunicaciones,IFT,APF,,1753
1315,state|13||universidad politecnica|UNIVERSIDAD POLITECNICA METROPOLITANA,2,state,13,,,universidad politecnica,UNIVERSIDAD POLITECNICA METROPOLITANA,high,state:state_code;level:gobierno_nivel,HGO-Universidad Politécnica Metropolitana de Hidalgo,HGO,GE,HGO,145
1316,state|09||secretaria|SECRETARIA DE TRANSPORTES Y VIALIDAD,1,state,09,,,secretaria,SECRETARIA DE TRANSPORTES Y VIALIDAD,high,state:state_code;level:gobierno_nivel,CDMX-Secretaría de Transportes y Vialidad,CDMX,GE,CDMX,26
1317,state|23||secretaria|SECRETARIA DE DESARROLLO SOCIAL,1,state,23,,,secretaria,SECRETARIA DE DESARROLLO SOCIAL,high,state:name-prefix;level:gobierno_nivel,Q ROO-Secretaría de Desarrollo Social,Q ROO,GE,,50
1318,state|30||secretaria|CONTRALORIA GENERAL,3,state,30,,,secretaria,CONTRALORIA GENERAL,high,state:state_code;level:gobierno_nivel,VER-Contraloría General,VER,GE,VER,120
1319,state|15||secretaria de salud|,2,state,15,,,secretaria de salud,,high,state:state_code;level:gobierno_nivel;singleton-body,MEX-Secretaría de Salud,MEX,GE,MEX,539
1320,state|20||organismo|COMISION DE VIVIENDA,2,state,20,,,organismo,COMISION DE VIVIENDA,high,state:state_code;level:gobierno_nivel,OAX-Comisión Estatal de Vivienda,OAX,GE,OAX,140
1321,state|13||universidad tecnologica|UNIVERSIDAD TECNOLOGICA DEL VALLE DEL MEZQUITAL,2,state,13,,,universidad tecnologica,UNIVERSIDAD TECNOLOGICA DEL VALLE DEL MEZQUITAL,high,state:state_code;level:gobierno_nivel,HGO-Universidad Tecnológica del Valle del Mezquital,HGO,GE,HGO,56
1322,state|23||secretaria|OFICIALIA MAYOR,2,state,23,,,secretaria,OFICIALIA MAYOR,high,state:name-prefix;level:gobierno_nivel,Q ROO-Oficialía Mayor,Q ROO,GE,,219
1323,state|32||conalep estatal|COLEGIO DE EDUCACION PROFESIONAL TECNICA,1,state,32,,,conalep estatal,COLEGIO DE EDUCACION PROFESIONAL TECNICA,high,state:state_code;level:gobierno_nivel,ZAC-Colegio de Educación Profesional Técnica del Estado de Zacatecas,ZAC,GE,ZAC,3
1324,,,federal,,,,secretaria,SECRETARIA DE BIENESTAR,n/a,level:gobierno_nivel,Secretaria de Bienestar,BIENESTAR,APF,,14021
1325,municipal|26|26055|ayuntamiento|,2,municipal,26,26055,San Luis Río Colorado,ayuntamiento,,high,state:state_code;level:gobierno_nivel;muni:inegi;singleton-body,SON-Presidencia Municipal de San Luis Río Colorado,SON,GM,SON,1
1326,state|09||secretaria|SECRETARIA DE OBRAS Y SERVICIOS,2,state,09,,,secretaria,SECRETARIA DE OBRAS Y SERVICIOS,high,state:state_code;level:gobierno_nivel,CDMX-Secretaría de Obras y Servicios,CDMX,GE,CDMX,405
1327,,,federal,,,,organismo,DICONSA,n/a,level:gobierno_nivel,"Diconsa, S.A. de C.V.",DICONSA,APF,,306150
1328,state|16||organismo|CONSEJO DE COORDINACION PARA LA IMPLEMENTACION SEGUIMIENTO Y EVALUACION DEL NUEVO SISTEMA DE JUSTICIA PENAL,1,state,16,,,organismo,CONSEJO DE COORDINACION PARA LA IMPLEMENTACION SEGUIMIENTO Y EVALUACION DEL NUEVO SISTEMA DE JUSTICIA PENAL,high,state:state_code;level:gobierno_nivel,"MICH-Consejo de Coordinación para la Implementación, Seguimiento y Evaluación del Nuevo Sistema de Justicia Penal",MICH,GE,MICH,196
1329,state|11||universidad estatal|UNIVERSIDAD,2,state,11,,,universidad estatal,UNIVERSIDAD,high,state:state_code;level:gobierno_nivel,GTO-Universidad de Guanajuato,GTO,GE,GTO,2118
1330,state|23||organismo|SERVICIOS EDUCATIVOS,2,state,23,,,organismo,SERVICIOS EDUCATIVOS,high,state:name-prefix;level:gobierno_nivel,Q ROO-Servicios Educativos de Quintana Roo,Q ROO,GE,,384
1331,state|22||secretaria|OFICIALIA MAYOR,2,state,22,,,secretaria,OFICIALIA MAYOR,high,state:state_code;level:gobierno_nivel,QRO-Oficialía Mayor,QRO,GE,QRO,665
1332,,,federal,,,,organismo,FINANCIERA NACIONAL DE DESARROLLO AGROPECUARIO RURAL FORESTAL Y PESQUERO,n/a,level:gobierno_nivel,"Financiera Nacional de Desarrollo Agropecuario, Rural, Forestal y Pesquero",FND,APF,,1660
1333,state|01||universidad tecnologica|UNIVERSIDAD TECNOLOGICA,1,state,01,,,universidad tecnologica,UNIVERSIDAD TECNOLOGICA,high,state:state_code;level:gobierno_nivel,AGS-Universidad Tecnológica de Aguascalientes,AGS,GE,AGS,287
1334,municipal|19|19019|ayuntamiento|,2,municipal,19,19019,San Pedro Garza García,ayuntamiento,,high,state:state_code;level:gobierno_nivel;muni:inegi;singleton-body,NL-Presidencia Municipal de San Pedro Garza García,NL,GM,NL,181
1335,state|05||secretaria|SECRETARIA DE INFRAESTRUCTURA,1,state,05,,,secretaria,SECRETARIA DE INFRAESTRUCTURA,high,state:state_code;level:gobierno_nivel,COAH-Secretaría de Infraestructura,COAH,GE,COAH,672
1336,state|24||organismo de agua|COMISION DEL AGUA,2,state,24,,,organismo de agua,COMISION DEL AGUA,high,state:state_code;level:gobierno_nivel,SLP-Comisión Estatal del Agua,SLP,GE,SLP,264
1337,municipal|02|02002|ayuntamiento|,2,municipal,02,02002,Mexicali,ayuntamiento,,high,state:state_code;level:gobierno_nivel;muni:inegi;singleton-body,BC-Presidencia Municipal de Mexicali,BC,GM,BC,474
1338,municipal|01|01001|ayuntamiento|,3,municipal,01,01001,Aguascalientes,ayuntamiento,,high,state:state_code;level:gobierno_nivel;muni:inegi;singleton-body,AGS-Presidencia Municipal de Aguascalientes,AGS,GM,AGS,990
1339,state|20||organismo|CAMINOS Y AEROPISTAS,2,state,20,,,organismo,CAMINOS Y AEROPISTAS,high,state:state_code;level:gobierno_nivel,OAX-Caminos y Aeropistas de Oaxaca,OAX,GE,OAX,1206
1340,,,federal,,,,organismo,SERVICIO DE PROTECCION FEDERAL,n/a,level:gobierno_nivel,Servicio de Protección Federal,SPF,APF,,1422
1341,state|31||secretaria|SECRETARIA DE DESARROLLO URBANO Y MEDIO AMBIENTE,1,state,31,,,secretaria,SECRETARIA DE DESARROLLO URBANO Y MEDIO AMBIENTE,high,state:state_code;level:gobierno_nivel,YUC-Secretaría de Desarrollo Urbano y Medio Ambiente,YUC,GE,YUC,44
1342,state|26||secretaria|SECRETARIA DE EDUCACION Y CULTURA,2,state,26,,,secretaria,SECRETARIA DE EDUCACION Y CULTURA,high,state:state_code;level:gobierno_nivel,SON-Secretaria de Educación y Cultura,SON,GE,SON,36
1343,state|23||colegio de bachilleres|COLEGIO DE BACHILLERES,2,state,23,,,colegio de bachilleres,COLEGIO DE BACHILLERES,high,state:name-prefix;level:gobierno_nivel,Q ROO-Colegio de Bachilleres del Estado de Quintana Roo,Q ROO,GE,,64
1344,state|21||secretaria|SECRETARIA DE EDUCACION PUBLICA,1,state,21,,,secretaria,SECRETARIA DE EDUCACION PUBLICA,high,state:state_code;level:gobierno_nivel,PUE-Secretaría De Educación Pública,PUE,GE,PUE,151
1345,state|05||secretaria|SECRETARIA DE FISCALIZACION Y RENDICION DE CUENTAS,1,state,05,,,secretaria,SECRETARIA DE FISCALIZACION Y RENDICION DE CUENTAS,high,state:state_code;level:gobierno_nivel,COAH-Secretaría de Fiscalización y Rendición de Cuentas,COAH,GE,COAH,8
1346,municipal|30|30028|organismo de agua|SISTEMA DE AGUA Y SANEAMIENTO METROPOLITANO Y MEDELLIN,1,municipal,30,30028,Boca del Río,organismo de agua,SISTEMA DE AGUA Y SANEAMIENTO METROPOLITANO Y MEDELLIN,high,state:state_code;level:gobierno_nivel;muni:inegi,"VER-Sistema de Agua y Saneamiento Metropolitano de Veracruz, Boca del Río y Medellín",VER,GM,VER,41
1347,state|19||secretaria|SECRETARIA DE EDUCACION,1,state,19,,,secretaria,SECRETARIA DE EDUCACION,high,state:state_code;level:gobierno_nivel,NL-Secretaría de Educación,NL,GE,NL,176
1348,state|27||secretaria|SECRETARIA DE ASENTAMIENTOS Y OBRAS PUBLICAS,1,state,27,,,secretaria,SECRETARIA DE ASENTAMIENTOS Y OBRAS PUBLICAS,high,state:state_code;level:gobierno_nivel,TAB-Secretaría de Asentamientos y Obras Públicas,TAB,GE,TAB,755
1349,state|08||secretaria|SECRETARIA DE COMUNICACIONES Y OBRAS PUBLICAS,2,state,08,,,secretaria,SECRETARIA DE COMUNICACIONES Y OBRAS PUBLICAS,high,state:state_code;level:gobierno_nivel,CHIH-Secretaría de Comunicaciones y Obras Públicas,CHIH,GE,CHIH,145
1350,municipal|32|32055|ayuntamiento|,2,municipal,32,32055,Villanueva,ayuntamiento,,high,state:state_code;level:gobierno_nivel;muni:inegi;singleton-body,ZAC-Presidencia Municipal de Villanueva,ZAC,GM,ZAC,279
1351,state|10||secretaria|SECRETARIA DE COMUNICACIONES Y OBRAS PUBLICAS,2,state,10,,,secretaria,SECRETARIA DE COMUNICACIONES Y OBRAS PUBLICAS,high,state:state_code;level:gobierno_nivel,DGO-Secretaría de Comunicaciones y Obras Publicas,DGO,GE,DGO,1227
1352,municipal|32|32005|ayuntamiento|,2,municipal,32,32005,Calera,ayuntamiento,,high,state:state_code;level:gobierno_nivel;muni:inegi;singleton-body,ZAC-Presidencia Municipal de Calera,ZAC,GM,ZAC,126
1353,municipal|11|11017|ayuntamiento|,2,municipal,11,11017,Irapuato,ayuntamiento,,high,state:state_code;level:gobierno_nivel;muni:inegi;singleton-body,GTO-Presidencia Municipal de Irapuato,GTO,GM,GTO,239
1354,state|30||colegio de bachilleres|COLEGIO DE BACHILLERES,2,state,30,,,colegio de bachilleres,COLEGIO DE BACHILLERES,high,state:state_code;level:gobierno_nivel,VER-Colegio de Bachilleres del Estado de Veracruz,VER,GE,VER,671
1355,municipal|01|01003|ayuntamiento|,2,municipal,01,01003,Calvillo,ayuntamiento,,high,state:state_code;level:gobierno_nivel;muni:inegi;singleton-body,AGS-Presidencia Municipal de Calvillo,AGS,GM,AGS,310
1356,municipal|27|27004|ayuntamiento|,3,municipal,27,27004,Centro,ayuntamiento,,high,state:state_code;level:gobierno_nivel;muni:inegi;singleton-body,TAB-Presidencia Municipal de Centro,TAB,GM,TAB,589
1357,municipal|21|21114|ayuntamiento|,3,municipal,21,21114,Puebla,ayuntamiento,,high,state:state_code;level:gobierno_nivel;muni:inegi;singleton-body,PUE-Presidencia Municipal de Puebla,PUE,GM,PUE,557
1358,,,federal,,,,organismo,IMPRESORA Y ENCUADERNADORA PROGRESO,n/a,level:gobierno_nivel,"Impresora y Encuadernadora Progreso, S.A. de C.V.",IEPSA,APF,,13366
1359,state|30||organismo de agua|COMISION DEL AGUA,2,state,30,,,organismo de agua,COMISION DEL AGUA,high,state:state_code;level:gobierno_nivel,VER-Comisión del Agua del Estado de Veracruz,VER,GE,VER,777
1360,municipal|28|28009|ayuntamiento|,3,municipal,28,28009,Ciudad Madero,ayuntamiento,,high,state:name-prefix;level:gobierno_nivel;muni:inegi;singleton-body,TAMPS-Presidencia Municipal de Ciudad Madero,TAMPS,GM,,80
1361,municipal|21|21154|ayuntamiento|,1,municipal,21,21154,Tecamachalco,ayuntamiento,,high,state:state_code;level:gobierno_nivel;muni:inegi;singleton-body,PUE-Presidencia Municipal de Tecamachalco,PUE,GM,PUE,167
1362,state|30||secretaria|SECRETARIA DE INFRAESTRUCTURA Y OBRAS PUBLICAS,2,state,30,,,secretaria,SECRETARIA DE INFRAESTRUCTURA Y OBRAS PUBLICAS,high,state:state_code;level:gobierno_nivel,VER-Secretaria de Infraestructura y Obras Públicas,VER,GE,VER,2131
1363,state|17||organismo de agua|COMISION DEL AGUA,1,state,17,,,organismo de agua,COMISION DEL AGUA,high,state:state_code;level:gobierno_nivel,MOR-Comisión Estatal del Agua,MOR,GE,MOR,970
1364,state|19||organismo de agua|SERVICIOS DE AGUA Y DRENAJE DE MONTERREY I P D,2,state,19,,,organismo de agua,SERVICIOS DE AGUA Y DRENAJE DE MONTERREY I P D,high,state:state_code;level:gobierno_nivel,"NL-Servicios de Agua y Drenaje de Monterrey, I.P.D.",NL,GE,NL,1002
1365,municipal|23|23004|ayuntamiento|,3,municipal,23,23004,Othón P. Blanco,ayuntamiento,,high,state:name-prefix;level:gobierno_nivel;muni:inegi;singleton-body,Q ROO-Presidencia Municipal de Othón P. Blanco,Q ROO,GM,,124
1366,municipal|13|13077|ayuntamiento|,1,municipal,13,13077,Tulancingo de Bravo,ayuntamiento,,high,state:state_code;level:gobierno_nivel;muni:inegi;singleton-body,HGO-Presidencia Municipal de Tulancingo de Bravo,HGO,GM,HGO,211
1367,municipal|10|10005|organismo de agua|AGUAS,2,municipal,10,10005,Durango,organismo de agua,AGUAS,high,state:state_code;level:gobierno_nivel;muni:inegi,DGO-AGUAS DEL MUNICIPIO DE DURANGO,DGO,GM,DGO,489
1368,municipal|02|02001|ayuntamiento|,3,municipal,02,02001,Ensenada,ayuntamiento,,high,state:state_code;level:gobierno_nivel;muni:inegi;singleton-body,BC-Presidencia Municipal de Ensenada,BC,GM,BC,130
1369,municipal|26|26043|ayuntamiento|,3,municipal,26,26043,Nogales,ayuntamiento,,high,state:state_code;level:gobierno_nivel;muni:inegi;singleton-body,SON-Presidencia Municipal de Nogales,SON,GM,SON,455
1370,state|13||secretaria|SECRETARIA DE OBRAS PUBLICAS Y ORDENAMIENTO TERRITORIAL,1,state,13,,,secretaria,SECRETARIA DE OBRAS PUBLICAS Y ORDENAMIENTO TERRITORIAL,high,state:state_code;level:gobierno_nivel,HGO-Secretaria de Obras Públicas y Ordenamiento Territorial,HGO,GE,HGO,1543
1371,municipal|30|30087|ayuntamiento|,3,municipal,30,30087,Xalapa,ayuntamiento,,high,state:state_code;level:gobierno_nivel;muni:inegi;singleton-body,VER-Presidencia Municipal de Xalapa,VER,GM,VER,459
1372,municipal|21|21132|ayuntamiento|,2,municipal,21,21132,San Martín Texmelucan,ayuntamiento,,high,state:state_code;level:gobierno_nivel;muni:inegi;singleton-body,PUE-Presidencia Municipal de San Martín Texmelucan,PUE,GM,PUE,218
1373,municipal|05|05035|organismo de agua|SISTEMA MUNICIPAL DE AGUAS Y SANEAMIENTO,2,municipal,05,05035,Torreón,organismo de agua,SISTEMA MUNICIPAL DE AGUAS Y SANEAMIENTO,high,state:state_code;level:gobierno_nivel;muni:inegi,"COAH-Sistema Municipal de Aguas y Saneamiento de Torreón, Coahuila",COAH,GM,COAH,74
1374,state|30||organismo|INSTITUTOS TECNOLOGICOS SUPERIORES,1,state,30,,,organismo,INSTITUTOS TECNOLOGICOS SUPERIORES,high,state:state_code;level:gobierno_nivel,VER-Institutos Tecnológicos Superiores,VER,GE,VER,317
1375,state|06||secretaria|SECRETARIA DE INFRAESTRUCTURA Y DESARROLLO URBANO,1,state,06,,,secretaria,SECRETARIA DE INFRAESTRUCTURA Y DESARROLLO URBANO,high,state:state_code;level:gobierno_nivel,COL-Secretaría de Infraestructura y Desarrollo Urbano,COL,GE,COL,579
1376,state|22||secretaria|SECRETARIA DE DESARROLLO URBANO Y OBRAS PUBLICAS,2,state,22,,,secretaria,SECRETARIA DE DESARROLLO URBANO Y OBRAS PUBLICAS,high,state:state_code;level:gobierno_nivel,QRO-Secretaría de Desarrollo Urbano y Obras Públicas,QRO,GE,QRO,341
1377,municipal|31|31050|ayuntamiento|,3,municipal,31,31050,Mérida,ayuntamiento,,high,state:state_code;level:gobierno_nivel;muni:inegi;singleton-body,YUC-Presidencia Municipal de Mérida,YUC,GM,YUC,275
1378,,,federal,,,,organismo,INSTITUTO NACIONAL DE REHABILITACION LUIS GUILLERMO IBARRA IBARRA,n/a,level:gobierno_nivel,Instituto Nacional de Rehabilitación Luis Guillermo Ibarra Ibarra,INR,APF,,7787
1379,state|21||organismo|COMITE ADMINISTRADOR PARA LA CONSTRUCCION DE ESPACIOS EDUCATIVOS,2,state,21,,,organismo,COMITE ADMINISTRADOR PARA LA CONSTRUCCION DE ESPACIOS EDUCATIVOS,medium,state:state_code;level:gobierno_nivel;gentilicio-stripped,PUE-Comité Administrador Poblano para la Construcción de Espacios Educativos,PUE,GE,PUE,1865
1380,municipal|11|11021|ayuntamiento|,1,municipal,11,11021,Moroleón,ayuntamiento,,high,state:state_code;level:gobierno_nivel;muni:inegi;singleton-body,GTO-Presidencia Municipal de Moroleón,GTO,GM,GTO,88
1381,state|22||organismo|INSTITUTO DE LA CULTURA Y LAS ARTES,1,state,22,,,organismo,INSTITUTO DE LA CULTURA Y LAS ARTES,medium,state:state_code;level:gobierno_nivel;gentilicio-stripped,QRO-Instituto Queretano de la Cultura y las Artes,QRO,GE,QRO,19
1382,municipal|06|06009|ayuntamiento|,3,municipal,06,06009,Tecomán,ayuntamiento,,high,state:state_code;level:gobierno_nivel;muni:inegi;singleton-body,COL-Presidencia Municipal de Tecomán,COL,GM,COL,85
1383,,,federal,,,,organismo,COLEGIO DE POSTGRADUADOS,n/a,level:gobierno_nivel,Colegio de Postgraduados,COLPOS,APF,,11397
1384,municipal|30|30039|ayuntamiento|,1,municipal,30,30039,Coatzacoalcos,ayuntamiento,,high,state:state_code;level:gobierno_nivel;muni:inegi;singleton-body,VER-Presidencia Municipal de Coatzacoalcos,VER,GM,VER,55
1385,,,federal,,,,infraestructura educativa,INSTITUTO NACIONAL DE LA INFRAESTRUCTURA FISICA EDUCATIVA,n/a,level:gobierno_nivel,Instituto Nacional de la Infraestructura Física Educativa,INIFED,APF,,16127
1386,state|13||secretaria|SECRETARIA DE CONTRALORIA,1,state,13,,,secretaria,SECRETARIA DE CONTRALORIA,high,state:state_code;level:gobierno_nivel,HGO-Secretaría de Contraloría,HGO,GE,HGO,823
1387,state|12||organismo de agua|COMISION DE AGUA POTABLE ALCANTARILLADO Y SANEAMIENTO,3,state,12,,,organismo de agua,COMISION DE AGUA POTABLE ALCANTARILLADO Y SANEAMIENTO,high,state:state_code;level:gobierno_nivel,"GRO-Comisión de Agua Potable, Alcantarillado y Saneamiento del Estado de Guerrero",GRO,GE,GRO,298
1388,municipal|28|28027|organismo de agua|COMISION MUNICIPAL DE AGUA POTABLE Y ALCANTARILLADO,2,municipal,28,28027,Nuevo Laredo,organismo de agua,COMISION MUNICIPAL DE AGUA POTABLE Y ALCANTARILLADO,high,state:name-prefix;level:gobierno_nivel;muni:inegi,TAMPS-Comisión Municipal de Agua Potable y Alcantarillado del Municipio de Nuevo Laredo,TAMPS,GM,,33
1389,municipal|25|25001|organismo de agua|JUNTA DE AGUA POTABLE Y ALCANTARILLADO,2,municipal,25,25001,Ahome,organismo de agua,JUNTA DE AGUA POTABLE Y ALCANTARILLADO,high,state:state_code;level:gobierno_nivel;muni:inegi,SIN-JUNTA DE AGUA POTABLE Y ALCANTARILLADO DE AHOME,SIN,GM,SIN,81
1390,state|24||infraestructura educativa|INSTITUTO DE INFRAESTRUCTURA FISICA EDUCATIVA,3,state,24,,,infraestructura educativa,INSTITUTO DE INFRAESTRUCTURA FISICA EDUCATIVA,high,state:state_code;level:gobierno_nivel,SLP-Instituto Estatal de Infraestructura Física Educativa,SLP,GE,SLP,1127
1391,state|12||organismo|COMISION DE INFRAESTRUCTURA CARRETERA Y AEROPORTUARIA,2,state,12,,,organismo,COMISION DE INFRAESTRUCTURA CARRETERA Y AEROPORTUARIA,high,state:state_code;level:gobierno_nivel,GRO-Comisión de Infraestructura Carretera y Aeroportuaria,GRO,GE,GRO,178
1392,state|02||organismo|JUNTA DE URBANIZACION,2,state,02,,,organismo,JUNTA DE URBANIZACION,high,state:state_code;level:gobierno_nivel,BC-Junta de Urbanización del Estado de Baja California,BC,GE,BC,500
1393,state|16||secretaria de salud|,1,state,16,,,secretaria de salud,,high,state:state_code;level:gobierno_nivel;singleton-body,MICH-Secretaría de Salud,MICH,GE,MICH,695
1394,municipal|21|21036|ayuntamiento|,1,municipal,21,21036,Coyomeapan,ayuntamiento,,high,state:state_code;level:gobierno_nivel;muni:inegi;singleton-body,PUE-Presidencia Municipal de Coyomeapan,PUE,GM,PUE,20
1395,state|02||universidad estatal|UNIVERSIDAD AUTONOMA,2,state,02,,,universidad estatal,UNIVERSIDAD AUTONOMA,high,state:state_code;level:gobierno_nivel,BC-Universidad Autónoma de Baja California,BC,GE,BC,39
1396,municipal|16|16069|ayuntamiento|,1,municipal,16,16069,La Piedad,ayuntamiento,,high,state:state_code;level:gobierno_nivel;muni:inegi;singleton-body,MICH-Presidencia Municipal de La Piedad,MICH,GM,MICH,172
1397,municipal|11|11046|ayuntamiento|,1,municipal,11,11046,Yuriria,ayuntamiento,,high,state:state_code;level:gobierno_nivel;muni:inegi;singleton-body,GTO-Presidencia Municipal de Yuriria,GTO,GM,GTO,91
1398,,,federal,,,,organismo,PROMEXICO,n/a,level:gobierno_nivel,ProMéxico,PROMEXICO,APF,,645
1399,municipal|24|24035|organismo de agua intermunicipal|ORGANISMO INTERMUNICIPAL METROPOLITANO DE AGUA POTABLE ALCANTARILLADO SANEAMIENTO Y SERVICIOS CONEXOS DE LOS MUNICIPIOS DE CERRO DE SAN PEDRO,2,municipal,24,24035,Soledad de Graciano Sánchez,organismo de agua intermunicipal,ORGANISMO INTERMUNICIPAL METROPOLITANO DE AGUA POTABLE ALCANTARILLADO SANEAMIENTO Y SERVICIOS CONEXOS DE LOS MUNICIPIOS DE CERRO DE SAN PEDRO,high,state:state_code;level:gobierno_nivel;muni:inegi,"SLP-Organismo Intermunicipal Metropolitano de Agua Potable, Alcantarillado, Saneamiento y Servicios Conexos de los Municipios de Cerro de San Pedro, San Luis Potosí y Soledad de Graciano Sánchez (INTERAPAS)",SLP,GM,SLP,374
1400,state|04||secretaria|SECRETARIA DE DESARROLLO URBANO Y OBRAS PUBLICAS,3,state,04,,,secretaria,SECRETARIA DE DESARROLLO URBANO Y OBRAS PUBLICAS,high,state:state_code;level:gobierno_nivel,CAMP-Secretaría de Desarrollo Urbano y Obras Públicas,CAMP,GE,CAMP,750
1401,state|19||secretaria|SECRETARIA DE ADMINISTRACION,1,state,19,,,secretaria,SECRETARIA DE ADMINISTRACION,high,state:state_code;level:gobierno_nivel,NL-Secretaría de Administración,NL,GE,NL,786
1402,state|31||organismo de agua|JUNTA DE AGUA POTABLE Y ALCANTARILLADO,3,state,31,,,organismo de agua,JUNTA DE AGUA POTABLE Y ALCANTARILLADO,high,state:state_code;level:gobierno_nivel,YUC-Junta de Agua Potable y Alcantarillado de Yucatán,YUC,GE,YUC,614
1403,municipal|24|24028|ayuntamiento|,3,municipal,24,24028,San Luis Potosí,ayuntamiento,,high,state:state_code;level:gobierno_nivel;muni:inegi;singleton-body,SLP-Presidencia Municipal de San Luis Potosí,SLP,GM,SLP,32
1404,,,federal,,,,organismo,PROCURADURIA DE LA DEFENSA DEL CONTRIBUYENTE,n/a,level:gobierno_nivel,Procuraduría de la Defensa del Contribuyente,PRODECON,APF,,1094
1405,municipal|25|25006|organismo de agua|JUNTA MUNICIPAL DE AGUA POTABLE Y ALCANTARILLADO,2,municipal,25,25006,Culiacán,organismo de agua,JUNTA MUNICIPAL DE AGUA POTABLE Y ALCANTARILLADO,high,state:state_code;level:gobierno_nivel;muni:inegi,SIN-Junta Municipal de Agua Potable y Alcantarillado de Culiacán,SIN,GM,SIN,129
1406,municipal|25|25006|ayuntamiento|,3,municipal,25,25006,Culiacán,ayuntamiento,,high,state:state_code;level:gobierno_nivel;muni:inegi;singleton-body,SIN-Presidencia Municipal de Culiacán,SIN,GM,SIN,451
1407,municipal|07|07089|ayuntamiento|,2,municipal,07,07089,Tapachula,ayuntamiento,,high,state:state_code;level:gobierno_nivel;muni:inegi;singleton-body,CHIS-Presidencia Municipal de Tapachula,CHIS,GM,CHIS,55
1408,municipal|08|08019|ayuntamiento|,3,municipal,08,08019,Chihuahua,ayuntamiento,,high,state:state_code;level:gobierno_nivel;muni:inegi;singleton-body,CHIH-Presidencia Municipal de Chihuahua,CHIH,GM,CHIH,506
1409,state|02||secretaria|SECRETARIA DE INFRAESTRUCTURA Y DESARROLLO URBANO,2,state,02,,,secretaria,SECRETARIA DE INFRAESTRUCTURA Y DESARROLLO URBANO,high,state:state_code;level:gobierno_nivel,BC-Secretaría de Infraestructura y Desarrollo Urbano,BC,GE,BC,597
1410,municipal|25|25018|ayuntamiento|,3,municipal,25,25018,Navolato,ayuntamiento,,high,state:state_code;level:gobierno_nivel;muni:inegi;singleton-body,SIN-Presidencia Municipal de Navolato,SIN,GM,SIN,160
1411,municipal|16|16059|ayuntamiento|,1,municipal,16,16059,Nuevo Urecho,ayuntamiento,,high,state:state_code;level:gobierno_nivel;muni:inegi;singleton-body,MICH-Presidencia Municipal de Nuevo Urecho,MICH,GM,MICH,14
1412,state|07||secretaria|SECRETARIA DE OBRA PUBLICA Y COMUNICACIONES,1,state,07,,,secretaria,SECRETARIA DE OBRA PUBLICA Y COMUNICACIONES,high,state:state_code;level:gobierno_nivel,CHIS-Secretaría de Obra Pública y Comunicaciones,CHIS,GE,CHIS,620
1413,,,federal,,,,organismo,AEROPUERTO INTERNACIONAL DE LA CIUDAD DE MEXICO,n/a,level:gobierno_nivel,"Aeropuerto Internacional de la Ciudad de México, S.A. de C.V.",AICM,APF,,3457
1414,municipal|21|21023|ayuntamiento|,1,municipal,21,21023,Atzitzintla,ayuntamiento,,high,state:state_code;level:gobierno_nivel;muni:inegi;singleton-body,PUE-Presidencia Municipal de Atzitzintla,PUE,GM,PUE,31
1415,state|22||secretaria de salud|,1,state,22,,,secretaria de salud,,high,state:state_code;level:gobierno_nivel;singleton-body,QRO-Secretaría de Salud,QRO,GE,QRO,872
1416,municipal|19|19021|ayuntamiento|,1,municipal,19,19021,General Escobedo,ayuntamiento,,high,state:state_code;level:gobierno_nivel;muni:inegi;singleton-body,NL-Presidencia Municipal de Gral. Escobedo,NL,GM,NL,133
1417,state|08||organismo de agua|JUNTA CENTRAL DE AGUA Y SANEAMIENTO,3,state,08,,,organismo de agua,JUNTA CENTRAL DE AGUA Y SANEAMIENTO,high,state:state_code;level:gobierno_nivel,CHIH-Junta Central de Agua y Saneamiento,CHIH,GE,CHIH,1254
1418,municipal|21|21002|ayuntamiento|,1,municipal,21,21002,Acateno,ayuntamiento,,high,state:state_code;level:gobierno_nivel;muni:inegi;singleton-body,PUE-Presidencia Municipal de Acateno,PUE,GM,PUE,26
1419,state|16||organismo de agua|COMISION DE AGUAS Y GESTION DE CUENCAS,2,state,16,,,organismo de agua,COMISION DE AGUAS Y GESTION DE CUENCAS,high,state:state_code;level:gobierno_nivel,MICH-Comisión Estatal de Aguas y Gestión de Cuencas,MICH,GE,MICH,196
1420,municipal|21|21027|ayuntamiento|,1,municipal,21,21027,Caltepec,ayuntamiento,,high,state:state_code;level:gobierno_nivel;muni:inegi;singleton-body,PUE-Presidencia Municipal de Caltepec,PUE,GM,PUE,23
1421,municipal|11|11001|ayuntamiento|,1,municipal,11,11001,Abasolo,ayuntamiento,,high,state:state_code;level:gobierno_nivel;muni:inegi;singleton-body,GTO-Presidencia Municipal de Abasolo,GTO,GM,GTO,201
1422,,,federal,,,,organismo,INSTITUTO NACIONAL DE ECOLOGIA Y CAMBIO CLIMATICO,n/a,level:gobierno_nivel,Instituto Nacional de Ecología y Cambio Climático,INECC,APF,,1072
1423,state|26||organismo|COMISION DEL DEPORTE,2,state,26,,,organismo,COMISION DEL DEPORTE,high,state:state_code;level:gobierno_nivel,SON-Comisión del Deporte del Estado de Sonora (CODESON),SON,GE,SON,89
1424,municipal|15|15025|ayuntamiento|,1,municipal,15,15025,Chalco,ayuntamiento,,high,state:state_code;level:gobierno_nivel;muni:inegi;singleton-body,MEX-Presidencia Municipal de Chalco,MEX,GM,MEX,342
1425,,,federal,,,,organismo,CENTRO NACIONAL PARA LA PREVENCION Y EL CONTROL DEL VIH SIDA,n/a,level:gobierno_nivel,Centro Nacional para la Prevención y el Control del VIH/SIDA,CENSIDA,APF,,636
1426,state|15||secretaria|SECRETARIA DE OBRA PUBLICA,1,state,15,,,secretaria,SECRETARIA DE OBRA PUBLICA,high,state:state_code;level:gobierno_nivel,MEX-Secretaría de Obra Pública,MEX,GE,MEX,58
1427,state|27||organismo de agua|COMISION DE AGUA Y SANEAMIENTO,3,state,27,,,organismo de agua,COMISION DE AGUA Y SANEAMIENTO,high,state:state_code;level:gobierno_nivel,TAB-Comisión Estatal de Agua y Saneamiento,TAB,GE,TAB,599
1428,state|30||universidad tecnologica|UNIVERSIDAD TECNOLOGICA DEL CENTRO,2,state,30,,,universidad tecnologica,UNIVERSIDAD TECNOLOGICA DEL CENTRO,high,state:state_code;level:gobierno_nivel,VER-Universidad Tecnológica del Centro,VER,GE,VER,556
1429,state|04||infraestructura educativa|INSTITUTO DE INFRAESTRUCTURA FISICA EDUCATIVA,2,state,04,,,infraestructura educativa,INSTITUTO DE INFRAESTRUCTURA FISICA EDUCATIVA,high,state:state_code;level:gobierno_nivel,CAMP-Instituto de Infraestructura Física Educativa del Estado de Campeche,CAMP,GE,CAMP,765
1430,state|15||organismo|INSTITUTO DE CAPACITACION Y ADIESTRAMIENTO PARA EL TRABAJO INDUSTRIAL,3,state,15,,,organismo,INSTITUTO DE CAPACITACION Y ADIESTRAMIENTO PARA EL TRABAJO INDUSTRIAL,high,state:state_code;level:gobierno_nivel,MEX-Instituto de Capacitación y Adiestramiento para el Trabajo Industrial,MEX,GE,MEX,120
1431,municipal|11|11002|ayuntamiento|,1,municipal,11,11002,Acámbaro,ayuntamiento,,high,state:state_code;level:gobierno_nivel;muni:inegi;singleton-body,GTO-Presidencia Municipal de Acámbaro,GTO,GM,GTO,72
1432,municipal|21|21156|ayuntamiento|,2,municipal,21,21156,Tehuacán,ayuntamiento,,high,state:state_code;level:gobierno_nivel;muni:inegi;singleton-body,PUE-Presidencia Municipal de Tehuacán,PUE,GM,PUE,823
1433,state|01||organismo de agua|INSTITUTO DEL AGUA,3,state,01,,,organismo de agua,INSTITUTO DEL AGUA,high,state:state_code;level:gobierno_nivel,AGS-Instituto del Agua del Estado,AGS,GE,AGS,327
1434,state|04||secretaria|SECRETARIA DE ADMINISTRACION E INNOVACION GUBERNAMENTAL,2,state,04,,,secretaria,SECRETARIA DE ADMINISTRACION E INNOVACION GUBERNAMENTAL,high,state:state_code;level:gobierno_nivel,CAMP-Secretaría de Administración e Innovación Gubernamental,CAMP,GE,CAMP,588
1435,municipal|31|31058|ayuntamiento|,2,municipal,31,31058,Peto,ayuntamiento,,high,state:state_code;level:gobierno_nivel;muni:inegi;singleton-body,YUC-Presidencia Municipal de Peto,YUC,GM,YUC,4
1436,municipal|11|11020|ayuntamiento|,2,municipal,11,11020,León,ayuntamiento,,high,state:state_code;level:gobierno_nivel;muni:inegi;singleton-body,GTO-Presidencia Municipal de León,GTO,GM,GTO,473
1437,municipal|13|13046|ayuntamiento|,1,municipal,13,13046,San Felipe Orizatlán,ayuntamiento,,high,state:state_code;level:gobierno_nivel;muni:inegi;singleton-body,HGO-Presidencia Municipal de San Felipe Orizatlán,HGO,GM,HGO,48
1438,state|28||secretaria|SECRETARIA DE ADMINISTRACION,4,state,28,,,secretaria,SECRETARIA DE ADMINISTRACION,high,state:name-prefix;level:gobierno_nivel,TAMPS-Secretaría de Administración,TAMPS,GE,,272
1439,state|27||secretaria|SECRETARIA DE ENERGIA RECURSOS NATURALES Y PROTECCION AMBIENTAL,1,state,27,,,secretaria,SECRETARIA DE ENERGIA RECURSOS NATURALES Y PROTECCION AMBIENTAL,high,state:state_code;level:gobierno_nivel,"TAB-Secretaría de Energía, Recursos Naturales y Proteccion Ambiental (SERNAPAM)",TAB,GE,TAB,321
1440,,,federal,,,,organismo,FERROCARRIL DEL ISTMO DE TEHUANTEPEC,n/a,level:gobierno_nivel,"Ferrocarril del Istmo de Tehuantepec, S.A. de C.V.",FIT,APF,,961
1441,state|07||infraestructura educativa|INSTITUTO DE LA INFRAESTRUCTURA FISICA EDUCATIVA,2,state,07,,,infraestructura educativa,INSTITUTO DE LA INFRAESTRUCTURA FISICA EDUCATIVA,high,state:state_code;level:gobierno_nivel,CHIS-Instituto de la Infraestructura Física Educativa del Estado de Chiapas,CHIS,GE,CHIS,1678
1442,municipal|11|11045|ayuntamiento|,1,municipal,11,11045,Xichú,ayuntamiento,,high,state:state_code;level:gobierno_nivel;muni:inegi;singleton-body,GTO-Presidencia Municipal de Xichú,GTO,GM,GTO,96
1443,state|19||organismo|SISTEMA DE CAMINOS,2,state,19,,,organismo,SISTEMA DE CAMINOS,high,state:state_code;level:gobierno_nivel,NL-Sistema de Caminos de Nuevo León,NL,GE,NL,165
1444,state|14||organismo|INSTITUTO DE LAS MUJERES,1,state,14,,,organismo,INSTITUTO DE LAS MUJERES,medium,state:state_code;level:gobierno_nivel;gentilicio-stripped,JAL-Instituto Jalisciense de las Mujeres,JAL,GE,JAL,7
1445,municipal|05|05030|ayuntamiento|,2,municipal,05,05030,Saltillo,ayuntamiento,,high,state:state_code;level:gobierno_nivel;muni:inegi;singleton-body,COAH-Presidencia Municipal de Saltillo,COAH,GM,COAH,6
1446,state|26||secretaria de salud|,2,state,26,,,secretaria de salud,,high,state:state_code;level:gobierno_nivel;singleton-body,SON-Secretaría de Salud Pública,SON,GE,SON,356
1447,municipal|27|27010|ayuntamiento|,3,municipal,27,27010,Jalpa de Méndez,ayuntamiento,,high,state:state_code;level:gobierno_nivel;muni:inegi;singleton-body,TAB-Presidencia Municipal de Jalpa de Méndez,TAB,GM,TAB,220
1448,municipal|11|11042|ayuntamiento|,1,municipal,11,11042,Valle de Santiago,ayuntamiento,,high,state:state_code;level:gobierno_nivel;muni:inegi;singleton-body,GTO-Presidencia Municipal de Valle de Santiago,GTO,GM,GTO,34
1449,municipal|19|19026|ayuntamiento|,2,municipal,19,19026,Guadalupe,ayuntamiento,,high,state:state_code;level:gobierno_nivel;muni:inegi;singleton-body,NL-Presidencia Municipal de Guadalupe,NL,GM,NL,44
1450,municipal|11|11014|organismo|INSTITUTO MUNICIPAL DE VIVIENDA DE LA INDEPENDENCIA,1,municipal,11,11014,Dolores Hidalgo Cuna de la Independencia Nacional,organismo,INSTITUTO MUNICIPAL DE VIVIENDA DE LA INDEPENDENCIA,high,state:state_code;level:gobierno_nivel;muni:inegi,GTO-Instituto Municipal de Vivienda de Dolores Hidalgo Cuna de la Independencia,GTO,GM,GTO,3
1451,municipal|01|01007|ayuntamiento|,1,municipal,01,01007,Rincón de Romos,ayuntamiento,,high,state:state_code;level:gobierno_nivel;muni:inegi;singleton-body,AGS-Presidencia Municipal de Rincón de Romos,AGS,GM,AGS,108
1452,state|04||organismo de agua|COMISION DE AGUA POTABLE Y ALCANTARILLADO,2,state,04,,,organismo de agua,COMISION DE AGUA POTABLE Y ALCANTARILLADO,high,state:state_code;level:gobierno_nivel,CAMP-Comisión de Agua Potable y Alcantarillado del Estado de Campeche,CAMP,GE,CAMP,355
1453,state|16||infraestructura educativa|INSTITUTO DE LA INFRAESTRUCTURA FISICA EDUCATIVA,1,state,16,,,infraestructura educativa,INSTITUTO DE LA INFRAESTRUCTURA FISICA EDUCATIVA,high,state:state_code;level:gobierno_nivel,MICH-Instituto de la Infraestructura Física Educativa,MICH,GE,MICH,1487
1454,municipal|28|28027|ayuntamiento|,2,municipal,28,28027,Nuevo Laredo,ayuntamiento,,high,state:name-prefix;level:gobierno_nivel;muni:inegi;singleton-body,TAMPS-Presidencia Municipal de Nuevo Laredo,TAMPS,GM,,147
1455,state|11||infraestructura educativa|INSTITUTO DE INFRAESTRUCTURA FISICA EDUCATIVA,2,state,11,,,infraestructura educativa,INSTITUTO DE INFRAESTRUCTURA FISICA EDUCATIVA,high,state:state_code;level:gobierno_nivel,GTO-Instituto de Infraestructura Física Educativa de Guanajuato,GTO,GE,GTO,791
1456,municipal|23|23010|ayuntamiento|,1,municipal,23,23010,Bacalar,ayuntamiento,,high,state:name-prefix;level:gobierno_nivel;muni:inegi;singleton-body,Q ROO-Presidencia Municipal de Bacalar,Q ROO,GM,,112
1457,state|04||servicios de salud|,1,state,04,,,servicios de salud,,high,state:state_code;level:gobierno_nivel;singleton-body,CAMP-Instituto de Servicios Descentralizados de Salud Pública del Estado de Campeche,CAMP,GE,CAMP,699
1458,municipal|32|32010|ayuntamiento|,2,municipal,32,32010,Fresnillo,ayuntamiento,,high,state:state_code;level:gobierno_nivel;muni:inegi;singleton-body,ZAC-Presidencia Municipal de Fresnillo,ZAC,GM,ZAC,669
1459,municipal|16|16053|organismo de agua|ORGANISMO OPERADOR DE AGUA POTABLE ALCANTARILLADO Y SANEAMIENTO,1,municipal,16,16053,Morelia,organismo de agua,ORGANISMO OPERADOR DE AGUA POTABLE ALCANTARILLADO Y SANEAMIENTO,high,state:state_code;level:gobierno_nivel;muni:inegi,"MICH-Organismo Operador de Agua Potable, Alcantarillado y Saneamiento de Morelia",MICH,GM,MICH,210
1460,municipal|16|16076|ayuntamiento|,1,municipal,16,16076,Sahuayo,ayuntamiento,,high,state:state_code;level:gobierno_nivel;muni:inegi;singleton-body,MICH-Presidencia Municipal de Sahuayo,MICH,GM,MICH,342
1461,municipal|23|23008|ayuntamiento|,2,municipal,23,23008,Playa del Carmen,ayuntamiento,,high,state:name-prefix;level:gobierno_nivel;muni:inegi;singleton-body,Q ROO-Presidencia Municipal de Solidaridad,Q ROO,GM,,604
1462,,,federal,,,,organismo,INSTITUTO DE INVESTIGACIONES DR JOSE MARIA LUIS MORA,n/a,level:gobierno_nivel,"Instituto de Investigaciones ""Dr. José María Luis Mora""",MORA,APF,,2518
1463,municipal|20|20297|ayuntamiento|,2,municipal,20,20297,San Pablo Tijaltepec,ayuntamiento,,high,state:state_code;level:gobierno_nivel;muni:inegi;singleton-body,OAX-Presidencia Municipal de San Pablo Tijaltepec,OAX,GM,OAX,17
1464,state|22||organismo de agua|COMISION DE AGUAS,3,state,22,,,organismo de agua,COMISION DE AGUAS,high,state:state_code;level:gobierno_nivel,QRO-Comisión Estatal de Aguas,QRO,GE,QRO,321
1465,municipal|11|11031|ayuntamiento|,1,municipal,11,11031,San Francisco del Rincón,ayuntamiento,,high,state:state_code;level:gobierno_nivel;muni:inegi;singleton-body,GTO-Presidencia Municipal de San Francisco del Rincón,GTO,GM,GTO,141
1466,state|05||dif estatal|,2,state,05,,,dif estatal,,high,state:state_code;level:gobierno_nivel;singleton-body,COAH-Sistema Estatal para el Desarrollo Integral de la Familia,COAH,GE,COAH,48
1467,state|20||servicios de salud|,1,state,20,,,servicios de salud,,high,state:state_code;level:gobierno_nivel;singleton-body,OAX-Servicios de Salud de Oaxaca,OAX,GE,OAX,2211
1468,state|02||organismo|INSTITUTO PARA EL DESARROLLO INMOBILIARIO Y DE LA VIVIENDA,1,state,02,,,organismo,INSTITUTO PARA EL DESARROLLO INMOBILIARIO Y DE LA VIVIENDA,high,state:state_code;level:gobierno_nivel,BC-Instituto para el Desarrollo Inmobiliario y de la Vivienda para el Estado de Baja California,BC,GE,BC,60
1469,state|14||organismo de agua|COMISION DEL AGUA,2,state,14,,,organismo de agua,COMISION DEL AGUA,high,state:state_code;level:gobierno_nivel,JAL-Comisión Estatal del Agua,JAL,GE,JAL,265
1470,state|26||organismo|JUNTA DE CAMINOS,2,state,26,,,organismo,JUNTA DE CAMINOS,high,state:state_code;level:gobierno_nivel,SON-Junta de Caminos del Estado de Sonora,SON,GE,SON,143
1471,state|30||organismo|INSTITUTO DE LAS MUJERES,2,state,30,,,organismo,INSTITUTO DE LAS MUJERES,medium,state:state_code;level:gobierno_nivel;gentilicio-stripped,VER-Instituto Veracruzano de las Mujeres,VER,GE,VER,317
1472,state|14||dif estatal|,3,state,14,,,dif estatal,,high,state:state_code;level:gobierno_nivel;singleton-body,JAL-Sistema para el Desarrollo Integral de la Familia Jalisco,JAL,GE,JAL,212
1473,municipal|25|25002|organismo de agua|JUNTA DE AGUA POTABLE Y ALCANTARILLADO,1,municipal,25,25002,Angostura,organismo de agua,JUNTA DE AGUA POTABLE Y ALCANTARILLADO,high,state:state_code;level:gobierno_nivel;muni:inegi,SIN-JUNTA DE AGUA POTABLE Y ALCANTARILLADO DE ANGOSTURA,SIN,GM,SIN,26
1474,municipal|23|23001|ayuntamiento|,3,municipal,23,23001,Cozumel,ayuntamiento,,high,state:name-prefix;level:gobierno_nivel;muni:inegi;singleton-body,Q ROO-Presidencia Municipal de Cozumel,Q ROO,GM,,240
1475,municipal|11|11039|ayuntamiento|,1,municipal,11,11039,Tarimoro,ayuntamiento,,high,state:state_code;level:gobierno_nivel;muni:inegi;singleton-body,GTO-Presidencia Municipal de Tarimoro,GTO,GM,GTO,57
1476,state|01||dif estatal|,1,state,01,,,dif estatal,,high,state:state_code;level:gobierno_nivel;singleton-body,AGS-Sistema para el Desarrollo Integral de la Familia,AGS,GE,AGS,175
1477,state|26||organismo|COMISION DE VIVIENDA,1,state,26,,,organismo,COMISION DE VIVIENDA,high,state:state_code;level:gobierno_nivel,SON-Comisión de Vivienda del Estado de Sonora,SON,GE,SON,161
1478,state|26||organismo|INSTITUTO DE CREDITO EDUCATIVO,1,state,26,,,organismo,INSTITUTO DE CREDITO EDUCATIVO,high,state:state_code;level:gobierno_nivel,SON-Instituto de Crédito Educativo del Estado de Sonora,SON,GE,SON,22
1479,state|15||universidad estatal|UNIVERSIDAD DIGITAL,1,state,15,,,universidad estatal,UNIVERSIDAD DIGITAL,high,state:state_code;level:gobierno_nivel,MEX-Universidad Digital del Estado de México,MEX,GE,MEX,3
1480,municipal|21|21044|ayuntamiento|,1,municipal,21,21044,Cuyoaco,ayuntamiento,,high,state:state_code;level:gobierno_nivel;muni:inegi;singleton-body,PUE-Presidencia Municipal de Cuyoaco,PUE,GM,PUE,14
1481,municipal|11|11020|organismo de agua|SISTEMA DE AGUA POTABLE Y ALCANTARILLADO,1,municipal,11,11020,León,organismo de agua,SISTEMA DE AGUA POTABLE Y ALCANTARILLADO,high,state:state_code;level:gobierno_nivel;muni:inegi,GTO-Sistema de Agua Potable y Alcantarillado de León,GTO,GM,GTO,99
1482,municipal|21|21074|ayuntamiento|,1,municipal,21,21074,Huejotzingo,ayuntamiento,,high,state:state_code;level:gobierno_nivel;muni:inegi;singleton-body,PUE-Presidencia Municipal de Huejotzingo,PUE,GM,PUE,279
1483,municipal|11|11030|ayuntamiento|,2,municipal,11,11030,San Felipe,ayuntamiento,,high,state:state_code;level:gobierno_nivel;muni:inegi;singleton-body,GTO-Presidencia Municipal de San Felipe,GTO,GM,GTO,239
1484,state|15||servicios de salud|,2,state,15,,,servicios de salud,,high,state:state_code;level:gobierno_nivel;singleton-body,MEX-Instituto de Salud del Estado de México,MEX,GE,MEX,335
1485,municipal|05|05035|ayuntamiento|,3,municipal,05,05035,Torreón,ayuntamiento,,high,state:state_code;level:gobierno_nivel;muni:inegi;singleton-body,COAH-Presidencia Municipal de Torreón,COAH,GM,COAH,159
1486,municipal|11|11004|ayuntamiento|,1,municipal,11,11004,Apaseo el Alto,ayuntamiento,,high,state:state_code;level:gobierno_nivel;muni:inegi;singleton-body,GTO-Presidencia Municipal de Apaseo el Alto,GTO,GM,GTO,148
1487,state|13||organismo|COMISION PARA EL DESARROLLO SOSTENIBLE DE LOS PUEBLOS INDIGENAS,1,state,13,,,organismo,COMISION PARA EL DESARROLLO SOSTENIBLE DE LOS PUEBLOS INDIGENAS,high,state:state_code;level:gobierno_nivel,HGO-Comisión Estatal para el Desarrollo Sostenible de los Pueblos Indígenas,HGO,GE,HGO,141
1488,state|31||secretaria|SECRETARIA DE OBRAS PUBLICAS,2,state,31,,,secretaria,SECRETARIA DE OBRAS PUBLICAS,high,state:state_code;level:gobierno_nivel,YUC-Secretaría de Obras Públicas,YUC,GE,YUC,76
1489,state|11||secretaria|SECRETARIA DE DESARROLLO AGROPECUARIO,1,state,11,,,secretaria,SECRETARIA DE DESARROLLO AGROPECUARIO,high,state:state_code;level:gobierno_nivel,GTO-Secretaría de Desarrollo Agropecuario,GTO,GE,GTO,25
1490,state|24||secretaria|OFICIALIA MAYOR,1,state,24,,,secretaria,OFICIALIA MAYOR,high,state:state_code;level:gobierno_nivel,SLP-Oficialía Mayor,SLP,GE,SLP,212
1491,,,federal,,,,organismo,PREVENCION Y READAPTACION SOCIAL,n/a,level:gobierno_nivel,Prevención y Readaptación Social,PRS,APF,,1200
1492,municipal|18|18017|ayuntamiento|,3,municipal,18,18017,Tepic,ayuntamiento,,high,state:state_code;level:gobierno_nivel;muni:inegi;singleton-body,NAY-Presidencia Municipal de Tepic,NAY,GM,NAY,388
1493,state|17||organismo|INSTITUTO DEL DEPORTE Y CULTURA FISICA,2,state,17,,,organismo,INSTITUTO DEL DEPORTE Y CULTURA FISICA,high,state:state_code;level:gobierno_nivel,MOR-Instituto del Deporte y Cultura Física del Estado de Morelos,MOR,GE,MOR,3
1494,state|23||organismo|COMISION PARA LA JUVENTUD Y EL DEPORTE,2,state,23,,,organismo,COMISION PARA LA JUVENTUD Y EL DEPORTE,high,state:name-prefix;level:gobierno_nivel,Q ROO-Comisión para la Juventud y el Deporte de Quintana Roo,Q ROO,GE,,93
1495,state|11||organismo de agua|COMISION DEL AGUA,2,state,11,,,organismo de agua,COMISION DEL AGUA,high,state:state_code;level:gobierno_nivel,GTO-Comisión Estatal del Agua de Guanajuato,GTO,GE,GTO,426
1496,state|30||tecnologico superior (estatal)|INSTITUTO TECNOLOGICO SUPERIOR DE ALAMO TEMAPACHE,1,state,30,,,tecnologico superior (estatal),INSTITUTO TECNOLOGICO SUPERIOR DE ALAMO TEMAPACHE,high,state:state_code;level:gobierno_nivel,VER-Instituto Tecnológico Superior de Álamo-Temapache,VER,GE,VER,49
1497,municipal|15|15076|ayuntamiento|,1,municipal,15,15076,San Mateo Atenco,ayuntamiento,,high,state:state_code;level:gobierno_nivel;muni:inegi;singleton-body,MEX-Presidencia Municipal de San Mateo Atenco,MEX,GM,MEX,20
1498,municipal|22|22013|ayuntamiento|,1,municipal,22,22013,Peñamiller,ayuntamiento,,high,state:state_code;level:gobierno_nivel;muni:inegi;singleton-body,QRO-Presidencia Municipal de Peñamiller,QRO,GM,QRO,21
1499,municipal|15|15014|ayuntamiento|,3,municipal,15,15014,Atlacomulco,ayuntamiento,,high,state:state_code;level:gobierno_nivel;muni:inegi;singleton-body,MEX-Presidencia Municipal de Atlacomulco,MEX,GM,MEX,78
1500,municipal|14|14097|ayuntamiento|,3,municipal,14,14097,Tlajomulco de Zúñiga,ayuntamiento,,high,state:state_code;level:gobierno_nivel;muni:inegi;singleton-body,JAL-Presidencia Municipal de Tlajomulco de Zúñiga,JAL,GM,JAL,50
1501,municipal|10|10032|organismo de agua|SISTEMA DE AGUAS,1,municipal,10,10032,Santiago Papasquiaro,organismo de agua,SISTEMA DE AGUAS,high,state:state_code;level:gobierno_nivel;muni:inegi,DGO-Sistema de Aguas de Santiago Papasquiaro,DGO,GM,DGO,38
1502,state|01||secretaria|SECRETARIA DE INFRAESTRUCTURA Y COMUNICACIONES,2,state,01,,,secretaria,SECRETARIA DE INFRAESTRUCTURA Y COMUNICACIONES,high,state:state_code;level:gobierno_nivel,AGS-Secretaria de Infraestructura y Comunicaciones,AGS,GE,AGS,1068
1503,,,federal,,,,organismo,CENTRO DE INVESTIGACIONES EN OPTICA,n/a,level:gobierno_nivel,"Centro de Investigaciones en Óptica, A.C.",CIO,APF,,1144
1504,state|26||secretaria|SECRETARIA DE INFRAESTRUCTURA Y DESARROLLO URBANO,3,state,26,,,secretaria,SECRETARIA DE INFRAESTRUCTURA Y DESARROLLO URBANO,high,state:state_code;level:gobierno_nivel,SON-Secretaría de Infraestructura y Desarrollo Urbano,SON,GE,SON,845
1505,municipal|11|11026|ayuntamiento|,1,municipal,11,11026,Romita,ayuntamiento,,high,state:state_code;level:gobierno_nivel;muni:inegi;singleton-body,GTO-Presidencia Municipal de Romita,GTO,GM,GTO,53
1506,state|05||organismo|INSTITUTO DE LAS MUJERES,1,state,05,,,organismo,INSTITUTO DE LAS MUJERES,medium,state:state_code;level:gobierno_nivel;gentilicio-stripped,COAH-Instituto Coahuilense de las Mujeres,COAH,GE,COAH,24
1507,municipal|25|25012|ayuntamiento|,3,municipal,25,25012,Mazatlán,ayuntamiento,,high,state:state_code;level:gobierno_nivel;muni:inegi;singleton-body,SIN-Presidencia Municipal de Mazatlán,SIN,GM,SIN,281
1508,state|27||organismo|INSTITUTO DE LAS MUJERES,2,state,27,,,organismo,INSTITUTO DE LAS MUJERES,high,state:state_code;level:gobierno_nivel,TAB-Instituto Estatal de las Mujeres,TAB,GE,TAB,67
1509,,,federal,14,,,organismo,CENTRO DE INVESTIGACION Y ASISTENCIA EN TECNOLOGIA Y DISENO,n/a,state:text;level:gobierno_nivel,"Centro de Investigación y Asistencia en Tecnología y Diseño del Estado de Jalisco, A.C.",CIATEJ,APF,,1305
1510,municipal|11|11041|ayuntamiento|,1,municipal,11,11041,Uriangato,ayuntamiento,,high,state:state_code;level:gobierno_nivel;muni:inegi;singleton-body,GTO-Presidencia Municipal de Uriangato,GTO,GM,GTO,177
1511,municipal|27|27003|ayuntamiento|,3,municipal,27,27003,Centla,ayuntamiento,,high,state:state_code;level:gobierno_nivel;muni:inegi;singleton-body,TAB-Presidencia Municipal de Centla,TAB,GM,TAB,204
1512,municipal|14|14030|organismo|ASOCIACION INTERMUNICIPAL PARA LA PROTECCION DEL MEDIO AMBIENTE Y DESARROLLO SUSTENTABLE DEL LAGO,1,municipal,14,14030,Chapala,organismo,ASOCIACION INTERMUNICIPAL PARA LA PROTECCION DEL MEDIO AMBIENTE Y DESARROLLO SUSTENTABLE DEL LAGO,high,state:state_code;level:gobierno_nivel;muni:inegi,JAL-Asociación Intermunicipal para la Protección del Medio Ambiente y Desarrollo Sustentable del Lago de Chapala (Aipromades),JAL,GM,JAL,58
1513,municipal|13|13058|ayuntamiento|,1,municipal,13,13058,Tasquillo,ayuntamiento,,high,state:state_code;level:gobierno_nivel;muni:inegi;singleton-body,HGO-Presidencia Municipal de Tasquillo,HGO,GM,HGO,53
1514,state|20||secretaria|SECRETARIA DE ADMINISTRACION,2,state,20,,,secretaria,SECRETARIA DE ADMINISTRACION,high,state:state_code;level:gobierno_nivel,OAX-Secretaría de Administración,OAX,GE,OAX,32
1515,state|18||organismo de agua|COMISION DE AGUA POTABLE Y ALCANTARILLADO,3,state,18,,,organismo de agua,COMISION DE AGUA POTABLE Y ALCANTARILLADO,high,state:state_code;level:gobierno_nivel,NAY-Comisión Estatal de Agua Potable y Alcantarillado,NAY,GE,NAY,77
1516,state|25||organismo de agua|COMISION DE AGUA POTABLE Y ALCANTARILLADO,2,state,25,,,organismo de agua,COMISION DE AGUA POTABLE Y ALCANTARILLADO,high,state:state_code;level:gobierno_nivel,SIN-Comisión Estatal de Agua Potable y Alcantarillado de Sinaloa,SIN,GE,SIN,118
1517,state|06||secretaria|SECRETARIA DE ADMINISTRACION Y GESTION PUBLICA,1,state,06,,,secretaria,SECRETARIA DE ADMINISTRACION Y GESTION PUBLICA,high,state:state_code;level:gobierno_nivel,COL-Secretaría de Administración y Gestión Pública,COL,GE,COL,1461
1518,municipal|25|25001|ayuntamiento|,2,municipal,25,25001,Ahome,ayuntamiento,,high,state:state_code;level:gobierno_nivel;muni:inegi;singleton-body,SIN-Presidencia Municipal de Ahome,SIN,GM,SIN,192
1519,state|23||universidad estatal|UNIVERSIDAD,2,state,23,,,universidad estatal,UNIVERSIDAD,high,state:name-prefix;level:gobierno_nivel,Q ROO-Universidad de Quintana Roo,Q ROO,GE,,277
1520,state|08||organismo de agua|JUNTA MUNICIPAL DE AGUA Y SANEAMIENTO DE DELICIAS,1,state,08,,,organismo de agua,JUNTA MUNICIPAL DE AGUA Y SANEAMIENTO DE DELICIAS,high,state:state_code;level:gobierno_nivel,CHIH-JUNTA MUNICIPAL DE AGUA Y SANEAMIENTO DE DELICIAS,CHIH,GE,CHIH,46
1521,municipal|29|29041|ayuntamiento|,1,municipal,29,29041,Papalotla de Xicohténcatl,ayuntamiento,,high,state:state_code;level:gobierno_nivel;muni:inegi;singleton-body,TLAX-Presidencia Municipal de Papalotla de Xicohténcatl,TLAX,GM,TLAX,10
1522,municipal|32|32039|ayuntamiento|,2,municipal,32,32039,Río Grande,ayuntamiento,,high,state:state_code;level:gobierno_nivel;muni:inegi;singleton-body,ZAC-Presidencia Municipal de Río Grande,ZAC,GM,ZAC,332
1523,municipal|19|19009|ayuntamiento|,1,municipal,19,19009,Cadereyta Jiménez,ayuntamiento,,high,state:state_code;level:gobierno_nivel;muni:inegi;singleton-body,NL-Presidencia Municipal de Cadereyta Jiménez,NL,GM,NL,84
1524,municipal|26|26029|ayuntamiento|,4,municipal,26,26029,Guaymas,ayuntamiento,,high,state:state_code;level:gobierno_nivel;muni:inegi;singleton-body,SON-Presidencia Municipal de Guaymas,SON,GM,SON,135
1525,state|25||secretaria|SECRETARIA DE OBRAS PUBLICAS,1,state,25,,,secretaria,SECRETARIA DE OBRAS PUBLICAS,high,state:state_code;level:gobierno_nivel,SIN-Secretaría de Obras Públicas,SIN,GE,SIN,1168
1526,municipal|14|14039|ayuntamiento|,3,municipal,14,14039,Guadalajara,ayuntamiento,,high,state:state_code;level:gobierno_nivel;muni:inegi;singleton-body,JAL-Presidencia Municipal de Guadalajara,JAL,GM,JAL,330
1527,municipal|13|13048|ayuntamiento|,2,municipal,13,13048,Pachuca de Soto,ayuntamiento,,high,state:state_code;level:gobierno_nivel;muni:inegi;singleton-body,HGO-Presidencia Municipal de Pachuca de Soto,HGO,GM,HGO,178
1528,municipal|15|15037|ayuntamiento|,1,municipal,15,15037,Huixquilucan,ayuntamiento,,high,state:state_code;level:gobierno_nivel;muni:inegi;singleton-body,MEX-Presidencia Municipal de Huixquilucan,MEX,GM,MEX,68
1529,municipal|21|21119|ayuntamiento|,2,municipal,21,21119,San Andrés Cholula,ayuntamiento,,high,state:state_code;level:gobierno_nivel;muni:inegi;singleton-body,PUE-Presidencia Municipal de San Andrés Cholula,PUE,GM,PUE,148
1530,state|16||organismo|COMITE DE ADQUISICIONES DEL PODER EJECUTIVO,2,state,16,,,organismo,COMITE DE ADQUISICIONES DEL PODER EJECUTIVO,high,state:state_code;level:gobierno_nivel,MICH-Comité de Adquisiciones del Poder Ejecutivo,MICH,GE,MICH,340
1531,municipal|32|32020|ayuntamiento|,2,municipal,32,32020,Jerez,ayuntamiento,,high,state:state_code;level:gobierno_nivel;muni:inegi;singleton-body,ZAC-Presidencia Municipal de Jerez,ZAC,GM,ZAC,689
1532,municipal|10|10007|organismo de agua|SISTEMA DESCENTRALIZADO DE AGUA POTABLE Y ALCANTARILLADO DGO,2,municipal,10,10007,Gómez Palacio,organismo de agua,SISTEMA DESCENTRALIZADO DE AGUA POTABLE Y ALCANTARILLADO DGO,high,state:state_code;level:gobierno_nivel;muni:inegi,"DGO-Sistema Descentralizado de Agua Potable y Alcantarillado del Municipio de Gómez Palacio, Dgo.",DGO,GM,DGO,52
1533,state|01||organismo|INSTITUTO DE EDUCACION,2,state,01,,,organismo,INSTITUTO DE EDUCACION,high,state:state_code;level:gobierno_nivel,AGS-Instituto de Educación de Aguascalientes,AGS,GE,AGS,492
1534,state|22||universidad tecnologica|UNIVERSIDAD TECNOLOGICA DE SAN JUAN DEL RIO,2,state,22,,,universidad tecnologica,UNIVERSIDAD TECNOLOGICA DE SAN JUAN DEL RIO,high,state:state_code;level:gobierno_nivel,QRO-Universidad Tecnológica de San Juan del Río,QRO,GE,QRO,207
1535,,,federal,,,,organismo,COMISION EJECUTIVA DE ATENCION A VICTIMAS,n/a,level:gobierno_nivel,Comisión Ejecutiva de Atención a Víctimas,CEAV,APF,,539
1536,municipal|01|TXT:INSTITUTO MUNICIPAL AGUASCALENTENSE PARA LA CULTURA|organismo|INSTITUTO MUNICIPAL PARA LA CULTURA,1,municipal,01,TXT:INSTITUTO MUNICIPAL AGUASCALENTENSE PARA LA CULTURA,,organismo,INSTITUTO MUNICIPAL PARA LA CULTURA,low,state:state_code;level:gobierno_nivel;muni:unresolved;gentilicio-stripped,AGS-Instituto Municipal Aguascalentense para la Cultura,AGS,GM,AGS,83
1537,municipal|05|05027|ayuntamiento|,2,municipal,05,05027,Ramos Arizpe,ayuntamiento,,high,state:state_code;level:gobierno_nivel;muni:inegi;singleton-body,COAH-Presidencia Municipal de Ramos Arizpe,COAH,GM,COAH,76
1538,,,federal,,,,organismo,ADMINISTRACION PORTUARIA INTEGRAL DE TAMPICO,n/a,level:gobierno_nivel,"Administración Portuaria Integral de Tampico, S.A. de C.V.",API-Tampico,APF,,232
1539,municipal|19|19031|ayuntamiento|,1,municipal,19,19031,Juárez,ayuntamiento,,high,state:state_code;level:gobierno_nivel;muni:inegi;singleton-body,NL-Presidencia Municipal de Juárez,NL,GM,NL,90
1540,municipal|25|25013|organismo de agua|JUNTA MUNICIPAL DE AGUA POTABLE Y ALCANTARILLADO,2,municipal,25,25013,Mocorito,organismo de agua,JUNTA MUNICIPAL DE AGUA POTABLE Y ALCANTARILLADO,high,state:state_code;level:gobierno_nivel;muni:inegi,SIN-Junta Municipal de Agua Potable y Alcantarillado de Mocorito,SIN,GM,SIN,2
1541,municipal|11|11027|organismo de agua|COMITE MUNICIPAL DE AGUA POTABLE Y ALCANTARILLADO,3,municipal,11,11027,Salamanca,organismo de agua,COMITE MUNICIPAL DE AGUA POTABLE Y ALCANTARILLADO,high,state:state_code;level:gobierno_nivel;muni:inegi,GTO-Comité Municipal de Agua Potable y Alcantarillado de Salamanca,GTO,GM,GTO,63
1542,state|26||organismo|INSTITUTO DE SEGURIDAD Y SERVICIOS SOCIALES DE LOS TRABAJADORES,1,state,26,,,organismo,INSTITUTO DE SEGURIDAD Y SERVICIOS SOCIALES DE LOS TRABAJADORES,high,state:state_code;level:gobierno_nivel,SON-Instituto de Seguridad y Servicios Sociales de los Trabajadores del Estado de Sonora,SON,GE,SON,645
1543,municipal|11|11029|ayuntamiento|,1,municipal,11,11029,San Diego de la Unión,ayuntamiento,,high,state:state_code;level:gobierno_nivel;muni:inegi;singleton-body,GTO-Presidencia Municipal de San Diego de la Unión,GTO,GM,GTO,63
1544,,,federal,,,,organismo,COMISION NACIONAL CONTRA LAS ADICCIONES,n/a,level:gobierno_nivel,Comisión Nacional contra las Adicciones,CONADIC,APF,,558
1545,municipal|13|13012|ayuntamiento|,1,municipal,13,13012,Atotonilco el Grande,ayuntamiento,,high,state:state_code;level:gobierno_nivel;muni:inegi;singleton-body,HGO-Presidencia Municipal de Atotonilco el Grande,HGO,GM,HGO,16
1546,municipal|29|29033|ayuntamiento|,1,municipal,29,29033,Tlaxcala,ayuntamiento,,high,state:state_code;level:gobierno_nivel;muni:inegi;singleton-body,TLAX-Presidencia Municipal de Tlaxcala,TLAX,GM,TLAX,143
1547,municipal|30|30141|ayuntamiento|,2,municipal,30,30141,San Andrés Tuxtla,ayuntamiento,,high,state:state_code;level:gobierno_nivel;muni:inegi;singleton-body,VER-Presidencia Municipal de San Andrés Tuxtla,VER,GM,VER,141
1548,municipal|15|15058|ayuntamiento|,2,municipal,15,15058,Nezahualcóyotl,ayuntamiento,,high,state:state_code;level:gobierno_nivel;muni:inegi;singleton-body,MEX-Presidencia Municipal de Nezahualcóyotl,MEX,GM,MEX,210
1549,municipal|13|13006|ayuntamiento|,1,municipal,13,13006,Alfajayucan,ayuntamiento,,high,state:state_code;level:gobierno_nivel;muni:inegi;singleton-body,HGO-Presidencia Municipal de Alfajayucan,HGO,GM,HGO,32
1550,state|30||universidad estatal|UNIVERSIDAD,2,state,30,,,universidad estatal,UNIVERSIDAD,medium,state:state_code;level:gobierno_nivel;gentilicio-stripped,VER-Universidad Veracruzana,VER,GE,VER,2643
1551,municipal|32|32057|ayuntamiento|,2,municipal,32,32057,Trancoso,ayuntamiento,,high,state:state_code;level:gobierno_nivel;muni:inegi;singleton-body,ZAC-Presidencia Municipal de Trancoso,ZAC,GM,ZAC,14
1552,municipal|19|19048|ayuntamiento|,1,municipal,19,19048,Santa Catarina,ayuntamiento,,high,state:state_code;level:gobierno_nivel;muni:inegi;singleton-body,NL-Presidencia Municipal de Santa Catarina,NL,GM,NL,203
1553,state|29||secretaria|SECRETARIA DE OBRAS PUBLICAS DESARROLLO URBANO Y VIVIENDA,2,state,29,,,secretaria,SECRETARIA DE OBRAS PUBLICAS DESARROLLO URBANO Y VIVIENDA,high,state:state_code;level:gobierno_nivel,"TLAX-Secretaría de Obras Públicas, Desarrollo Urbano y Vivienda",TLAX,GE,TLAX,659
1554,state|32||poder judicial|,2,state,32,,,poder judicial,,high,state:state_code;level:gobierno_nivel;singleton-body,ZAC-Poder Judicial,ZAC,GE,ZAC,101
1555,state|02||dif estatal|,2,state,02,,,dif estatal,,high,state:state_code;level:gobierno_nivel;singleton-body,BC-Sistema para el Desarrollo Integral de la Familia de Baja California,BC,GE,BC,23
1556,municipal|22|22014|ayuntamiento|,4,municipal,22,22014,Querétaro,ayuntamiento,,high,state:state_code;level:gobierno_nivel;muni:inegi;singleton-body,QRO-Presidencia Municipal de Querétaro,QRO,GM,QRO,540
1557,state|03||secretaria de salud|,1,state,03,,,secretaria de salud,,high,state:state_code;level:gobierno_nivel;singleton-body,BCS-Secretaría de Salud,BCS,GE,BCS,413
1558,municipal|23|23003|ayuntamiento|,2,municipal,23,23003,Isla Mujeres,ayuntamiento,,high,state:name-prefix;level:gobierno_nivel;muni:inegi;singleton-body,Q ROO-Presidencia Municipal de Isla Mujeres,Q ROO,GM,,66
1559,municipal|32|32022|ayuntamiento|,1,municipal,32,32022,Juan Aldama,ayuntamiento,,high,state:state_code;level:gobierno_nivel;muni:inegi;singleton-body,ZAC-Presidencia Municipal de Juan Aldama,ZAC,GM,ZAC,63
1560,municipal|11|11007|ayuntamiento|,2,municipal,11,11007,Celaya,ayuntamiento,,high,state:state_code;level:gobierno_nivel;muni:inegi;singleton-body,GTO-Presidencia Municipal de Celaya,GTO,GM,GTO,362
1561,municipal|11|11023|ayuntamiento|,1,municipal,11,11023,Pénjamo,ayuntamiento,,high,state:state_code;level:gobierno_nivel;muni:inegi;singleton-body,GTO-Presidencia Municipal de Pénjamo,GTO,GM,GTO,191
1562,,,federal,,,,organismo,FONDO NACIONAL PARA EL FOMENTO DE LAS ARTESANIAS,n/a,level:gobierno_nivel,Fondo Nacional para el Fomento de las Artesanías,FONART,APF,,3008
1563,state|02||organismo|COMISION DE SERVICIOS PUBLICOS DE TIJUANA,1,state,02,,,organismo,COMISION DE SERVICIOS PUBLICOS DE TIJUANA,high,state:state_code;level:gobierno_nivel,BC-Comisión Estatal de Servicios Públicos de Tijuana,BC,GE,BC,498
1564,state|01||organismo|INSTITUTO DE LAS MUJERES,2,state,01,,,organismo,INSTITUTO DE LAS MUJERES,medium,state:state_code;level:gobierno_nivel;gentilicio-stripped,AGS-Instituto Aguascalentense de las Mujeres,AGS,GE,AGS,794
1565,municipal|11|11033|ayuntamiento|,2,municipal,11,11033,San Luis de la Paz,ayuntamiento,,high,state:state_code;level:gobierno_nivel;muni:inegi;singleton-body,GTO-Presidencia Municipal de San Luis de la Paz,GTO,GM,GTO,66
1566,municipal|03|03003|ayuntamiento|,3,municipal,03,03003,La Paz,ayuntamiento,,high,state:state_code;level:gobierno_nivel;muni:inegi;singleton-body,BCS-Presidencia Municipal de La Paz,BCS,GM,BCS,108
1567,municipal|07|07106|ayuntamiento|,1,municipal,07,07106,Venustiano Carranza,ayuntamiento,,high,state:state_code;level:gobierno_nivel;muni:inegi;singleton-body,CHIS-Presidencia Municipal de Venustiano Carranza,CHIS,GM,CHIS,66
1568,municipal|32|32056|ayuntamiento|,3,municipal,32,32056,Zacatecas,ayuntamiento,,high,state:state_code;level:gobierno_nivel;muni:inegi;singleton-body,ZAC-Presidencia Municipal de Zacatecas,ZAC,GM,ZAC,231
1569,municipal|26|26018|ayuntamiento|,3,municipal,26,26018,Cajeme,ayuntamiento,,high,state:state_code;level:gobierno_nivel;muni:inegi;singleton-body,SON-Presidencia Municipal de Cajeme,SON,GM,SON,335
1570,state|08||secretaria|SECRETARIA DE HACIENDA,2,state,08,,,secretaria,SECRETARIA DE HACIENDA,high,state:state_code;level:gobierno_nivel,CHIH-Secretaría de Hacienda,CHIH,GE,CHIH,693
1571,state|20||organismo|COLEGIO DE ESTUDIOS CIENTIF ICOS Y TECNOLOGICOS,1,state,20,,,organismo,COLEGIO DE ESTUDIOS CIENTIF ICOS Y TECNOLOGICOS,high,state:state_code;level:gobierno_nivel,OAX-Colegio de Estudios Científ icos y Tecnológicos del Estado de Oaxaca,OAX,GE,OAX,904
1572,municipal|27|27008|ayuntamiento|,3,municipal,27,27008,Huimanguillo,ayuntamiento,,high,state:state_code;level:gobierno_nivel;muni:inegi;singleton-body,TAB-Presidencia Municipal de Huimanguillo,TAB,GM,TAB,268
1573,municipal|11|11031|organismo de agua|SISTEMA DE AGUA POTABLE Y ALCANTARILLADO,2,municipal,11,11031,San Francisco del Rincón,organismo de agua,SISTEMA DE AGUA POTABLE Y ALCANTARILLADO,high,state:state_code;level:gobierno_nivel;muni:inegi,GTO-SISTEMA DE AGUA POTABLE Y ALCANTARILLADO DEL MUNICIPIO DE SAN FRANCISCO DEL RINCÓN,GTO,GM,GTO,50
1574,,,federal,,,,organismo,AUTORIDAD EDUCATIVA FEDERAL EN LA CIUDAD DE MEXICO,n/a,level:gobierno_nivel,Autoridad Educativa Federal en la Ciudad de México,AEFCM,APF,,2085
1575,state|07||organismo|PROMOTORA DE VIVIENDA,1,state,07,,,organismo,PROMOTORA DE VIVIENDA,high,state:state_code;level:gobierno_nivel,CHIS-Promotora de Vivienda Chiapas,CHIS,GE,CHIS,67
1576,municipal|21|21110|ayuntamiento|,1,municipal,21,21110,Palmar de Bravo,ayuntamiento,,high,state:state_code;level:gobierno_nivel;muni:inegi;singleton-body,PUE-Presidencia Municipal de Palmar de Bravo,PUE,GM,PUE,5
1577,,,federal,,,,organismo,CIATEQ A C CENTRO DE TECNOLOGIA AVANZADA,n/a,level:gobierno_nivel,"CIATEQ, A.C. Centro de Tecnología Avanzada",CIATEQ,APF,,492
1578,state|14||secretaria|SECRETARIA DE INFRAESTRUCTURA Y OBRA PUBLICA,2,state,14,,,secretaria,SECRETARIA DE INFRAESTRUCTURA Y OBRA PUBLICA,high,state:state_code;level:gobierno_nivel,JAL-Secretaría de Infraestructura y Obra Pública,JAL,GE,JAL,783
1579,municipal|21|21142|ayuntamiento|,1,municipal,21,21142,San Salvador el Seco,ayuntamiento,,high,state:state_code;level:gobierno_nivel;muni:inegi;singleton-body,PUE-Presidencia Municipal de San Salvador el Seco,PUE,GM,PUE,163
1580,municipal|24|24035|ayuntamiento|,1,municipal,24,24035,Soledad de Graciano Sánchez,ayuntamiento,,high,state:state_code;level:gobierno_nivel;muni:inegi;singleton-body,SLP-Presidencia Municipal de Soledad de Graciano Sánchez,SLP,GM,SLP,5
1581,state|09||secretaria|SECRETARIA DE SEGURIDAD PUBLICA,1,state,09,,,secretaria,SECRETARIA DE SEGURIDAD PUBLICA,high,state:state_code;level:gobierno_nivel,CDMX-Secretaría de Seguridad Pública,CDMX,GE,CDMX,662
1582,municipal|16|16102|ayuntamiento|,3,municipal,16,16102,Uruapan,ayuntamiento,,high,state:state_code;level:gobierno_nivel;muni:inegi;singleton-body,MICH-Presidencia Municipal de Uruapan,MICH,GM,MICH,250
1583,state|18||infraestructura educativa|INSTITUTO PARA LA INFRAESTRUCTURA FISICA EDUCATIVA,2,state,18,,,infraestructura educativa,INSTITUTO PARA LA INFRAESTRUCTURA FISICA EDUCATIVA,medium,state:state_code;level:gobierno_nivel;gentilicio-stripped,NAY-Instituto Nayarita para la Infraestructura Física Educativa,NAY,GE,NAY,293
1584,municipal|27|27005|ayuntamiento|,3,municipal,27,27005,Comalcalco,ayuntamiento,,high,state:state_code;level:gobierno_nivel;muni:inegi;singleton-body,TAB-Presidencia Municipal de Comalcalco,TAB,GM,TAB,138
1585,municipal|23|23007|ayuntamiento|,2,municipal,23,23007,Lázaro Cárdenas,ayuntamiento,,high,state:name-prefix;level:gobierno_nivel;muni:inegi;singleton-body,Q ROO-Presidencia Municipal de Lázaro Cárdenas,Q ROO,GM,,118
1586,municipal|07|07101|ayuntamiento|,2,municipal,07,07101,Tuxtla Gutiérrez,ayuntamiento,,high,state:state_code;level:gobierno_nivel;muni:inegi;singleton-body,CHIS-Presidencia Municipal de Tuxtla Gutiérrez,CHIS,GM,CHIS,86
1587,municipal|06|06001|ayuntamiento|,1,municipal,06,06001,Armería,ayuntamiento,,high,state:state_code;level:gobierno_nivel;muni:inegi;singleton-body,COL-Presidencia Municipal de Armería,COL,GM,COL,88
1588,municipal|07|07101|organismo de agua|SISTEMA MUNICIPAL DE AGUA POTABLE Y ALCANTARILLADO,2,municipal,07,07101,Tuxtla Gutiérrez,organismo de agua,SISTEMA MUNICIPAL DE AGUA POTABLE Y ALCANTARILLADO,high,state:state_code;level:gobierno_nivel;muni:inegi,CHIS-Sistema Municipal de Agua Potable y Alcantarillado de Tuxtla Gutierrez,CHIS,GM,CHIS,53
1589,municipal|11|11027|ayuntamiento|,2,municipal,11,11027,Salamanca,ayuntamiento,,high,state:state_code;level:gobierno_nivel;muni:inegi;singleton-body,GTO-Presidencia Municipal de Salamanca,GTO,GM,GTO,54
1590,state|15||fiscalia/procuraduria|PROCURADURIA GENERAL DE JUSTICIA,2,state,15,,,fiscalia/procuraduria,PROCURADURIA GENERAL DE JUSTICIA,high,state:state_code;level:gobierno_nivel,MEX-Procuraduría General de Justicia,MEX,GE,MEX,39
1591,state|27||infraestructura educativa|INSTITUTO DE LA INFRAESTRUCTURA FISICA EDUCATIVA,2,state,27,,,infraestructura educativa,INSTITUTO DE LA INFRAESTRUCTURA FISICA EDUCATIVA,medium,state:state_code;level:gobierno_nivel;gentilicio-stripped,TAB-Instituto Tabasqueño de la Infraestructura Física Educativa,TAB,GE,TAB,1014
1592,state|05||secretaria|SECRETARIA DE FINANZAS,3,state,05,,,secretaria,SECRETARIA DE FINANZAS,high,state:state_code;level:gobierno_nivel,COAH-Secretaría de Finanzas,COAH,GE,COAH,1974
1593,state|02||secretaria|SECRETARIA DE DESARROLLO SOCIAL,2,state,02,,,secretaria,SECRETARIA DE DESARROLLO SOCIAL,high,state:state_code;level:gobierno_nivel,BC-Secretaría de Desarrollo Social,BC,GE,BC,320
1594,state|10||organismo de agua|COMISION DEL AGUA,2,state,10,,,organismo de agua,COMISION DEL AGUA,high,state:state_code;level:gobierno_nivel,DGO-Comisión del Agua del Estado de Durango,DGO,GE,DGO,560
1595,municipal|25|25015|organismo de agua|JUNTA MUN DE AGUA POT Y ALCANT,1,municipal,25,25015,Salvador Alvarado,organismo de agua,JUNTA MUN DE AGUA POT Y ALCANT,high,state:state_code;level:gobierno_nivel;muni:inegi,SIN-JUNTA MUN. DE AGUA POT. Y ALCANT. DE SALVADOR ALVARADO,SIN,GM,SIN,24
1596,municipal|21|21084|ayuntamiento|,1,municipal,21,21084,Ixtepec,ayuntamiento,,high,state:state_code;level:gobierno_nivel;muni:inegi;singleton-body,PUE-Presidencia Municipal de Ixtepec,PUE,GM,PUE,6
1597,state|30||organismo|INSTITUTO DE LA CULTURA,1,state,30,,,organismo,INSTITUTO DE LA CULTURA,medium,state:state_code;level:gobierno_nivel;gentilicio-stripped,VER-Instituto Veracruzano de la Cultura,VER,GE,VER,640
1598,municipal|23|23005|ayuntamiento|,2,municipal,23,23005,Benito Juárez,ayuntamiento,,high,state:name-prefix;level:gobierno_nivel;muni:inegi;singleton-body,Q ROO-Presidencia Municipal de Benito Juárez,Q ROO,GM,,179
1599,municipal|05|05018|ayuntamiento|,1,municipal,05,05018,Monclova,ayuntamiento,,high,state:state_code;level:gobierno_nivel;muni:inegi;singleton-body,COAH-Presidencia Municipal de Monclova,COAH,GM,COAH,79
1600,state|31||organismo|INSTITUTO DE INFRAESTRUCTURA CARRETERA,2,state,31,,,organismo,INSTITUTO DE INFRAESTRUCTURA CARRETERA,high,state:state_code;level:gobierno_nivel,YUC-Instituto de Infraestructura Carretera de Yucatán,YUC,GE,YUC,328
1601,state|10||infraestructura educativa|INSTITUTO PARA LA INFRAESTRUCTURA FISICA EDUCATIVA,2,state,10,,,infraestructura educativa,INSTITUTO PARA LA INFRAESTRUCTURA FISICA EDUCATIVA,high,state:state_code;level:gobierno_nivel,DGO-Instituto para la Infraestructura Física Educativa del Estado de Durango,DGO,GE,DGO,356
1602,state|32||secretaria|SECRETARIA DE OBRAS PUBLICAS,2,state,32,,,secretaria,SECRETARIA DE OBRAS PUBLICAS,high,state:state_code;level:gobierno_nivel,ZAC-Secretaría de Obras Públicas,ZAC,GE,ZAC,946
1603,municipal|21|21172|ayuntamiento|,1,municipal,21,21172,Tetela de Ocampo,ayuntamiento,,high,state:state_code;level:gobierno_nivel;muni:inegi;singleton-body,PUE-Presidencia Municipal de Tetela de Ocampo,PUE,GM,PUE,79
1604,municipal|21|21164|ayuntamiento|,1,municipal,21,21164,Tepeaca,ayuntamiento,,high,state:state_code;level:gobierno_nivel;muni:inegi;singleton-body,PUE-Presidencia Municipal de Tepeaca,PUE,GM,PUE,296
1605,municipal|21|21041|ayuntamiento|,2,municipal,21,21041,Cuautlancingo,ayuntamiento,,high,state:state_code;level:gobierno_nivel;muni:inegi;singleton-body,PUE-Presidencia Municipal de Cuautlancingo,PUE,GM,PUE,63
1606,municipal|22|22008|ayuntamiento|,1,municipal,22,22008,Huimilpan,ayuntamiento,,high,state:state_code;level:gobierno_nivel;muni:inegi;singleton-body,QRO-Presidencia Municipal de Huimilpan,QRO,GM,QRO,7
1607,state|23||dif estatal|,2,state,23,,,dif estatal,,high,state:name-prefix;level:gobierno_nivel;singleton-body,Q ROO-Sistema para el Desarrollo Integral de la Familia,Q ROO,GE,,133
1608,state|12||secretaria|SECRETARIA DE DESARROLLO URBANO OBRAS PUBLICAS Y ORDENAMIENTO TERRITORIAL,2,state,12,,,secretaria,SECRETARIA DE DESARROLLO URBANO OBRAS PUBLICAS Y ORDENAMIENTO TERRITORIAL,high,state:state_code;level:gobierno_nivel,"GRO-Secretaría de Desarrollo Urbano, Obras Públicas y Ordenamiento Territorial",GRO,GE,GRO,182
1609,municipal|16|16068|ayuntamiento|,1,municipal,16,16068,Peribán,ayuntamiento,,high,state:state_code;level:gobierno_nivel;muni:inegi;singleton-body,MICH-Presidencia Municipal de Peribán,MICH,GM,MICH,10
1610,municipal|13|13051|ayuntamiento|,2,municipal,13,13051,Mineral de la Reforma,ayuntamiento,,high,state:state_code;level:gobierno_nivel;muni:inegi;singleton-body,HGO-Presidencia Municipal de Mineral de la Reforma,HGO,GM,HGO,180
1611,state|24||organismo|JUNTA DE CAMINOS,3,state,24,,,organismo,JUNTA DE CAMINOS,high,state:state_code;level:gobierno_nivel,SLP-Junta Estatal de Caminos,SLP,GE,SLP,400
1612,municipal|19|19027|ayuntamiento|,1,municipal,19,19027,Los Herreras,ayuntamiento,,high,state:state_code;level:gobierno_nivel;muni:inegi;singleton-body,NL-Presidencia Municipal de Los Herreras,NL,GM,NL,6
1613,municipal|26|26030|ayuntamiento|,3,municipal,26,26030,Hermosillo,ayuntamiento,,high,state:state_code;level:gobierno_nivel;muni:inegi;singleton-body,SON-Presidencia Municipal de Hermosillo,SON,GM,SON,125
1614,municipal|27|27012|ayuntamiento|,2,municipal,27,27012,Macuspana,ayuntamiento,,high,state:state_code;level:gobierno_nivel;muni:inegi;singleton-body,TAB-Presidencia Municipal de Macuspana,TAB,GM,TAB,148
1615,state|30||universidad tecnologica|UNIVERSIDAD TECNOLOGICA DE GUTIERREZ ZAMORA,2,state,30,,,universidad tecnologica,UNIVERSIDAD TECNOLOGICA DE GUTIERREZ ZAMORA,high,state:state_code;level:gobierno_nivel,VER-Universidad Tecnológica de Gutierrez Zamora,VER,GE,VER,237
1616,state|30||universidad tecnologica|UNIVERSIDAD TECNOLOGICA DEL SURESTE,2,state,30,,,universidad tecnologica,UNIVERSIDAD TECNOLOGICA DEL SURESTE,high,state:state_code;level:gobierno_nivel,VER-Universidad Tecnológica del Sureste,VER,GE,VER,105
1617,state|30||fiscalia/procuraduria|FISCALIA GENERAL,1,state,30,,,fiscalia/procuraduria,FISCALIA GENERAL,high,state:state_code;level:gobierno_nivel,VER-Fiscalía General,VER,GE,VER,81
1618,,,federal,,,,organismo,SERVICIOS AEROPORTUARIOS DE LA CIUDAD DE MEXICO,n/a,level:gobierno_nivel,"Servicios Aeroportuarios de la Ciudad de México, S.A. de C.V.",SACM,APF,,94
1619,municipal|25|25010|ayuntamiento|,1,municipal,25,25010,El Fuerte,ayuntamiento,,high,state:state_code;level:gobierno_nivel;muni:inegi;singleton-body,SIN-Presidencia Municipal de El Fuerte,SIN,GM,SIN,44
1620,municipal|21|21015|ayuntamiento|,1,municipal,21,21015,Amozoc,ayuntamiento,,high,state:state_code;level:gobierno_nivel;muni:inegi;singleton-body,PUE-Presidencia Municipal de Amozoc,PUE,GM,PUE,99
1621,municipal|21|21182|ayuntamiento|,1,municipal,21,21182,Tlanepantla,ayuntamiento,,high,state:state_code;level:gobierno_nivel;muni:inegi;singleton-body,PUE-Presidencia Municipal de Tlanepantla,PUE,GM,PUE,6
1622,state|13||colegio de bachilleres|COLEGIO DE BACHILLERES,2,state,13,,,colegio de bachilleres,COLEGIO DE BACHILLERES,high,state:state_code;level:gobierno_nivel,HGO-Colegio de Bachilleres del Estado de Hidalgo,HGO,GE,HGO,269
1623,municipal|20|20043|ayuntamiento|,1,municipal,20,20043,Heroica Ciudad de Juchitán de Zaragoza,ayuntamiento,,high,state:state_code;level:gobierno_nivel;muni:inegi;singleton-body,OAX-Presidencia Municipal de Heroica Ciudad de Juchitán de Zaragoza,OAX,GM,OAX,67
1624,municipal|12|12001|organismo de agua|COMISION DE AGUA POTABLE Y ALCANTARILLADO,2,municipal,12,12001,Acapulco de Juárez,organismo de agua,COMISION DE AGUA POTABLE Y ALCANTARILLADO,high,state:state_code;level:gobierno_nivel;muni:inegi,GRO-Comision de Agua Potable y Alcantarillado del municipio de Acapulco,GRO,GM,GRO,21
1625,municipal|16|16053|ayuntamiento|,2,municipal,16,16053,Morelia,ayuntamiento,,high,state:state_code;level:gobierno_nivel;muni:inegi;singleton-body,MICH-Presidencia Municipal de Morelia,MICH,GM,MICH,362
1626,municipal|15|15057|ayuntamiento|,2,municipal,15,15057,Naucalpan de Juárez,ayuntamiento,,high,state:state_code;level:gobierno_nivel;muni:inegi;singleton-body,MEX-Presidencia Municipal de Naucalpan de Juárez,MEX,GM,MEX,185
1627,state|02||organismo|INSTITUTO DE SERVICIOS EDUCATIVOS Y PEDAGOGICOS,1,state,02,,,organismo,INSTITUTO DE SERVICIOS EDUCATIVOS Y PEDAGOGICOS,high,state:state_code;level:gobierno_nivel,BC-Instituto de Servicios Educativos y Pedagógicos de Baja California,BC,GE,BC,140
1628,state|26||dif estatal|,3,state,26,,,dif estatal,,high,state:state_code;level:gobierno_nivel;singleton-body,SON-Sistema para el Desarrollo Integral de la Familia en el Estado de Sonora,SON,GE,SON,66
1629,municipal|19|19039|ayuntamiento|,3,municipal,19,19039,Monterrey,ayuntamiento,,high,state:state_code;level:gobierno_nivel;muni:inegi;singleton-body,NL-Presidencia Municipal de Monterrey,NL,GM,NL,408
1630,state|19||organismo|RED ESTATAL DE AUTOPISTAS,2,state,19,,,organismo,RED ESTATAL DE AUTOPISTAS,high,state:state_code;level:gobierno_nivel,NL-Red Estatal de Autopistas de Nuevo León,NL,GE,NL,3
1631,,,federal,,,,organismo,FONATUR MANTENIMIENTO TURISTICO,n/a,level:gobierno_nivel,"FONATUR Mantenimiento Turístico, S.A. de C.V.",FONATUR Mantenimiento,APF,,6090
1632,state|30||secretaria|SECRETARIA DE DESARROLLO AGROPECUARIO RURAL FORESTAL Y PESCA,1,state,30,,,secretaria,SECRETARIA DE DESARROLLO AGROPECUARIO RURAL FORESTAL Y PESCA,high,state:state_code;level:gobierno_nivel,"VER-Secretaría de Desarrollo Agropecuario, Rural, Forestal y Pesca",VER,GE,VER,16
1633,state|10||dif estatal|,2,state,10,,,dif estatal,,high,state:state_code;level:gobierno_nivel;singleton-body,DGO-Sistema Estatal para el Desarrollo Integral de la Familia,DGO,GE,DGO,24
1634,municipal|13|13016|ayuntamiento|,2,municipal,13,13016,Cuautepec de Hinojosa,ayuntamiento,,high,state:state_code;level:gobierno_nivel;muni:inegi;singleton-body,HGO-Presidencia Municipal de Cuautepec de Hinojosa,HGO,GM,HGO,41
1635,municipal|03|03008|ayuntamiento|,3,municipal,03,03008,Los Cabos,ayuntamiento,,high,state:state_code;level:gobierno_nivel;muni:inegi;singleton-body,BCS-Presidencia Municipal de Los Cabos,BCS,GM,BCS,85
1636,state|22||infraestructura educativa|INSTITUTO DE INFRAESTRUCTURA FISICA EDUCATIVA,2,state,22,,,infraestructura educativa,INSTITUTO DE INFRAESTRUCTURA FISICA EDUCATIVA,high,state:state_code;level:gobierno_nivel,QRO-Instituto de Infraestructura Fisica Educativa del Estado de Querétaro,QRO,GE,QRO,604
1637,state|07||secretaria|SECRETARIA DE HACIENDA,2,state,07,,,secretaria,SECRETARIA DE HACIENDA,high,state:state_code;level:gobierno_nivel,CHIS-Secretaría de Hacienda,CHIS,GE,CHIS,203
1638,state|16||secretaria|SECRETARIA DE COMUNICACIONES Y OBRAS PUBLICAS,3,state,16,,,secretaria,SECRETARIA DE COMUNICACIONES Y OBRAS PUBLICAS,high,state:state_code;level:gobierno_nivel,MICH-Secretaría de Comunicaciones y Obras Públicas,MICH,GE,MICH,934
1639,state|08||organismo de agua|JUNTA MUNICIPAL DE AGUA Y SANEAMIENTO,1,state,08,,,organismo de agua,JUNTA MUNICIPAL DE AGUA Y SANEAMIENTO,high,state:state_code;level:gobierno_nivel,CHIH-JUNTA MUNICIPAL DE AGUA Y SANEAMIENTO DE CHIHUAHUA,CHIH,GE,CHIH,315
1640,state|12||tecnologico superior (estatal)|INSTITUTO TECNOLOGICO SUPERIOR DE LA MONTANA,1,state,12,,,tecnologico superior (estatal),INSTITUTO TECNOLOGICO SUPERIOR DE LA MONTANA,high,state:state_code;level:gobierno_nivel,GRO-Instituto Tecnológico Superior de la Montaña,GRO,GE,GRO,1
1641,state|22||organismo|COMISION DE INFRAESTRUCTURA,2,state,22,,,organismo,COMISION DE INFRAESTRUCTURA,high,state:state_code;level:gobierno_nivel,QRO-Comisión Estatal de Infraestructura de Querétaro,QRO,GE,QRO,232
1642,municipal|19|19006|ayuntamiento|,1,municipal,19,19006,Apodaca,ayuntamiento,,high,state:state_code;level:gobierno_nivel;muni:inegi;singleton-body,NL-Presidencia Municipal de Apodaca,NL,GM,NL,80
1643,municipal|06|06002|ayuntamiento|,1,municipal,06,06002,Colima,ayuntamiento,,high,state:state_code;level:gobierno_nivel;muni:inegi;singleton-body,COL-Presidencia Municipal de Colima,COL,GM,COL,176
1644,state|26||secretaria|SECRETARIA DE DESARROLLO SOCIAL,1,state,26,,,secretaria,SECRETARIA DE DESARROLLO SOCIAL,high,state:state_code;level:gobierno_nivel,SON-Secretaría de Desarrollo Social,SON,GE,SON,32
1645,state|19||organismo|FIDEICOMISO PARA EL DESARROLLO DEL SUR,1,state,19,,,organismo,FIDEICOMISO PARA EL DESARROLLO DEL SUR,high,state:state_code;level:gobierno_nivel,NL-Fideicomiso para el Desarrollo del Sur del Estado de Nuevo León,NL,GE,NL,5
1646,state|01||organismo|ESCUELA NORMAL,2,state,01,,,organismo,ESCUELA NORMAL,high,state:state_code;level:gobierno_nivel,AGS-Escuela Normal de Aguascalientes,AGS,GE,AGS,54
1647,municipal|10|10033|ayuntamiento|,1,municipal,10,10033,Súchil,ayuntamiento,,high,state:state_code;level:gobierno_nivel;muni:inegi;singleton-body,DGO-Presidencia Municipal de Súchil,DGO,GM,DGO,17
1648,state|21||universidad politecnica|UNIVERSIDAD POLITECNICA METROPOLITANA,1,state,21,,,universidad politecnica,UNIVERSIDAD POLITECNICA METROPOLITANA,high,state:state_code;level:gobierno_nivel,PUE-Universidad Politécnica Metropolitana de Puebla,PUE,GE,PUE,28
1649,municipal|22|22018|ayuntamiento|,2,municipal,22,22018,Tolimán,ayuntamiento,,high,state:state_code;level:gobierno_nivel;muni:inegi;singleton-body,QRO-Presidencia Municipal de Tolimán,QRO,GM,QRO,85
1650,municipal|11|11025|ayuntamiento|,1,municipal,11,11025,Purísima del Rincón,ayuntamiento,,high,state:state_code;level:gobierno_nivel;muni:inegi;singleton-body,GTO-Presidencia Municipal de Purísima del Rincón,GTO,GM,GTO,144
1651,municipal|25|25018|organismo de agua|JUNTA MUNICIPAL DE AGUA POTABLE Y ALCANTARILLADO,2,municipal,25,25018,Navolato,organismo de agua,JUNTA MUNICIPAL DE AGUA POTABLE Y ALCANTARILLADO,high,state:state_code;level:gobierno_nivel;muni:inegi,SIN-Junta Municipal de Agua Potable y Alcantarillado de Navolato,SIN,GM,SIN,40
1652,state|20||universidad estatal|UNIVERSIDAD DEL MAR,2,state,20,,,universidad estatal,UNIVERSIDAD DEL MAR,high,state:state_code;level:gobierno_nivel,OAX-Universidad del Mar,OAX,GE,OAX,10
1653,state|21||universidad politecnica|UNIVERSIDAD POLITECNICA,2,state,21,,,universidad politecnica,UNIVERSIDAD POLITECNICA,high,state:state_code;level:gobierno_nivel,PUE-Universidad Politécnica de Puebla,PUE,GE,PUE,77
1654,municipal|25|25011|ayuntamiento|,1,municipal,25,25011,Guasave,ayuntamiento,,high,state:state_code;level:gobierno_nivel;muni:inegi;singleton-body,SIN-Presidencia Municipal de Guasave,SIN,GM,SIN,235
1655,state|24||secretaria|SECRETARIA DE DESARROLLO URBANO VIVIENDA Y OBRAS PUBLICAS,2,state,24,,,secretaria,SECRETARIA DE DESARROLLO URBANO VIVIENDA Y OBRAS PUBLICAS,high,state:state_code;level:gobierno_nivel,"SLP-Secretaría de Desarrollo Urbano, Vivienda y Obras Públicas",SLP,GE,SLP,214
1656,,,federal,,,,organismo,COMITE NACIONAL PARA EL DESARROLLO SUSTENTABLE DE LA CANA DE AZUCAR,n/a,level:gobierno_nivel,Comité Nacional para el Desarrollo Sustentable de la Caña de Azúcar,CONADESUCA,APF,,306
1657,municipal|21|21214|ayuntamiento|,1,municipal,21,21214,Zinacatepec,ayuntamiento,,high,state:state_code;level:gobierno_nivel;muni:inegi;singleton-body,PUE-Presidencia Municipal de Zinacatepec,PUE,GM,PUE,38
1658,municipal|30|30183|ayuntamiento|,1,municipal,30,30183,Tlapacoyan,ayuntamiento,,high,state:state_code;level:gobierno_nivel;muni:inegi;singleton-body,VER-Presidencia Municipal de Tlapacoyan,VER,GM,VER,3
1659,municipal|13|13049|ayuntamiento|,2,municipal,13,13049,Pisaflores,ayuntamiento,,high,state:state_code;level:gobierno_nivel;muni:inegi;singleton-body,HGO-Presidencia Municipal de Pisaflores,HGO,GM,HGO,11
1660,state|19||organismo|CORPORACION PARA EL DESARROLLO AGROPECUARIO,1,state,19,,,organismo,CORPORACION PARA EL DESARROLLO AGROPECUARIO,high,state:state_code;level:gobierno_nivel,NL-Corporación para el Desarrollo Agropecuario de Nuevo León,NL,GE,NL,7
1661,municipal|21|21124|ayuntamiento|,2,municipal,21,21124,San Gabriel Chilac,ayuntamiento,,high,state:state_code;level:gobierno_nivel;muni:inegi;singleton-body,PUE-Presidencia Municipal de San Gabriel Chilac,PUE,GM,PUE,17
1662,state|01||secretaria|SECRETARIA DE OBRAS PUBLICAS,2,state,01,,,secretaria,SECRETARIA DE OBRAS PUBLICAS,high,state:state_code;level:gobierno_nivel,AGS-Secretaría de Obras Públicas,AGS,GE,AGS,117
1663,state|20||organismo|REGIMEN ESTATAL DE PROTECCION SOCIAL EN SALUD,2,state,20,,,organismo,REGIMEN ESTATAL DE PROTECCION SOCIAL EN SALUD,high,state:state_code;level:gobierno_nivel,OAX-Régimen Estatal de Protección Social en Salud del Estado de Oaxaca,OAX,GE,OAX,253
1664,state|17||secretaria|SECRETARIA DE DESARROLLO ECONOMICO,1,state,17,,,secretaria,SECRETARIA DE DESARROLLO ECONOMICO,high,state:state_code;level:gobierno_nivel,MOR-Secretaría de Desarrollo Económico,MOR,GE,MOR,7
1665,,,federal,,,,organismo,COMISION NACIONAL DE LIBROS DE TEXTO GRATUITOS,n/a,level:gobierno_nivel,Comisión Nacional de Libros de Texto Gratuitos,CONALITEG,APF,,8729
1666,state|15||universidad tecnologica|UNIVERSIDAD TECNOLOGICA DE NEZAHUALCOYOTL,2,state,15,,,universidad tecnologica,UNIVERSIDAD TECNOLOGICA DE NEZAHUALCOYOTL,high,state:state_code;level:gobierno_nivel,MEX-Universidad Tecnológica de Nezahualcóyotl,MEX,GE,MEX,43
1667,,,federal,,,,organismo,INSTITUTO NACIONAL DE GERIATRIA,n/a,level:gobierno_nivel,Instituto Nacional de Geriatría,INGER,APF,,923
1668,state|01||universidad estatal|UNIVERSIDAD AUTONOMA,2,state,01,,,universidad estatal,UNIVERSIDAD AUTONOMA,high,state:state_code;level:gobierno_nivel,AGS-Universidad Autónoma de Aguascalientes,AGS,GE,AGS,808
1669,state|24||secretaria|SECRETARIA DE DESARROLLO AGROPECUARIO Y RECURSOS HIDRAULICOS,2,state,24,,,secretaria,SECRETARIA DE DESARROLLO AGROPECUARIO Y RECURSOS HIDRAULICOS,high,state:state_code;level:gobierno_nivel,SLP-Secretaría de Desarrollo Agropecuario y Recursos Hidráulicos,SLP,GE,SLP,13
1670,state|18||secretaria|SECRETARIA DE HACIENDA,1,state,18,,,secretaria,SECRETARIA DE HACIENDA,high,state:state_code;level:gobierno_nivel,NAY-Secretaría de Hacienda,NAY,GE,NAY,399
1671,municipal|01|01008|ayuntamiento|,1,municipal,01,01008,San José de Gracia,ayuntamiento,,high,state:state_code;level:gobierno_nivel;muni:inegi;singleton-body,AGS-Presidencia Municipal de San José de Gracia,AGS,GM,AGS,14
1672,state|18||secretaria|SECRETARIA DE OBRAS PUBLICAS,2,state,18,,,secretaria,SECRETARIA DE OBRAS PUBLICAS,high,state:state_code;level:gobierno_nivel,NAY-Secretaría de Obras Públicas,NAY,GE,NAY,363
1673,municipal|30|30118|ayuntamiento|,1,municipal,30,30118,Orizaba,ayuntamiento,,high,state:state_code;level:gobierno_nivel;muni:inegi;singleton-body,VER-Presidencia Municipal de Orizaba,VER,GM,VER,148
1674,state|03||organismo de agua|COMISION DEL AGUA,3,state,03,,,organismo de agua,COMISION DEL AGUA,high,state:state_code;level:gobierno_nivel,BCS-Comisión Estatal del Agua,BCS,GE,BCS,52
1675,municipal|11|11005|ayuntamiento|,1,municipal,11,11005,Apaseo el Grande,ayuntamiento,,high,state:state_code;level:gobierno_nivel;muni:inegi;singleton-body,GTO-Presidencia Municipal de Apaseo el Grande,GTO,GM,GTO,117
1676,municipal|19|19046|ayuntamiento|,1,municipal,19,19046,San Nicolás de los Garza,ayuntamiento,,high,state:state_code;level:gobierno_nivel;muni:inegi;singleton-body,NL-Presidencia Municipal de San Nicolás de los Garza,NL,GM,NL,19
1677,,,federal,,,,organismo,COMISION NACIONAL DE MEJORA REGULATORIA,n/a,level:gobierno_nivel,Comisión Nacional de Mejora Regulatoria,CONAMER,APF,,107
1678,state|21||universidad estatal|UNIVERSIDAD INTERSERRANA CHILCHOTLA,1,state,21,,,universidad estatal,UNIVERSIDAD INTERSERRANA CHILCHOTLA,high,state:state_code;level:gobierno_nivel,PUE-Universidad Interserrana del Estado de Puebla-Chilchotla,PUE,GE,PUE,12
1679,municipal|21|21145|ayuntamiento|,1,municipal,21,21145,San Sebastián Tlacotepec,ayuntamiento,,high,state:state_code;level:gobierno_nivel;muni:inegi;singleton-body,PUE-Presidencia Municipal de San Sebastián Tlacotepec,PUE,GM,PUE,39
1680,municipal|15|15121|ayuntamiento|,1,municipal,15,15121,Cuautitlán Izcalli,ayuntamiento,,high,state:state_code;level:gobierno_nivel;muni:inegi;singleton-body,MEX-Presidencia Municipal de Cuautitlán Izcalli,MEX,GM,MEX,58
1681,state|05||infraestructura educativa|INSTITUTO DE LA INFRAESTRUCTURA FISICA EDUCATIVA,2,state,05,,,infraestructura educativa,INSTITUTO DE LA INFRAESTRUCTURA FISICA EDUCATIVA,medium,state:state_code;level:gobierno_nivel;gentilicio-stripped,COAH-Instituto Coahuilense de la Infraestructura Física Educativa,COAH,GE,COAH,1105
1682,municipal|18|18020|ayuntamiento|,3,municipal,18,18020,Bahía de Banderas,ayuntamiento,,high,state:state_code;level:gobierno_nivel;muni:inegi;singleton-body,NAY-Presidencia Municipal de Bahía de Banderas,NAY,GM,NAY,136
1683,state|18||universidad estatal|UNIVERSIDAD AUTONOMA,2,state,18,,,universidad estatal,UNIVERSIDAD AUTONOMA,high,state:state_code;level:gobierno_nivel,NAY-Universidad Autónoma de Nayarit,NAY,GE,NAY,289
1684,municipal|29|29013|ayuntamiento|,2,municipal,29,29013,Huamantla,ayuntamiento,,high,state:state_code;level:gobierno_nivel;muni:inegi;singleton-body,TLAX-Presidencia Municipal de Huamantla,TLAX,GM,TLAX,105
1685,state|23||servicios de salud|,3,state,23,,,servicios de salud,,high,state:name-prefix;level:gobierno_nivel;singleton-body,Q ROO-Servicios Estatales de Salud,Q ROO,GE,,134
1686,municipal|04|04002|ayuntamiento|,3,municipal,04,04002,Campeche,ayuntamiento,,high,state:state_code;level:gobierno_nivel;muni:inegi;singleton-body,CAMP-Presidencia Municipal de Campeche,CAMP,GM,CAMP,222
1687,municipal|32|32037|ayuntamiento|,2,municipal,32,32037,Pánuco,ayuntamiento,,high,state:state_code;level:gobierno_nivel;muni:inegi;singleton-body,ZAC-Presidencia Municipal de Pánuco,ZAC,GM,ZAC,21
1688,municipal|15|15103|ayuntamiento|,2,municipal,15,15103,Tlalmanalco,ayuntamiento,,high,state:state_code;level:gobierno_nivel;muni:inegi;singleton-body,MEX-Presidencia Municipal de Tlalmanalco,MEX,GM,MEX,17
1689,municipal|15|15054|ayuntamiento|,2,municipal,15,15054,Metepec,ayuntamiento,,high,state:state_code;level:gobierno_nivel;muni:inegi;singleton-body,MEX-Presidencia Municipal de Metepec,MEX,GM,MEX,327
1690,municipal|21|21140|ayuntamiento|,1,municipal,21,21140,San Pedro Cholula,ayuntamiento,,high,state:state_code;level:gobierno_nivel;muni:inegi;singleton-body,PUE-Presidencia Municipal de San Pedro Cholula,PUE,GM,PUE,260
1691,state|26||organismo|SERVICIOS EDUCATIVOS,2,state,26,,,organismo,SERVICIOS EDUCATIVOS,high,state:state_code;level:gobierno_nivel,SON-Servicios Educativos del Estado de Sonora,SON,GE,SON,171
1692,municipal|32|32050|ayuntamiento|,1,municipal,32,32050,Vetagrande,ayuntamiento,,high,state:state_code;level:gobierno_nivel;muni:inegi;singleton-body,ZAC-Presidencia Municipal de Vetagrande,ZAC,GM,ZAC,30
1693,municipal|11|11028|ayuntamiento|,2,municipal,11,11028,Salvatierra,ayuntamiento,,high,state:state_code;level:gobierno_nivel;muni:inegi;singleton-body,GTO-Presidencia Municipal de Salvatierra,GTO,GM,GTO,193
1694,municipal|09|09007|organismo|ALCALDIA,1,municipal,09,09007,Iztapalapa,organismo,ALCALDIA,high,state:state_code;level:gobierno_nivel;muni:inegi,CDMX-Alcaldía de Iztapalapa,CDMX,GM,CDMX,132
1695,state|27||secretaria|SECRETARIA DE DESARROLLO AGROPECUARIO FORESTAL Y PESCA,1,state,27,,,secretaria,SECRETARIA DE DESARROLLO AGROPECUARIO FORESTAL Y PESCA,high,state:state_code;level:gobierno_nivel,"TAB-Secretaría de Desarrollo Agropecuario, Forestal y Pesca",TAB,GE,TAB,21
1696,municipal|26|26030|organismo de agua|AGUA,1,municipal,26,26030,Hermosillo,organismo de agua,AGUA,high,state:state_code;level:gobierno_nivel;muni:inegi,SON-Agua de Hermosillo,SON,GM,SON,40
1697,,,federal,,,,organismo,SERVICIO DE INFORMACION AGROALIMENTARIA Y PESQUERA,n/a,level:gobierno_nivel,Servicio de Información Agroalimentaria y Pesquera,SIAP,APF,,467
1698,municipal|23|23006|ayuntamiento|,2,municipal,23,23006,José María Morelos,ayuntamiento,,high,state:name-prefix;level:gobierno_nivel;muni:inegi;singleton-body,Q ROO-Presidencia Municipal de José María Morelos,Q ROO,GM,,145
1699,state|21||universidad tecnologica|UNIVERSIDAD TECNOLOGICA,2,state,21,,,universidad tecnologica,UNIVERSIDAD TECNOLOGICA,high,state:state_code;level:gobierno_nivel,PUE-Universidad Tecnológica de Puebla,PUE,GE,PUE,141
1700,state|08||universidad estatal|UNIVERSIDAD AUTONOMA DE CD JUAREZ,2,state,08,,,universidad estatal,UNIVERSIDAD AUTONOMA DE CD JUAREZ,high,state:state_code;level:gobierno_nivel,CHIH-Universidad Autónoma de Cd. Juárez,CHIH,GE,CHIH,449
1701,municipal|15|15081|ayuntamiento|,1,municipal,15,15081,Tecámac,ayuntamiento,,high,state:state_code;level:gobierno_nivel;muni:inegi;singleton-body,MEX-Presidencia Municipal de Tecámac,MEX,GM,MEX,365
1702,municipal|04|04003|ayuntamiento|,3,municipal,04,04003,Carmen,ayuntamiento,,high,state:state_code;level:gobierno_nivel;muni:inegi;singleton-body,CAMP-Presidencia Municipal de Carmen,CAMP,GM,CAMP,179
1703,state|06||organismo de agua|COMISION DEL AGUA,2,state,06,,,organismo de agua,COMISION DEL AGUA,high,state:state_code;level:gobierno_nivel,COL-Comisión Estatal del Agua,COL,GE,COL,25
1704,municipal|16|16108|organismo de agua|SISTEMA DE AGUA POTABLE ALCANTARILLADO,1,municipal,16,16108,Zamora,organismo de agua,SISTEMA DE AGUA POTABLE ALCANTARILLADO,high,state:state_code;level:gobierno_nivel;muni:inegi,MICH-Sistema de Agua Potable Alcantarillado de Zamora,MICH,GM,MICH,44
1705,municipal|31|31096|ayuntamiento|,3,municipal,31,31096,Tizimín,ayuntamiento,,high,state:state_code;level:gobierno_nivel;muni:inegi;singleton-body,YUC-Presidencia Municipal de Tizimín,YUC,GM,YUC,73
1706,municipal|10|10023|organismo de agua|SISTEMA DESCENTRALIZADO DE AGUA POTABLE ALCANTARILLADO Y SANEAMIENTO D,1,municipal,10,10023,Pueblo Nuevo,organismo de agua,SISTEMA DESCENTRALIZADO DE AGUA POTABLE ALCANTARILLADO Y SANEAMIENTO D,high,state:state_code;level:gobierno_nivel;muni:inegi,"DGO-SISTEMA DESCENTRALIZADO DE AGUA POTABLE ALCANTARILLADO Y SANEAMIENTO DEL MUNICIPIO DE PUEBLO NUEVO,D",DGO,GM,DGO,47
1707,state|27||secretaria|SECRETARIA DE GOBIERNO,2,state,27,,,secretaria,SECRETARIA DE GOBIERNO,high,state:state_code;level:gobierno_nivel,TAB-Secretaría de Gobierno,TAB,GE,TAB,45
1708,municipal|29|29031|ayuntamiento|,2,municipal,29,29031,Tetla de la Solidaridad,ayuntamiento,,high,state:state_code;level:gobierno_nivel;muni:inegi;singleton-body,TLAX-Presidencia Municipal de Tetla de la Solidaridad,TLAX,GM,TLAX,44
1709,municipal|25|25008|organismo de agua|JUNTA DE AGUA POTABLE Y ALCANTARILLADO,1,municipal,25,25008,Elota,organismo de agua,JUNTA DE AGUA POTABLE Y ALCANTARILLADO,high,state:state_code;level:gobierno_nivel;muni:inegi,SIN-JUNTA DE AGUA POTABLE Y ALCANTARILLADO DE ELOTA,SIN,GM,SIN,43
1710,state|23||organismo|INSTITUTO DEL PATRIMONIO INMOBILIARIO DE LA ADMINISTRACION PUBLICA,2,state,23,,,organismo,INSTITUTO DEL PATRIMONIO INMOBILIARIO DE LA ADMINISTRACION PUBLICA,high,state:name-prefix;level:gobierno_nivel,Q ROO-Instituto del Patrimonio Inmobiliario de la Administración Pública del Estado de Quintana Roo,Q ROO,GE,,11
1711,state|26||cecyte|COLEGIO DE ESTUDIOS CIENTIFICOS Y TECNOLOGICOS,2,state,26,,,cecyte,COLEGIO DE ESTUDIOS CIENTIFICOS Y TECNOLOGICOS,high,state:state_code;level:gobierno_nivel,SON-Colegio de Estudios Científicos y Tecnológicos del Estado de Sonora (CECYTES),SON,GE,SON,19
1712,municipal|10|10005|ayuntamiento|,3,municipal,10,10005,Durango,ayuntamiento,,high,state:state_code;level:gobierno_nivel;muni:inegi;singleton-body,DGO-Presidencia Municipal de Durango,DGO,GM,DGO,305
1713,state|02||organismo|CENTRO DE INFRAESTRUCTURA Y DESARROLLO PARA LAS COMUNIDADES RURALES Y POPULARES DE MEXICALI,1,state,02,,,organismo,CENTRO DE INFRAESTRUCTURA Y DESARROLLO PARA LAS COMUNIDADES RURALES Y POPULARES DE MEXICALI,high,state:state_code;level:gobierno_nivel,BC-Centro de Infraestructura y Desarrollo para las Comunidades Rurales y Populares de Mexicali,BC,GE,BC,24
1714,state|26||colegio de bachilleres|COLEGIO DE BACHILLERES,1,state,26,,,colegio de bachilleres,COLEGIO DE BACHILLERES,high,state:state_code;level:gobierno_nivel,SON-Colegio de Bachilleres del Estado de Sonora (COBACH),SON,GE,SON,90
1715,state|07||universidad estatal|UNIVERSIDAD DE CIENCIAS Y ARTES,3,state,07,,,universidad estatal,UNIVERSIDAD DE CIENCIAS Y ARTES,high,state:state_code;level:gobierno_nivel,CHIS-Universidad de Ciencias y Artes de Chiapas,CHIS,GE,CHIS,386
1716,state|21||tecnologico superior (estatal)|INSTITUTO TECNOLOGICO SUPERIOR DE LIBRES,1,state,21,,,tecnologico superior (estatal),INSTITUTO TECNOLOGICO SUPERIOR DE LIBRES,high,state:state_code;level:gobierno_nivel,PUE-Instituto Tecnológico Superior de Libres,PUE,GE,PUE,7
1717,municipal|13|13053|ayuntamiento|,2,municipal,13,13053,San Bartolo Tutotepec,ayuntamiento,,high,state:state_code;level:gobierno_nivel;muni:inegi;singleton-body,HGO-Presidencia Municipal de San Bartolo Tutotepec,HGO,GM,HGO,68
1718,municipal|16|16073|ayuntamiento|,1,municipal,16,16073,Quiroga,ayuntamiento,,high,state:state_code;level:gobierno_nivel;muni:inegi;singleton-body,MICH-Presidencia Municipal de Quiroga,MICH,GM,MICH,25
1719,state|14||organismo de agua|SISTEMA INTERMUNICIPAL DE LOS SERVICIOS DE AGUA POTABLE Y ALCANTARILLADO,2,state,14,,,organismo de agua,SISTEMA INTERMUNICIPAL DE LOS SERVICIOS DE AGUA POTABLE Y ALCANTARILLADO,high,state:state_code;level:gobierno_nivel,JAL-Sistema Intermunicipal de los Servicios de Agua Potable y Alcantarillado,JAL,GE,JAL,224
1720,municipal|22|22001|ayuntamiento|,2,municipal,22,22001,Amealco de Bonfil,ayuntamiento,,high,state:state_code;level:gobierno_nivel;muni:inegi;singleton-body,QRO-Presidencia Municipal de Amealco de Bonfil,QRO,GM,QRO,7
1721,municipal|25|25006|organismo|COMISION MUNICIPAL DE DESARROLLO DE CENTROS POBLADOS,2,municipal,25,25006,Culiacán,organismo,COMISION MUNICIPAL DE DESARROLLO DE CENTROS POBLADOS,high,state:state_code;level:gobierno_nivel;muni:inegi,SIN-Comision Municipal de Desarrollo de Centros Poblados de Culiacán,SIN,GM,SIN,85
1722,state|15||universidad tecnologica|UNIVERSIDAD TECNOLOGICA DE TECAMAC,2,state,15,,,universidad tecnologica,UNIVERSIDAD TECNOLOGICA DE TECAMAC,high,state:state_code;level:gobierno_nivel,MEX-Universidad Tecnológica de Tecámac,MEX,GE,MEX,70
1723,state|04||universidad estatal|UNIVERSIDAD AUTONOMA,2,state,04,,,universidad estatal,UNIVERSIDAD AUTONOMA,high,state:state_code;level:gobierno_nivel,CAMP-Universidad Autónoma de Campeche,CAMP,GE,CAMP,85
1724,state|23||organismo|INSTITUTO DE FOMENTO A LA VIVIENDA Y REGULARIZACION DE LA PROPIEDAD,2,state,23,,,organismo,INSTITUTO DE FOMENTO A LA VIVIENDA Y REGULARIZACION DE LA PROPIEDAD,high,state:name-prefix;level:gobierno_nivel,Q ROO-Instituto de Fomento a la Vivienda y Regularización de la Propiedad,Q ROO,GE,,17
1725,state|12||secretaria de salud|,2,state,12,,,secretaria de salud,,high,state:state_code;level:gobierno_nivel;singleton-body,GRO-Secretaría de Salud (Gro),GRO,GE,GRO,49
1726,,,federal,,,,organismo,FIDEICOMISO DE LOS SISTEMAS NORMALIZADO DE COMPETENCIA LABORAL Y DE CERTIFICACION DE COMPETENCIA LABORAL,n/a,level:gobierno_nivel,Fideicomiso de los Sistemas Normalizado de Competencia Laboral y de Certificación de Competencia Laboral,CONOCER,APF,,712
1727,municipal|21|21079|ayuntamiento|,1,municipal,21,21079,Huitziltepec,ayuntamiento,,high,state:state_code;level:gobierno_nivel;muni:inegi;singleton-body,PUE-Presidencia Municipal de Huitziltepec,PUE,GM,PUE,20
1728,municipal|15|15100|ayuntamiento|,1,municipal,15,15100,Tezoyuca,ayuntamiento,,high,state:state_code;level:gobierno_nivel;muni:inegi;singleton-body,MEX-Presidencia Municipal de Tezoyuca,MEX,GM,MEX,102
1729,state|14||infraestructura educativa|INSTITUTO DE INFRAESTRUCTURA FISICA EDUCATIVA,2,state,14,,,infraestructura educativa,INSTITUTO DE INFRAESTRUCTURA FISICA EDUCATIVA,high,state:state_code;level:gobierno_nivel,JAL-Instituto de Infraestructura Física Educativa del Estado de Jalisco,JAL,GE,JAL,1230
1730,state|30||secretaria de salud|,1,state,30,,,secretaria de salud,,high,state:state_code;level:gobierno_nivel;singleton-body,VER-Secretaría de Salud,VER,GE,VER,182
1731,municipal|15|15122|ayuntamiento|,4,municipal,15,15122,Valle de Chalco Solidaridad,ayuntamiento,,high,state:state_code;level:gobierno_nivel;muni:inegi;singleton-body,MEX-Presidencia Municipal de Valle de Chalco Solidaridad,MEX,GM,MEX,627
1732,state|30||organismo|CONSEJO DE DESARROLLO DEL PAPALOAPAN,3,state,30,,,organismo,CONSEJO DE DESARROLLO DEL PAPALOAPAN,high,state:state_code;level:gobierno_nivel,VER-Consejo de Desarrollo del Papaloapan,VER,GE,VER,17
1733,state|19||organismo|INSTITUTO DE LA VIVIENDA,1,state,19,,,organismo,INSTITUTO DE LA VIVIENDA,high,state:state_code;level:gobierno_nivel,NL-Instituto de la Vivienda de Nuevo León,NL,GE,NL,7
1734,state|15||organismo|JUNTA DE CAMINOS,2,state,15,,,organismo,JUNTA DE CAMINOS,high,state:state_code;level:gobierno_nivel,MEX-Junta de Caminos del Estado de México,MEX,GE,MEX,337
1735,,,federal,31,,,organismo,CENTRO DE INVESTIGACION CIENTIFICA,n/a,state:text;level:gobierno_nivel,"Centro de Investigación Científica de Yucatán, A.C.",CICY,APF,,1923
1736,municipal|27|27013|ayuntamiento|,2,municipal,27,27013,Nacajuca,ayuntamiento,,high,state:state_code;level:gobierno_nivel;muni:inegi;singleton-body,TAB-Presidencia Municipal de Nacajuca,TAB,GM,TAB,161
1737,municipal|21|21067|ayuntamiento|,2,municipal,21,21067,Guadalupe Victoria,ayuntamiento,,high,state:state_code;level:gobierno_nivel;muni:inegi;singleton-body,PUE-Presidencia Municipal de Guadalupe Victoria,PUE,GM,PUE,1
1738,,,federal,,,,organismo,ADMINISTRACION PORTUARIA INTEGRAL DE PUERTO MADERO,n/a,level:gobierno_nivel,"Administración Portuaria Integral de Puerto Madero, S.A. de C.V.",API-Puerto Madero,APF,,224
1739,municipal|14|14067|ayuntamiento|,3,municipal,14,14067,Puerto Vallarta,ayuntamiento,,high,state:state_code;level:gobierno_nivel;muni:inegi;singleton-body,JAL-Presidencia Municipal de Puerto Vallarta,JAL,GM,JAL,97
1740,state|30||organismo|CONSEJO DE INVESTIGACION CIENTIFICA Y TECNOLOGICA,1,state,30,,,organismo,CONSEJO DE INVESTIGACION CIENTIFICA Y TECNOLOGICA,medium,state:state_code;level:gobierno_nivel;gentilicio-stripped,VER-Consejo Veracruzano de Investigación Científica y Tecnológica,VER,GE,VER,53
1741,municipal|20|20324|ayuntamiento|,2,municipal,20,20324,San Pedro Pochutla,ayuntamiento,,high,state:state_code;level:gobierno_nivel;muni:inegi;singleton-body,OAX-Presidencia Municipal de San Pedro Pochutla,OAX,GM,OAX,3
1742,state|09||organismo|CONSEJERIA JURIDICA Y DE SERVICIOS LEGALES,2,state,09,,,organismo,CONSEJERIA JURIDICA Y DE SERVICIOS LEGALES,high,state:state_code;level:gobierno_nivel,CDMX-Consejería Jurídica y de Servicios Legales,CDMX,GE,CDMX,19
1743,municipal|29|29005|ayuntamiento|,2,municipal,29,29005,Apizaco,ayuntamiento,,high,state:state_code;level:gobierno_nivel;muni:inegi;singleton-body,TLAX-Presidencia Municipal de Apizaco,TLAX,GM,TLAX,65
1744,municipal|15|15104|organismo de agua|ORGANISMO DESCENTRALIZADO DE AGUA POTABLE,1,municipal,15,15104,Tlalnepantla de Baz,organismo de agua,ORGANISMO DESCENTRALIZADO DE AGUA POTABLE,high,state:state_code;level:gobierno_nivel;muni:inegi,MEX-ORGANISMO DESCENTRALIZADO DE AGUA POTABLE DE TLALNEPANTLA,MEX,GM,MEX,38
1745,municipal|21|21099|ayuntamiento|,1,municipal,21,21099,Cañada Morelos,ayuntamiento,,high,state:state_code;level:gobierno_nivel;muni:inegi;singleton-body,PUE-Presidencia Municipal de Cañada Morelos,PUE,GM,PUE,40
1746,,,federal,,,,organismo,COMPANIA OPERADORA DEL CENTRO CULTURAL Y TURISTICO DE TIJUANA,n/a,level:gobierno_nivel,"Compañía Operadora del Centro Cultural y Turístico de Tijuana, S.A. de C.V.",CECUTT,APF,,3531
1747,state|22||universidad estatal|UNIVERSIDAD NACIONAL AERONAUTICA,1,state,22,,,universidad estatal,UNIVERSIDAD NACIONAL AERONAUTICA,high,state:state_code;level:gobierno_nivel,QRO-Universidad Nacional Aeronáutica en Querétaro,QRO,GE,QRO,88
1748,state|26||organismo|SISTEMA DE PARQUES INDUSTRIALES,2,state,26,,,organismo,SISTEMA DE PARQUES INDUSTRIALES,high,state:state_code;level:gobierno_nivel,SON-Sistema de Parques Industriales de Sonora,SON,GE,SON,5
1749,municipal|30|30048|ayuntamiento|,2,municipal,30,30048,Cosoleacaque,ayuntamiento,,high,state:state_code;level:gobierno_nivel;muni:inegi;singleton-body,VER-Presidencia Municipal de Cosoleacaque,VER,GM,VER,11
1750,municipal|31|31059|ayuntamiento|,2,municipal,31,31059,Progreso,ayuntamiento,,high,state:state_code;level:gobierno_nivel;muni:inegi;singleton-body,YUC-Presidencia Municipal de Progreso,YUC,GM,YUC,31
1751,municipal|30|30087|organismo de agua|COMISION MUNICIPAL DE AGUA POTABLE Y SANEAMIENTO,3,municipal,30,30087,Xalapa,organismo de agua,COMISION MUNICIPAL DE AGUA POTABLE Y SANEAMIENTO,high,state:state_code;level:gobierno_nivel;muni:inegi,VER-Comisión Municipal de Agua Potable y Saneamiento de Xalapa,VER,GM,VER,59
1752,municipal|16|16074|ayuntamiento|,1,municipal,16,16074,Cojumatlán de Régules,ayuntamiento,,high,state:state_code;level:gobierno_nivel;muni:inegi;singleton-body,MICH-Presidencia Municipal de Cojumatlán de Régules,MICH,GM,MICH,36
1753,state|05||secretaria|SECRETARIA DE MEDIO AMBIENTE Y DESARROLLO URBANO,1,state,05,,,secretaria,SECRETARIA DE MEDIO AMBIENTE Y DESARROLLO URBANO,high,state:state_code;level:gobierno_nivel,COAH-Secretaría de Medio Ambiente y Desarrollo Urbano,COAH,GE,COAH,18
1754,municipal|25|25009|ayuntamiento|,2,municipal,25,25009,Escuinapa,ayuntamiento,,high,state:state_code;level:gobierno_nivel;muni:inegi;singleton-body,SIN-Presidencia Municipal de Escuinapa,SIN,GM,SIN,94
1755,state|32||universidad estatal|UNIVERSIDAD AUTONOMA,2,state,32,,,universidad estatal,UNIVERSIDAD AUTONOMA,high,state:state_code;level:gobierno_nivel,ZAC-Universidad Autónoma de Zacatecas,ZAC,GE,ZAC,280
1756,state|18||organismo|INSTITUTO PROMOTOR DE LA VIVIENDA,2,state,18,,,organismo,INSTITUTO PROMOTOR DE LA VIVIENDA,high,state:state_code;level:gobierno_nivel,NAY-Instituto Promotor de la Vivienda de Nayarit,NAY,GE,NAY,82
1757,municipal|32|32042|ayuntamiento|,1,municipal,32,32042,Sombrerete,ayuntamiento,,high,state:state_code;level:gobierno_nivel;muni:inegi;singleton-body,ZAC-Presidencia Municipal de Sombrerete,ZAC,GM,ZAC,124
1758,municipal|18|18001|ayuntamiento|,2,municipal,18,18001,Acaponeta,ayuntamiento,,high,state:state_code;level:gobierno_nivel;muni:inegi;singleton-body,NAY-Presidencia Municipal de Acaponeta,NAY,GM,NAY,42
1759,,,federal,,,,secretaria,SECRETARIA DE DESARROLLO AGRARIO TERRITORIAL Y URBANO,n/a,level:gobierno_nivel,"Secretaría de Desarrollo Agrario, Territorial y Urbano",SEDATU,APF,,24018
1760,state|19||universidad tecnologica|UNIVERSIDAD TECNOLOGICA CADEREYTA,1,state,19,,,universidad tecnologica,UNIVERSIDAD TECNOLOGICA CADEREYTA,high,state:state_code;level:gobierno_nivel,NL-Universidad Tecnológica Cadereyta,NL,GE,NL,8
1761,state|01||organismo|INSTITUTO DE VIVIENDA,2,state,01,,,organismo,INSTITUTO DE VIVIENDA,high,state:state_code;level:gobierno_nivel,AGS-Instituto de Vivienda del Estado,AGS,GE,AGS,40
1762,municipal|21|21195|ayuntamiento|,1,municipal,21,21195,Vicente Guerrero,ayuntamiento,,high,state:state_code;level:gobierno_nivel;muni:inegi;singleton-body,PUE-Presidencia Municipal de Vicente Guerrero,PUE,GM,PUE,32
1763,state|21||universidad politecnica|UNIVERSIDAD POLITECNICA DE AMOZOC,1,state,21,,,universidad politecnica,UNIVERSIDAD POLITECNICA DE AMOZOC,high,state:state_code;level:gobierno_nivel,PUE-Universidad Politécnica de Amozoc,PUE,GE,PUE,14
1764,municipal|28|28041|ayuntamiento|,3,municipal,28,28041,Victoria,ayuntamiento,,high,state:name-prefix;level:gobierno_nivel;muni:inegi;singleton-body,TAMPS-Presidencia Municipal de Victoria,TAMPS,GM,,400
1765,state|14||organismo|FIDEICOMISO PARA EL DESARROLLO URBANO,1,state,14,,,organismo,FIDEICOMISO PARA EL DESARROLLO URBANO,high,state:state_code;level:gobierno_nivel,JAL-Fideicomiso para el Desarrollo Urbano,JAL,GE,JAL,1
1766,municipal|21|21026|ayuntamiento|,1,municipal,21,21026,Calpan,ayuntamiento,,high,state:state_code;level:gobierno_nivel;muni:inegi;singleton-body,PUE-Presidencia Municipal de Calpan,PUE,GM,PUE,17
1767,municipal|08|08036|ayuntamiento|,1,municipal,08,08036,Jiménez,ayuntamiento,,high,state:state_code;level:gobierno_nivel;muni:inegi;singleton-body,CHIH-Presidencia Municipal de Jiménez,CHIH,GM,CHIH,15
1768,municipal|16|16045|ayuntamiento|,1,municipal,16,16045,Jiquilpan,ayuntamiento,,high,state:state_code;level:gobierno_nivel;muni:inegi;singleton-body,MICH-Presidencia Municipal de Jiquilpan,MICH,GM,MICH,40
1769,state|16||organismo|JUNTA DE CAMINOS,2,state,16,,,organismo,JUNTA DE CAMINOS,high,state:state_code;level:gobierno_nivel,MICH-Junta de Caminos,MICH,GE,MICH,186
1770,state|08||infraestructura educativa|INSTITUTO DE INFRAESTRUCTURA FISICA EDUCATIVA,2,state,08,,,infraestructura educativa,INSTITUTO DE INFRAESTRUCTURA FISICA EDUCATIVA,medium,state:state_code;level:gobierno_nivel;gentilicio-stripped,CHIH-Instituto Chihuahuense de Infraestructura Física Educativa,CHIH,GE,CHIH,1095
1771,state|16||secretaria|SECRETARIA DE SEGURIDAD PUBLICA,1,state,16,,,secretaria,SECRETARIA DE SEGURIDAD PUBLICA,high,state:state_code;level:gobierno_nivel,MICH-Secretaría de Seguridad Pública,MICH,GE,MICH,36
1772,municipal|21|21083|ayuntamiento|,1,municipal,21,21083,Ixtacamaxtitlán,ayuntamiento,,high,state:state_code;level:gobierno_nivel;muni:inegi;singleton-body,PUE-Presidencia Municipal de Ixtacamaxtitlán,PUE,GM,PUE,65
1773,municipal|30|30193|ayuntamiento|,2,municipal,30,30193,Veracruz,ayuntamiento,,high,state:state_code;level:gobierno_nivel;muni:inegi;singleton-body,VER-Presidencia Municipal de Veracruz,VER,GM,VER,168
1774,municipal|10|10020|ayuntamiento|,1,municipal,10,10020,Pánuco de Coronado,ayuntamiento,,high,state:state_code;level:gobierno_nivel;muni:inegi;singleton-body,DGO-Presidencia Municipal de Pánuco de Coronado,DGO,GM,DGO,9
1775,municipal|21|21059|ayuntamiento|,1,municipal,21,21059,Chinantla,ayuntamiento,,high,state:state_code;level:gobierno_nivel;muni:inegi;singleton-body,PUE-Presidencia Municipal de Chinantla,PUE,GM,PUE,9
1776,municipal|11|11016|ayuntamiento|,1,municipal,11,11016,Huanímaro,ayuntamiento,,high,state:state_code;level:gobierno_nivel;muni:inegi;singleton-body,GTO-Presidencia Municipal de Huanímaro,GTO,GM,GTO,31
1777,municipal|18|18004|ayuntamiento|,2,municipal,18,18004,Compostela,ayuntamiento,,high,state:state_code;level:gobierno_nivel;muni:inegi;singleton-body,NAY-Presidencia Municipal de Compostela,NAY,GM,NAY,114
1778,municipal|21|21104|ayuntamiento|,1,municipal,21,21104,Nopalucan,ayuntamiento,,high,state:state_code;level:gobierno_nivel;muni:inegi;singleton-body,PUE-Presidencia Municipal de Nopalucan,PUE,GM,PUE,22
1779,municipal|10|10020|organismo de agua|AGUAS,1,municipal,10,10020,Pánuco de Coronado,organismo de agua,AGUAS,high,state:state_code;level:gobierno_nivel;muni:inegi,DGO-AGUAS DE PANÚCO DE CORONADO,DGO,GM,DGO,9
1780,municipal|16|16066|ayuntamiento|,1,municipal,16,16066,Pátzcuaro,ayuntamiento,,high,state:state_code;level:gobierno_nivel;muni:inegi;singleton-body,MICH-Presidencia Municipal de Pátzcuaro,MICH,GM,MICH,118
1781,municipal|16|16034|ayuntamiento|,1,municipal,16,16034,Hidalgo,ayuntamiento,,high,state:state_code;text-state-overruled:13;level:gobierno_nivel;muni:inegi;singleton-body,MICH-Presidencia Municipal de Hidalgo,MICH,GM,MICH,88
1782,municipal|05|05031|ayuntamiento|,1,municipal,05,05031,San Buenaventura,ayuntamiento,,high,state:state_code;level:gobierno_nivel;muni:inegi;singleton-body,COAH-Presidencia Municipal de San Buenaventura,COAH,GM,COAH,3
1783,municipal|24|24011|ayuntamiento|,3,municipal,24,24011,Ciudad Fernández,ayuntamiento,,high,state:state_code;level:gobierno_nivel;muni:inegi;singleton-body,SLP-Presidencia Municipal de Ciudad Fernández,SLP,GM,SLP,133
1784,municipal|22|22011|ayuntamiento|,1,municipal,22,22011,El Marqués,ayuntamiento,,high,state:state_code;level:gobierno_nivel;muni:inegi;singleton-body,QRO-Presidencia Municipal de El Marqués,QRO,GM,QRO,159
1785,municipal|21|21183|ayuntamiento|,1,municipal,21,21183,Tlaola,ayuntamiento,,high,state:state_code;level:gobierno_nivel;muni:inegi;singleton-body,PUE-Presidencia Municipal de Tlaola,PUE,GM,PUE,7
1786,state|10||secretaria|SECRETARIA GENERAL DE GOBIERNO,2,state,10,,,secretaria,SECRETARIA GENERAL DE GOBIERNO,high,state:state_code;level:gobierno_nivel,DGO-Secretaría General de Gobierno,DGO,GE,DGO,58
1787,municipal|30|30175|ayuntamiento|,1,municipal,30,30175,Tihuatlán,ayuntamiento,,high,state:state_code;level:gobierno_nivel;muni:inegi;singleton-body,VER-Presidencia Municipal de Tihuatlán,VER,GM,VER,71
1788,state|19||organismo|PARQUE FUNDIDORA,2,state,19,,,organismo,PARQUE FUNDIDORA,high,state:state_code;level:gobierno_nivel,NL-Parque Fundidora,NL,GE,NL,43
1789,state|19||organismo|MUSEO DE HISTORIA MEXICANA,2,state,19,,,organismo,MUSEO DE HISTORIA MEXICANA,high,state:state_code;level:gobierno_nivel,NL-Museo de Historia Mexicana,NL,GE,NL,19
1790,state|01||organismo|INSTITUTO PARA EL DESARROLLO DE LA SOCIEDAD DEL CONOCIMIENTO,1,state,01,,,organismo,INSTITUTO PARA EL DESARROLLO DE LA SOCIEDAD DEL CONOCIMIENTO,high,state:state_code;level:gobierno_nivel,AGS-Instituto para el Desarrollo de la Sociedad del Conocimiento,AGS,GE,AGS,21
1791,state|16||secretaria|SECRETARIA DE CULTURA,2,state,16,,,secretaria,SECRETARIA DE CULTURA,high,state:state_code;level:gobierno_nivel,MICH-Secretaría de Cultura,MICH,GE,MICH,50
1792,state|30||organismo|INSTITUTO DE ESPACIOS EDUCATIVOS,2,state,30,,,organismo,INSTITUTO DE ESPACIOS EDUCATIVOS,high,state:state_code;level:gobierno_nivel,VER-Instituto de Espacios Educativos del Estado de Veracruz,VER,GE,VER,82
1793,state|15||secretaria|SECRETARIA DE TRANSPORTE,1,state,15,,,secretaria,SECRETARIA DE TRANSPORTE,high,state:state_code;level:gobierno_nivel,MEX-Secretaria de Transporte,MEX,GE,MEX,4
1794,state|15||organismo de agua|SECRETARIA DEL AGUA Y OBRA PUBLICA,1,state,15,,,organismo de agua,SECRETARIA DEL AGUA Y OBRA PUBLICA,high,state:state_code;level:gobierno_nivel,MEX-Secretaría del Agua y Obra Pública,MEX,GE,MEX,9
1795,municipal|21|21017|ayuntamiento|,1,municipal,21,21017,Atempan,ayuntamiento,,high,state:state_code;level:gobierno_nivel;muni:inegi;singleton-body,PUE-Presidencia Municipal de Atempan,PUE,GM,PUE,144
1796,municipal|27|27009|ayuntamiento|,3,municipal,27,27009,Jalapa,ayuntamiento,,high,state:state_code;level:gobierno_nivel;muni:inegi;singleton-body,TAB-Presidencia Municipal de Jalapa,TAB,GM,TAB,26
1797,municipal|01|01006|ayuntamiento|,1,municipal,01,01006,Pabellón de Arteaga,ayuntamiento,,high,state:state_code;level:gobierno_nivel;muni:inegi;singleton-body,AGS-Presidencia Municipal de Pabellón de Arteaga,AGS,GM,AGS,74
1798,municipal|14|14098|ayuntamiento|,2,municipal,14,14098,San Pedro Tlaquepaque,ayuntamiento,,high,state:state_code;level:gobierno_nivel;muni:inegi;singleton-body,JAL-Presidencia Municipal de Tlaquepaque,JAL,GM,JAL,149
1799,state|30||secretaria|SECRETARIA DE TURISMO Y CULTURA,1,state,30,,,secretaria,SECRETARIA DE TURISMO Y CULTURA,high,state:state_code;level:gobierno_nivel,VER-Secretaría de Turismo y Cultura,VER,GE,VER,20
1800,municipal|21|21065|ayuntamiento|,1,municipal,21,21065,General Felipe Ángeles,ayuntamiento,,high,state:state_code;level:gobierno_nivel;muni:inegi;singleton-body,PUE-Presidencia Municipal de General Felipe Ángeles,PUE,GM,PUE,21
1801,state|20||hospital|HOSPITAL DE LA NINEZ,2,state,20,,,hospital,HOSPITAL DE LA NINEZ,medium,state:state_code;level:gobierno_nivel;gentilicio-stripped,OAX-Hospital de la Niñez Oaxaqueña,OAX,GE,OAX,15
1802,municipal|15|15054|organismo de agua|ORGANISMO PUBLICO DESCENTRALIZADO PARA LA PRESTACION DE LOS SERVICIOS DE AGUA POTABLE ALCANTARILLADO Y SANEAMIENTO,2,municipal,15,15054,Metepec,organismo de agua,ORGANISMO PUBLICO DESCENTRALIZADO PARA LA PRESTACION DE LOS SERVICIOS DE AGUA POTABLE ALCANTARILLADO Y SANEAMIENTO,high,state:state_code;level:gobierno_nivel;muni:inegi,"MEX-Organismo Público descentralizado, para la Prestacion de los Servicios de Agua Potable, Alcantarillado y Saneamiento del municipio de Metepec",MEX,GM,MEX,42
1803,municipal|17|17025|ayuntamiento|,2,municipal,17,17025,Tlaquiltenango,ayuntamiento,,high,state:state_code;level:gobierno_nivel;muni:inegi;singleton-body,MOR-Presidencia Municipal de Tlaquiltenango,MOR,GM,MOR,7
1804,municipal|21|21051|ayuntamiento|,2,municipal,21,21051,Chietla,ayuntamiento,,high,state:state_code;level:gobierno_nivel;muni:inegi;singleton-body,PUE-Presidencia Municipal de Chietla,PUE,GM,PUE,93
1805,municipal|10|10035|ayuntamiento|,1,municipal,10,10035,Tepehuanes,ayuntamiento,,high,state:state_code;level:gobierno_nivel;muni:inegi;singleton-body,DGO-Presidencia Municipal de Tepehuanes,DGO,GM,DGO,66
1806,municipal|20|20067|ayuntamiento|,2,municipal,20,20067,Oaxaca de Juárez,ayuntamiento,,high,state:state_code;level:gobierno_nivel;muni:inegi;singleton-body,OAX-Presidencia Municipal de Oaxaca de Juárez,OAX,GM,OAX,206
1807,state|08||universidad estatal|UNIVERSIDAD AUTONOMA,2,state,08,,,universidad estatal,UNIVERSIDAD AUTONOMA,high,state:state_code;level:gobierno_nivel,CHIH-Universidad Autónoma de Chihuahua,CHIH,GE,CHIH,274
1808,municipal|21|21056|ayuntamiento|,1,municipal,21,21056,Chila de la Sal,ayuntamiento,,high,state:state_code;level:gobierno_nivel;muni:inegi;singleton-body,PUE-Presidencia Municipal de Chila de la Sal,PUE,GM,PUE,23
1809,municipal|25|25012|organismo de agua|JUNTA MUNICIPAL DE AGUA POTABLE Y ALCANTARILLADO,2,municipal,25,25012,Mazatlán,organismo de agua,JUNTA MUNICIPAL DE AGUA POTABLE Y ALCANTARILLADO,high,state:state_code;level:gobierno_nivel;muni:inegi,"SIN-Junta Municipal de Agua Potable y Alcantarillado de Mazatlán, Sinaloa",SIN,GM,SIN,26
1810,municipal|30|30044|ayuntamiento|,1,municipal,30,30044,Córdoba,ayuntamiento,,high,state:state_code;level:gobierno_nivel;muni:inegi;singleton-body,VER-Presidencia Municipal de Córdoba,VER,GM,VER,51
1811,municipal|11|11040|ayuntamiento|,1,municipal,11,11040,Tierra Blanca,ayuntamiento,,high,state:state_code;level:gobierno_nivel;muni:inegi;singleton-body,GTO-Presidencia Municipal de Tierra Blanca,GTO,GM,GTO,46
1812,state|07||organismo de agua|INSTITUTO DEL AGUA,2,state,07,,,organismo de agua,INSTITUTO DEL AGUA,high,state:state_code;level:gobierno_nivel,CHIS-Instituto Estatal del Agua,CHIS,GE,CHIS,28
1813,municipal|09|09015|organismo|ALCALDIA,1,municipal,09,09015,Cuauhtémoc,organismo,ALCALDIA,high,state:state_code;level:gobierno_nivel;muni:inegi,CDMX-Alcaldía de Cuauhtémoc,CDMX,GM,CDMX,282
1814,state|19||organismo|CORPORACION PARA EL DESARROLLO TURISTICO,2,state,19,,,organismo,CORPORACION PARA EL DESARROLLO TURISTICO,high,state:state_code;level:gobierno_nivel,NL-Corporación para el Desarrollo Turístico de Nuevo León,NL,GE,NL,40
1815,municipal|21|21173|ayuntamiento|,2,municipal,21,21173,Teteles de Ávila Castillo,ayuntamiento,,high,state:state_code;level:gobierno_nivel;muni:inegi;singleton-body,PUE-Presidencia Municipal de Teteles de Avila Castillo,PUE,GM,PUE,8
1816,state|03||organismo|INSTITUTO DE LA CULTURA,1,state,03,,,organismo,INSTITUTO DE LA CULTURA,medium,state:state_code;level:gobierno_nivel;gentilicio-stripped,BCS-Instituto Sudcaliforniano de la Cultura,BCS,GE,BCS,16
1817,state|27||organismo|INSTITUTO DE VIVIENDA,2,state,27,,,organismo,INSTITUTO DE VIVIENDA,high,state:state_code;level:gobierno_nivel,TAB-Instituto de Vivienda de Tabasco,TAB,GE,TAB,8
1818,municipal|13|13010|ayuntamiento|,1,municipal,13,13010,Atitalaquia,ayuntamiento,,high,state:state_code;level:gobierno_nivel;muni:inegi;singleton-body,HGO-Presidencia Municipal de Atitalaquia,HGO,GM,HGO,4
1819,municipal|16|16050|ayuntamiento|,1,municipal,16,16050,Maravatío,ayuntamiento,,high,state:state_code;level:gobierno_nivel;muni:inegi;singleton-body,MICH-Presidencia Municipal de Maravatío,MICH,GM,MICH,37
1820,municipal|20|20039|ayuntamiento|,1,municipal,20,20039,Heroica Ciudad de Huajuapan de León,ayuntamiento,,high,state:state_code;level:gobierno_nivel;muni:inegi;singleton-body,OAX-Presidencia Municipal de Heroica Ciudad de Huajuapan de León,OAX,GM,OAX,128
1821,municipal|24|24053|ayuntamiento|,2,municipal,24,24053,Axtla de Terrazas,ayuntamiento,,high,state:state_code;level:gobierno_nivel;muni:inegi;singleton-body,SLP-Presidencia Municipal de Axtla de Terrazas,SLP,GM,SLP,7
1822,municipal|21|21201|ayuntamiento|,1,municipal,21,21201,Xochiltepec,ayuntamiento,,high,state:state_code;level:gobierno_nivel;muni:inegi;singleton-body,PUE-Presidencia Municipal de Xochiltepec,PUE,GM,PUE,3
1823,state|27||secretaria|SECRETARIA DE EDUCACION,1,state,27,,,secretaria,SECRETARIA DE EDUCACION,high,state:state_code;level:gobierno_nivel,TAB-Secretaría de Educación,TAB,GE,TAB,271
1824,municipal|08|08011|ayuntamiento|,1,municipal,08,08011,Camargo,ayuntamiento,,high,state:state_code;level:gobierno_nivel;muni:inegi;singleton-body,CHIH-Presidencia Municipal de Camargo,CHIH,GM,CHIH,44
1825,state|17||infraestructura educativa|INSTITUTO DE INFRAESTRUCTURA EDUCATIVA,2,state,17,,,infraestructura educativa,INSTITUTO DE INFRAESTRUCTURA EDUCATIVA,high,state:state_code;level:gobierno_nivel,MOR-Instituto Estatal de Infraestructura Educativa de Morelos,MOR,GE,MOR,656
1826,state|14||secretaria|SECRETARIA DE DESARROLLO RURAL,2,state,14,,,secretaria,SECRETARIA DE DESARROLLO RURAL,high,state:state_code;level:gobierno_nivel,JAL-Secretaría de Desarrollo Rural,JAL,GE,JAL,1
1827,,,federal,,,,organismo,INSTITUTO NACIONAL DE PESCA Y ACUACULTURA,n/a,level:gobierno_nivel,Instituto Nacional de Pesca y Acuacultura,INAPESCA,APF,,2002
1828,state|30||organismo|INSTITUTO DE LA VIVIENDA,1,state,30,,,organismo,INSTITUTO DE LA VIVIENDA,medium,state:state_code;level:gobierno_nivel;gentilicio-stripped,VER-Instituto Veracruzano de la Vivienda,VER,GE,VER,10
1829,municipal|11|11032|ayuntamiento|,1,municipal,11,11032,San José de Iturbide,ayuntamiento,,high,state:state_code;level:gobierno_nivel;muni:inegi;singleton-body,GTO-Presidencia Municipal de San José Iturbide,GTO,GM,GTO,149
1830,municipal|32|32025|ayuntamiento|,2,municipal,32,32025,Luis Moya,ayuntamiento,,high,state:state_code;level:gobierno_nivel;muni:inegi;singleton-body,ZAC-Presidencia Municipal de Luis Moya,ZAC,GM,ZAC,85
1831,municipal|13|13076|ayuntamiento|,1,municipal,13,13076,Tula de Allende,ayuntamiento,,high,state:state_code;level:gobierno_nivel;muni:inegi;singleton-body,HGO-Presidencia Municipal de Tula de Allende,HGO,GM,HGO,19
1832,municipal|19|19018|ayuntamiento|,1,municipal,19,19018,García,ayuntamiento,,high,state:state_code;level:gobierno_nivel;muni:inegi;singleton-body,NL-Presidencia Municipal de García,NL,GM,NL,3
1833,municipal|12|12038|organismo de agua|COMISION DE AGUA POTABLE Y ALCANTARILLADO,1,municipal,12,12038,Zihuatanejo de Azueta,organismo de agua,COMISION DE AGUA POTABLE Y ALCANTARILLADO,high,state:state_code;level:gobierno_nivel;muni:inegi,GRO-Comision de Agua Potable y Alcantarillado de Zihuatanejo,GRO,GM,GRO,9
1834,municipal|08|08017|ayuntamiento|,2,municipal,08,08017,Cuauhtémoc,ayuntamiento,,high,state:state_code;level:gobierno_nivel;muni:inegi;singleton-body,CHIH-Presidencia Municipal de Cuauhtémoc,CHIH,GM,CHIH,76
1835,state|14||universidad tecnologica|UNIVERSIDAD TECNOLOGICA,1,state,14,,,universidad tecnologica,UNIVERSIDAD TECNOLOGICA,high,state:state_code;level:gobierno_nivel,JAL-Universidad Tecnológica de Jalisco,JAL,GE,JAL,122
1836,municipal|24|24037|ayuntamiento|,3,municipal,24,24037,Tamazunchale,ayuntamiento,,high,state:state_code;level:gobierno_nivel;muni:inegi;singleton-body,SLP-Presidencia Municipal de Tamazunchale,SLP,GM,SLP,90
1837,state|21||cecyte|COLEGIO DE ESTUDIOS CIENTIFICOS Y TECNOLOGICOS,2,state,21,,,cecyte,COLEGIO DE ESTUDIOS CIENTIFICOS Y TECNOLOGICOS,high,state:state_code;level:gobierno_nivel,PUE-Colegio de Estudios Científicos y Tecnológicos del Estado de Puebla,PUE,GE,PUE,70
1838,municipal|16|16019|ayuntamiento|,2,municipal,16,16019,Cotija,ayuntamiento,,high,state:state_code;level:gobierno_nivel;muni:inegi;singleton-body,MICH-Presidencia Municipal de Cotija,MICH,GM,MICH,13
1839,municipal|16|16051|ayuntamiento|,1,municipal,16,16051,Marcos Castellanos,ayuntamiento,,high,state:state_code;level:gobierno_nivel;muni:inegi;singleton-body,MICH-Presidencia Municipal de Marcos Castellanos,MICH,GM,MICH,15
1840,municipal|13|13015|ayuntamiento|,1,municipal,13,13015,Cardonal,ayuntamiento,,high,state:state_code;level:gobierno_nivel;muni:inegi;singleton-body,HGO-Presidencia Municipal de Cardonal,HGO,GM,HGO,44
1841,municipal|21|21208|ayuntamiento|,2,municipal,21,21208,Zacatlán,ayuntamiento,,high,state:state_code;level:gobierno_nivel;muni:inegi;singleton-body,PUE-Presidencia Municipal de Zacatlán,PUE,GM,PUE,181
1842,municipal|21|21216|ayuntamiento|,1,municipal,21,21216,Zoquiapan,ayuntamiento,,high,state:state_code;level:gobierno_nivel;muni:inegi;singleton-body,PUE-Presidencia Municipal de Zoquiapan,PUE,GM,PUE,12
1843,municipal|31|31057|ayuntamiento|,1,municipal,31,31057,Panabá,ayuntamiento,,high,state:state_code;level:gobierno_nivel;muni:inegi;singleton-body,YUC-Presidencia Municipal de Panabá,YUC,GM,YUC,3
1844,municipal|24|24020|organismo de agua|SERVICIOS DE AGUA POTABLE ALCANTARILLADO Y SANEAMIENTO,1,municipal,24,24020,Matehuala,organismo de agua,SERVICIOS DE AGUA POTABLE ALCANTARILLADO Y SANEAMIENTO,high,state:state_code;level:gobierno_nivel;muni:inegi,"SLP-Servicios de Agua Potable, Alcantarillado y Saneamiento de Matehuala",SLP,GM,SLP,51
1845,municipal|21|21077|ayuntamiento|,1,municipal,21,21077,Hueytlalpan,ayuntamiento,,high,state:state_code;level:gobierno_nivel;muni:inegi;singleton-body,PUE-Presidencia Municipal de Hueytlalpan,PUE,GM,PUE,6
1846,state|15||secretaria|SECRETARIA DEL MEDIO AMBIENTE,1,state,15,,,secretaria,SECRETARIA DEL MEDIO AMBIENTE,high,state:state_code;level:gobierno_nivel,MEX-Secretaría del Medio Ambiente,MEX,GE,MEX,32
1847,state|27||colegio de bachilleres|COLEGIO DE BACHILLERES,3,state,27,,,colegio de bachilleres,COLEGIO DE BACHILLERES,high,state:state_code;level:gobierno_nivel,TAB-Colegio de Bachilleres de Tabasco,TAB,GE,TAB,310
1848,municipal|13|13032|ayuntamiento|,1,municipal,13,13032,Jaltocán,ayuntamiento,,high,state:state_code;level:gobierno_nivel;muni:inegi;singleton-body,HGO-Presidencia Municipal de Jaltocán,HGO,GM,HGO,17
1849,municipal|05|05020|ayuntamiento|,1,municipal,05,05020,Múzquiz,ayuntamiento,,high,state:state_code;level:gobierno_nivel;muni:inegi;singleton-body,COAH-Presidencia Municipal de Múzquiz,COAH,GM,COAH,19
1850,municipal|19|19034|ayuntamiento|,1,municipal,19,19034,Marín,ayuntamiento,,high,state:state_code;level:gobierno_nivel;muni:inegi;singleton-body,NL-Presidencia Municipal de Marín,NL,GM,NL,4
1851,state|19||infraestructura educativa|INSTITUTO CONSTRUCTOR DE INFRAESTRUCTURA FISICA EDUCATIVA Y DEPORTIVA,2,state,19,,,infraestructura educativa,INSTITUTO CONSTRUCTOR DE INFRAESTRUCTURA FISICA EDUCATIVA Y DEPORTIVA,high,state:state_code;level:gobierno_nivel,NL-Instituto Constructor de Infraestructura Física Educativa y Deportiva de Nuevo León,NL,GE,NL,19
1852,state|15||secretaria|SECRETARIA GENERAL DE GOBIERNO,2,state,15,,,secretaria,SECRETARIA GENERAL DE GOBIERNO,high,state:state_code;level:gobierno_nivel,MEX-Secretaría General de Gobierno,MEX,GE,MEX,4
1853,state|25||organismo|INSTITUTO DE LAS MUJERES,1,state,25,,,organismo,INSTITUTO DE LAS MUJERES,medium,state:state_code;level:gobierno_nivel;gentilicio-stripped,SIN-Instituto Sinaloense de las Mujeres,SIN,GE,SIN,81
1854,municipal|21|21082|ayuntamiento|,1,municipal,21,21082,Ixcaquixtla,ayuntamiento,,high,state:state_code;level:gobierno_nivel;muni:inegi;singleton-body,PUE-Presidencia Municipal de Ixcaquixtla,PUE,GM,PUE,29
1855,municipal|09|09012|organismo|ALCALDIA,1,municipal,09,09012,Tlalpan,organismo,ALCALDIA,high,state:state_code;level:gobierno_nivel;muni:inegi,CDMX-Alcaldía de Tlalpan,CDMX,GM,CDMX,47
1856,municipal|25|25011|organismo de agua|JUNTA MUNICIPAL DE AGUA POTABLE Y ALCANTARILLADO,2,municipal,25,25011,Guasave,organismo de agua,JUNTA MUNICIPAL DE AGUA POTABLE Y ALCANTARILLADO,high,state:state_code;level:gobierno_nivel;muni:inegi,SIN-Junta Municipal de Agua Potable y Alcantarillado de Guasave,SIN,GM,SIN,55
1857,municipal|15|15060|ayuntamiento|,1,municipal,15,15060,Nicolás Romero,ayuntamiento,,high,state:state_code;level:gobierno_nivel;muni:inegi;singleton-body,MEX-Presidencia Municipal de Nicolás Romero,MEX,GM,MEX,68
1858,municipal|21|21003|ayuntamiento|,1,municipal,21,21003,Acatlán,ayuntamiento,,high,state:state_code;level:gobierno_nivel;muni:inegi;singleton-body,PUE-Presidencia Municipal de Acatlán,PUE,GM,PUE,149
1859,municipal|08|08030|ayuntamiento|,1,municipal,08,08030,Guazapares,ayuntamiento,,high,state:state_code;level:gobierno_nivel;muni:inegi;singleton-body,CHIH-Presidencia Municipal de Guazapares,CHIH,GM,CHIH,23
1860,municipal|12|12001|ayuntamiento|,2,municipal,12,12001,Acapulco de Juárez,ayuntamiento,,high,state:state_code;level:gobierno_nivel;muni:inegi;singleton-body,GRO-Presidencia Municipal de Acapulco de Juárez,GRO,GM,GRO,377
1861,state|02||organismo|COMISION DE SERVICIOS PUBLICOS DE TECATE,1,state,02,,,organismo,COMISION DE SERVICIOS PUBLICOS DE TECATE,high,state:state_code;level:gobierno_nivel,BC-Comisión Estatal de Servicios Públicos de Tecate,BC,GE,BC,92
1862,municipal|11|11015|ayuntamiento|,2,municipal,11,11015,Guanajuato,ayuntamiento,,high,state:state_code;level:gobierno_nivel;muni:inegi;singleton-body,GTO-Presidencia Municipal de Guanajuato,GTO,GM,GTO,204
1863,municipal|21|21151|ayuntamiento|,1,municipal,21,21151,Santo Tomás Hueyotlipan,ayuntamiento,,high,state:state_code;level:gobierno_nivel;muni:inegi;singleton-body,PUE-Presidencia Municipal de Santo Tomás Hueyotlipan,PUE,GM,PUE,17
1864,state|19||organismo|INSTITUTO DE SEGURIDAD Y SERVICIOS SOCIALES DE LOS TRABAJADORES DE N L,1,state,19,,,organismo,INSTITUTO DE SEGURIDAD Y SERVICIOS SOCIALES DE LOS TRABAJADORES DE N L,high,state:state_code;level:gobierno_nivel,NL-Instituto de Seguridad y Servicios Sociales de los Trabajadores del Estado de N.L.,NL,GE,NL,15
1865,municipal|16|16108|ayuntamiento|,1,municipal,16,16108,Zamora,ayuntamiento,,high,state:state_code;level:gobierno_nivel;muni:inegi;singleton-body,MICH-Presidencia Municipal de Zamora,MICH,GM,MICH,57
1866,state|03||cecyte|COLEGIO DE ESTUDIOS CIENTIFICOS Y TECNOLOGICOS DE B C S,1,state,03,,,cecyte,COLEGIO DE ESTUDIOS CIENTIFICOS Y TECNOLOGICOS DE B C S,high,state:state_code;level:gobierno_nivel,BCS-Colegio de Estudios Científicos y Tecnológicos del Estado de B.C.S.,BCS,GE,BCS,33
1867,municipal|21|21152|ayuntamiento|,1,municipal,21,21152,Soltepec,ayuntamiento,,high,state:state_code;level:gobierno_nivel;muni:inegi;singleton-body,PUE-Presidencia Municipal de Soltepec,PUE,GM,PUE,19
1868,state|31||secretaria|SECRETARIA DE FOMENTO TURISTICO,1,state,31,,,secretaria,SECRETARIA DE FOMENTO TURISTICO,high,state:state_code;level:gobierno_nivel,YUC-Secretaría de Fomento Turístico,YUC,GE,YUC,11
1869,municipal|21|21127|ayuntamiento|,1,municipal,21,21127,San Jerónimo Xayacatlán,ayuntamiento,,high,state:state_code;level:gobierno_nivel;muni:inegi;singleton-body,PUE-Presidencia Municipal de San Jerónimo Xayacatlán,PUE,GM,PUE,6
1870,state|11||organismo|SISTEMA AVANZADO DE BACHILLERATO Y EDUCACION SUPERIOR,1,state,11,,,organismo,SISTEMA AVANZADO DE BACHILLERATO Y EDUCACION SUPERIOR,high,state:state_code;level:gobierno_nivel,GTO-Sistema Avanzado de Bachillerato y Educación Superior,GTO,GE,GTO,32
1871,municipal|22|22006|ayuntamiento|,2,municipal,22,22006,Corregidora,ayuntamiento,,high,state:state_code;level:gobierno_nivel;muni:inegi;singleton-body,QRO-Presidencia Municipal de Corregidora,QRO,GM,QRO,234
1872,state|20||universidad estatal|UNIVERSIDAD DE LA SIERRA SUR,2,state,20,,,universidad estatal,UNIVERSIDAD DE LA SIERRA SUR,high,state:state_code;level:gobierno_nivel,OAX-Universidad de la Sierra Sur,OAX,GE,OAX,31
1873,municipal|03|03002|ayuntamiento|,1,municipal,03,03002,Mulegé,ayuntamiento,,high,state:state_code;level:gobierno_nivel;muni:inegi;singleton-body,BCS-Presidencia Municipal de Mulegé,BCS,GM,BCS,2
1874,state|27||universidad politecnica|UNIVERSIDAD POLITECNICA DEL GOLFO DE MEXICO,2,state,27,,,universidad politecnica,UNIVERSIDAD POLITECNICA DEL GOLFO DE MEXICO,high,state:state_code;level:gobierno_nivel,TAB-Universidad Politécnica del Golfo de México,TAB,GE,TAB,16
1875,state|24||organismo|INSTITUTO DE LAS MUJERES,1,state,24,,,organismo,INSTITUTO DE LAS MUJERES,high,state:state_code;level:gobierno_nivel,SLP-Instituto de las Mujeres,SLP,GE,SLP,55
1876,state|29||universidad tecnologica|UNIVERSIDAD TECNOLOGICA,2,state,29,,,universidad tecnologica,UNIVERSIDAD TECNOLOGICA,high,state:state_code;level:gobierno_nivel,TLAX-Universidad Tecnológica de Tlaxcala,TLAX,GE,TLAX,33
1877,municipal|13|13019|ayuntamiento|,2,municipal,13,13019,Chilcuautla,ayuntamiento,,high,state:state_code;level:gobierno_nivel;muni:inegi;singleton-body,HGO-Presidencia Municipal de Chilcuautla,HGO,GM,HGO,45
1878,municipal|16|16065|ayuntamiento|,1,municipal,16,16065,Paracho,ayuntamiento,,high,state:state_code;level:gobierno_nivel;muni:inegi;singleton-body,MICH-Presidencia Municipal de Paracho,MICH,GM,MICH,97
1879,state|26||secretaria|SECRETARIA DE HACIENDA,2,state,26,,,secretaria,SECRETARIA DE HACIENDA,high,state:state_code;level:gobierno_nivel,SON-Secretaría de Hacienda,SON,GE,SON,49
1880,,,autonomous,,,,organismo,COMISION NACIONAL DE HIDROCARBUROS,n/a,level:gobierno_nivel,Comisión Nacional de Hidrocarburos,CNH,APF,,235
1881,municipal|10|10001|ayuntamiento|,2,municipal,10,10001,Canatlán,ayuntamiento,,high,state:state_code;level:gobierno_nivel;muni:inegi;singleton-body,DGO-Presidencia Municipal de Canatlán,DGO,GM,DGO,95
1882,state|06||organismo|INSTITUTO DE LAS MUJERES,1,state,06,,,organismo,INSTITUTO DE LAS MUJERES,medium,state:state_code;level:gobierno_nivel;gentilicio-stripped,COL-Instituto Colimense de las Mujeres,COL,GE,COL,75
1883,municipal|11|11019|ayuntamiento|,1,municipal,11,11019,Jerécuaro,ayuntamiento,,high,state:state_code;level:gobierno_nivel;muni:inegi;singleton-body,GTO-Presidencia Municipal de Jerécuaro,GTO,GM,GTO,11
1884,state|31||poder judicial|,2,state,31,,,poder judicial,,high,state:state_code;level:gobierno_nivel;singleton-body,YUC-Poder Judicial,YUC,GE,YUC,4
1885,state|26||organismo|EL COLEGIO,2,state,26,,,organismo,EL COLEGIO,high,state:state_code;level:gobierno_nivel,SON-El Colegio de Sonora,SON,GE,SON,11
1886,municipal|11|11013|ayuntamiento|,1,municipal,11,11013,Doctor Mora,ayuntamiento,,high,state:state_code;level:gobierno_nivel;muni:inegi;singleton-body,GTO-Presidencia Municipal de Doctor Mora,GTO,GM,GTO,33
1887,municipal|01|01005|ayuntamiento|,1,municipal,01,01005,Jesús María,ayuntamiento,,high,state:state_code;level:gobierno_nivel;muni:inegi;singleton-body,AGS-Presidencia Municipal de Jesús María,AGS,GM,AGS,28
1888,municipal|19|19049|ayuntamiento|,1,municipal,19,19049,Santiago,ayuntamiento,,high,state:state_code;level:gobierno_nivel;muni:inegi;singleton-body,NL-Presidencia Municipal de Santiago,NL,GM,NL,57
1889,municipal|20|20108|ayuntamiento|,1,municipal,20,20108,San Antonio Huitepec,ayuntamiento,,high,state:state_code;level:gobierno_nivel;muni:inegi;singleton-body,OAX-Presidencia Municipal de San Antonio Huitepec,OAX,GM,OAX,4
1890,municipal|29|29025|ayuntamiento|,1,municipal,29,29025,San Pablo del Monte,ayuntamiento,,high,state:state_code;level:gobierno_nivel;muni:inegi;singleton-body,TLAX-Presidencia Municipal de San Pablo del Monte,TLAX,GM,TLAX,9
1891,municipal|21|21057|ayuntamiento|,2,municipal,21,21057,Honey,ayuntamiento,,high,state:state_code;level:gobierno_nivel;muni:inegi;singleton-body,PUE-Presidencia Municipal de Honey,PUE,GM,PUE,29
1892,municipal|16|16083|ayuntamiento|,1,municipal,16,16083,Tancítaro,ayuntamiento,,high,state:state_code;level:gobierno_nivel;muni:inegi;singleton-body,MICH-Presidencia Municipal de Tancítaro,MICH,GM,MICH,19
1893,municipal|05|05025|ayuntamiento|,3,municipal,05,05025,Piedras Negras,ayuntamiento,,high,state:state_code;level:gobierno_nivel;muni:inegi;singleton-body,COAH-Presidencia Municipal de Piedras Negras,COAH,GM,COAH,22
1894,municipal|21|21202|ayuntamiento|,1,municipal,21,21202,Xochitlán de Vicente Suárez,ayuntamiento,,high,state:state_code;level:gobierno_nivel;muni:inegi;singleton-body,PUE-Presidencia Municipal de Xochitlán de Vicente Suárez,PUE,GM,PUE,12
1895,state|09||organismo|INSTITUTO PARA LA ATENCION Y PREVENCION DE LAS ADICCIONES,1,state,09,,,organismo,INSTITUTO PARA LA ATENCION Y PREVENCION DE LAS ADICCIONES,high,state:state_code;level:gobierno_nivel,CDMX-Instituto para la Atención y Prevención de las Adicciones,CDMX,GE,CDMX,1
1896,municipal|24|24050|ayuntamiento|,1,municipal,24,24050,Villa de Reyes,ayuntamiento,,high,state:state_code;level:gobierno_nivel;muni:inegi;singleton-body,SLP-Presidencia Municipal de Villa de Reyes,SLP,GM,SLP,22
1897,municipal|19|19042|ayuntamiento|,2,municipal,19,19042,Los Ramones,ayuntamiento,,high,state:state_code;level:gobierno_nivel;muni:inegi;singleton-body,NL-Presidencia Municipal de Los Ramones,NL,GM,NL,14
1898,municipal|16|16058|ayuntamiento|,1,municipal,16,16058,Nuevo Parangaricutiro,ayuntamiento,,high,state:state_code;level:gobierno_nivel;muni:inegi;singleton-body,MICH-Presidencia Municipal de Nuevo Parangaricutiro,MICH,GM,MICH,11
1899,municipal|12|12052|ayuntamiento|,1,municipal,12,12052,San Luis Acatlán,ayuntamiento,,high,state:state_code;level:gobierno_nivel;muni:inegi;singleton-body,GRO-Presidencia Municipal de San Luis Acatlán,GRO,GM,GRO,9
1900,municipal|13|13028|ayuntamiento|,2,municipal,13,13028,Huejutla de Reyes,ayuntamiento,,high,state:state_code;level:gobierno_nivel;muni:inegi;singleton-body,HGO-Presidencia Municipal de Huejutla de Reyes,HGO,GM,HGO,253
1901,municipal|31|31033|ayuntamiento|,1,municipal,31,31033,Halachó,ayuntamiento,,high,state:state_code;level:gobierno_nivel;muni:inegi;singleton-body,YUC-Presidencia Municipal de Halachó,YUC,GM,YUC,4
1902,state|04||secretaria|SECRETARIA DE EDUCACION,1,state,04,,,secretaria,SECRETARIA DE EDUCACION,high,state:state_code;level:gobierno_nivel,CAMP-Secretaría de Educación,CAMP,GE,CAMP,12
1903,,,federal,,,,organismo,FONATUR CONSTRUCTORA,n/a,level:gobierno_nivel,"FONATUR Constructora, S.A. de C.V.",FONATUR Constructora,APF,,1011
1904,state|23||universidad politecnica|UNIVERSIDAD POLITECNICA DE BACALAR,2,state,23,,,universidad politecnica,UNIVERSIDAD POLITECNICA DE BACALAR,high,state:name-prefix;level:gobierno_nivel,Q ROO-Universidad Politécnica de Bacalar,Q ROO,GE,,10
1905,,,federal,,,,organismo,COMISION NACIONAL DE LAS ZONAS ARIDAS,n/a,level:gobierno_nivel,Comisión Nacional de las Zonas Áridas,CONAZA,APF,,919
1906,state|12||secretaria|SECRETARIA DE FINANZAS Y ADMINISTRACION,2,state,12,,,secretaria,SECRETARIA DE FINANZAS Y ADMINISTRACION,high,state:state_code;level:gobierno_nivel,GRO-Secretaría de Finanzas y Administración (Gro),GRO,GE,GRO,54
1907,municipal|19|19040|ayuntamiento|,1,municipal,19,19040,Parás,ayuntamiento,,high,state:state_code;level:gobierno_nivel;muni:inegi;singleton-body,NL-Presidencia Municipal de Parás,NL,GM,NL,8
1908,municipal|21|21132|organismo de agua|SISTEMA OPERADOR DE LOS SERVICIOS DE AGUA POTABLE Y ALCANTARILLADO T,1,municipal,21,21132,San Martín Texmelucan,organismo de agua,SISTEMA OPERADOR DE LOS SERVICIOS DE AGUA POTABLE Y ALCANTARILLADO T,high,state:state_code;level:gobierno_nivel;muni:inegi,PUE-Sistema Operador de los Servicios de Agua Potable y Alcantarillado del municipio de San Martín Texmelucan T,PUE,GM,PUE,16
1909,municipal|09|09009|organismo|ALCALDIA,1,municipal,09,09009,Milpa Alta,organismo,ALCALDIA,high,state:state_code;level:gobierno_nivel;muni:inegi,CDMX-Alcaldía de Milpa Alta,CDMX,GM,CDMX,46
1910,municipal|25|25003|organismo de agua|JUNTA DE AGUA POTABLE Y ALCANTARILLADO,1,municipal,25,25003,Badiraguato,organismo de agua,JUNTA DE AGUA POTABLE Y ALCANTARILLADO,high,state:state_code;level:gobierno_nivel;muni:inegi,SIN-JUNTA DE AGUA POTABLE Y ALCANTARILLADO DE BADIRAGUATO,SIN,GM,SIN,21
1911,municipal|21|21120|ayuntamiento|,1,municipal,21,21120,San Antonio Cañada,ayuntamiento,,high,state:state_code;level:gobierno_nivel;muni:inegi;singleton-body,PUE-Presidencia Municipal de San Antonio Cañada,PUE,GM,PUE,24
1912,state|23||secretaria|SECRETARIA DE DESARROLLO TERRITORIAL URBANO SUSTENTABLE,1,state,23,,,secretaria,SECRETARIA DE DESARROLLO TERRITORIAL URBANO SUSTENTABLE,high,state:name-prefix;level:gobierno_nivel,Q ROO-Secretaría de Desarrollo Territorial Urbano Sustentable,Q ROO,GE,,21
1913,municipal|32|32024|ayuntamiento|,1,municipal,32,32024,Loreto,ayuntamiento,,high,state:state_code;level:gobierno_nivel;muni:inegi;singleton-body,ZAC-Presidencia Municipal de Loreto,ZAC,GM,ZAC,34
1914,state|24||organismo|PATRONATO PARA LA ORGANIZACION DIFUSION Y ADMINISTRACION DE LA FERIA NACIONAL,2,state,24,,,organismo,PATRONATO PARA LA ORGANIZACION DIFUSION Y ADMINISTRACION DE LA FERIA NACIONAL,medium,state:state_code;level:gobierno_nivel;gentilicio-stripped,"SLP-Patronato para la Organización, Difusión y Administración de la Feria Nacional Potosina",SLP,GE,SLP,21
1915,state|29||infraestructura educativa|INSTITUTO DE LA INFRAESTRUCTURA FISICA EDUCATIVA,2,state,29,,,infraestructura educativa,INSTITUTO DE LA INFRAESTRUCTURA FISICA EDUCATIVA,medium,state:state_code;level:gobierno_nivel;gentilicio-stripped,TLAX-Instituto Tlaxcalteca de la Infraestructura Física Educativa,TLAX,GE,TLAX,288
1916,state|07||organismo|CONSEJO DE LA JUDICATURA,2,state,07,,,organismo,CONSEJO DE LA JUDICATURA,high,state:state_code;level:gobierno_nivel,CHIS-Consejo de la Judicatura,CHIS,GE,CHIS,64
1917,state|29||organismo|SALUD,1,state,29,,,organismo,SALUD,high,state:state_code;level:gobierno_nivel,TLAX-Salud de Tlaxcala,TLAX,GE,TLAX,14
1918,municipal|21|21125|ayuntamiento|,1,municipal,21,21125,San Gregorio Atzompa,ayuntamiento,,high,state:state_code;level:gobierno_nivel;muni:inegi;singleton-body,PUE-Presidencia Municipal de San Gregorio Atzompa,PUE,GM,PUE,25
1919,,,federal,,,,organismo,XE IPN CANAL 11,n/a,level:gobierno_nivel,XE-IPN Canal 11,OnceTV,APF,,22876
1920,municipal|18|18017|organismo de agua|SISTEMA INTEGRAL DE AGUA POTABLE Y ALCANTARILLADO,2,municipal,18,18017,Tepic,organismo de agua,SISTEMA INTEGRAL DE AGUA POTABLE Y ALCANTARILLADO,high,state:state_code;level:gobierno_nivel;muni:inegi,NAY-SISTEMA INTEGRAL DE AGUA POTABLE Y ALCANTARILLADO DE TEPIC NAYARIT,NAY,GM,NAY,29
1921,municipal|10|10012|organismo de agua|SISTEMA DE AGUA POTABLE Y ALCANTARILLADO DGO,1,municipal,10,10012,Lerdo,organismo de agua,SISTEMA DE AGUA POTABLE Y ALCANTARILLADO DGO,high,state:state_code;level:gobierno_nivel;muni:inegi,"DGO-Sistema de Agua Potable y Alcantarillado del Municipio de Lerdo, Dgo., (S.A.P.A.L.)",DGO,GM,DGO,11
1922,municipal|16|16063|ayuntamiento|,1,municipal,16,16063,Panindícuaro,ayuntamiento,,high,state:state_code;level:gobierno_nivel;muni:inegi;singleton-body,MICH-Presidencia Municipal de Panindícuaro,MICH,GM,MICH,60
1923,municipal|27|27001|ayuntamiento|,2,municipal,27,27001,Balancán,ayuntamiento,,high,state:state_code;level:gobierno_nivel;muni:inegi;singleton-body,TAB-Presidencia Municipal de Balancán,TAB,GM,TAB,68
1924,state|23||organismo|INSTITUTO DE LA MUJER,2,state,23,,,organismo,INSTITUTO DE LA MUJER,medium,state:name-prefix;level:gobierno_nivel;gentilicio-stripped,Q ROO-Instituto Quintanarroense de la Mujer,Q ROO,GE,,27
1925,state|05||organismo|CONSEJO DE SEGURIDAD PUBLICA,2,state,05,,,organismo,CONSEJO DE SEGURIDAD PUBLICA,high,state:state_code;level:gobierno_nivel,COAH-Consejo Estatal de Seguridad Pública,COAH,GE,COAH,2
1926,state|21||universidad tecnologica|UNIVERSIDAD TECNOLOGICA DE TECAMACHALCO,2,state,21,,,universidad tecnologica,UNIVERSIDAD TECNOLOGICA DE TECAMACHALCO,high,state:state_code;level:gobierno_nivel,PUE-Universidad Tecnológica de Tecamachalco,PUE,GE,PUE,67
1927,municipal|21|21019|ayuntamiento|,2,municipal,21,21019,Atlixco,ayuntamiento,,high,state:state_code;level:gobierno_nivel;muni:inegi;singleton-body,PUE-Presidencia Municipal de Atlixco,PUE,GM,PUE,356
1928,state|23||secretaria|SECRETARIA DE TURISMO,2,state,23,,,secretaria,SECRETARIA DE TURISMO,high,state:name-prefix;level:gobierno_nivel,Q ROO-Secretaría de Turismo,Q ROO,GE,,39
1929,municipal|21|21016|ayuntamiento|,1,municipal,21,21016,Aquixtla,ayuntamiento,,high,state:state_code;level:gobierno_nivel;muni:inegi;singleton-body,PUE-Presidencia Municipal de Aquixtla,PUE,GM,PUE,25
1930,state|13||universidad politecnica|UNIVERSIDAD POLITECNICA DE PACHUCA,2,state,13,,,universidad politecnica,UNIVERSIDAD POLITECNICA DE PACHUCA,high,state:state_code;level:gobierno_nivel,HGO-Universidad Politécnica de Pachuca,HGO,GE,HGO,19
1931,municipal|10|10012|ayuntamiento|,1,municipal,10,10012,Lerdo,ayuntamiento,,high,state:state_code;level:gobierno_nivel;muni:inegi;singleton-body,DGO-Presidencia Municipal de Lerdo,DGO,GM,DGO,21
1932,state|26||tecnologico superior (estatal)|INSTITUTO TECNOLOGICO SUPERIOR DE PUERTO PENASCO,1,state,26,,,tecnologico superior (estatal),INSTITUTO TECNOLOGICO SUPERIOR DE PUERTO PENASCO,high,state:state_code;level:gobierno_nivel,SON-Instituto Tecnológico Superior de Puerto Peñasco,SON,GE,SON,1
1933,state|01||organismo|INSTITUTO ELECTORAL DE AGUSCALIENTES,1,state,01,,,organismo,INSTITUTO ELECTORAL DE AGUSCALIENTES,high,state:state_code;level:gobierno_nivel,AGS-Instituto Estatal Electoral de Aguscalientes,AGS,GE,AGS,2
1934,municipal|16|16018|ayuntamiento|,1,municipal,16,16018,Copándaro,ayuntamiento,,high,state:state_code;level:gobierno_nivel;muni:inegi;singleton-body,MICH-Presidencia Municipal de Copándaro,MICH,GM,MICH,8
1935,state|10||secretaria|SECRETARIA DE FINANZAS Y DE ADMINISTRACION,1,state,10,,,secretaria,SECRETARIA DE FINANZAS Y DE ADMINISTRACION,high,state:state_code;level:gobierno_nivel,DGO-Secretaría de Finanzas y de Administración,DGO,GE,DGO,18
1936,municipal|07|07104|ayuntamiento|,1,municipal,07,07104,Tzimol,ayuntamiento,,high,state:state_code;level:gobierno_nivel;muni:inegi;singleton-body,CHIS-Presidencia Municipal de Tzimol,CHIS,GM,CHIS,3
1937,municipal|19|19033|ayuntamiento|,2,municipal,19,19033,Linares,ayuntamiento,,high,state:state_code;level:gobierno_nivel;muni:inegi;singleton-body,NL-Presidencia Municipal de Linares,NL,GM,NL,81
1938,state|10||instituto tecnologico (TecNM federal)|INSTITUTO TECNOLOGICO DE SANTIAGO PAPASQUIARO,1,state,10,,,instituto tecnologico (TecNM federal),INSTITUTO TECNOLOGICO DE SANTIAGO PAPASQUIARO,high,state:state_code;level:gobierno_nivel,DGO-Instituto Tecnológico de Santiago Papasquiaro,DGO,GE,DGO,1
1939,state|10||secretaria|SECRETARIA EJECUTIVA DEL CONSEJO ESTATAL DE SEGURIDAD PUBLICA,1,state,10,,,secretaria,SECRETARIA EJECUTIVA DEL CONSEJO ESTATAL DE SEGURIDAD PUBLICA,high,state:state_code;level:gobierno_nivel,DGO-Secretaría Ejecutiva del Consejo Estatal de Seguridad Pública,DGO,GE,DGO,74
1940,"municipal|26|TXT:ORGANISMO OPERADOR MUNICIPAL DE AGUA POTABLE , ALCANTARILLADO Y SANEAMIENTO|organismo de agua|ORGANISMO OPERADOR MUNICIPAL DE AGUA POTABLE ALCANTARILLADO Y SANEAMIENTO",1,municipal,26,"TXT:ORGANISMO OPERADOR MUNICIPAL DE AGUA POTABLE , ALCANTARILLADO Y SANEAMIENTO",,organismo de agua,ORGANISMO OPERADOR MUNICIPAL DE AGUA POTABLE ALCANTARILLADO Y SANEAMIENTO,low,state:state_code;level:gobierno_nivel;muni:unresolved,"SON-ORGANISMO OPERADOR MUNICIPAL DE AGUA POTABLE, ALCANTARILLADO Y SANEAMIENTO",SON,GM,SON,54
1941,,,federal,,,,organismo,COMISION NACIONAL PARA EL USO EFICIENTE DE LA ENERGIA,n/a,level:gobierno_nivel,Comisión Nacional para el Uso Eficiente de la Energía,CONUEE,APF,,763
1942,municipal|08|08020|ayuntamiento|,1,municipal,08,08020,Chínipas,ayuntamiento,,high,state:state_code;level:gobierno_nivel;muni:inegi;singleton-body,CHIH-Presidencia Municipal de Chínipas,CHIH,GM,CHIH,12
1943,municipal|31|31001|ayuntamiento|,1,municipal,31,31001,Abalá,ayuntamiento,,high,state:state_code;level:gobierno_nivel;muni:inegi;singleton-body,YUC-Presidencia Municipal de Abalá,YUC,GM,YUC,4
1944,state|19||conalep estatal|COLEGIO DE EDUCACION PROFESIONAL TECNICA,1,state,19,,,conalep estatal,COLEGIO DE EDUCACION PROFESIONAL TECNICA,high,state:state_code;level:gobierno_nivel,NL-Colegio de Educación Profesional Técnica de Nuevo León,NL,GE,NL,4
1945,state|23||universidad tecnologica|UNIVERSIDAD TECNOLOGICA DE CANCUN,2,state,23,,,universidad tecnologica,UNIVERSIDAD TECNOLOGICA DE CANCUN,high,state:name-prefix;level:gobierno_nivel,Q ROO-Universidad Tecnológica de Cancún,Q ROO,GE,,111
1946,municipal|25|25012|organismo de agua|JUNTA MUNICIPAL DE AGUA POTABLE Y ALC,1,municipal,25,25012,Mazatlán,organismo de agua,JUNTA MUNICIPAL DE AGUA POTABLE Y ALC,high,state:state_code;level:gobierno_nivel;muni:inegi,SIN-JUNTA MUNICIPAL DE AGUA POTABLE Y ALC. DE MAZATLÁN,SIN,GM,SIN,59
1947,municipal|13|13004|ayuntamiento|,1,municipal,13,13004,Agua Blanca de Iturbide,ayuntamiento,,high,state:state_code;level:gobierno_nivel;muni:inegi;singleton-body,HGO-Presidencia Municipal de Agua Blanca de Iturbide,HGO,GM,HGO,63
1948,municipal|11|11010|ayuntamiento|,1,municipal,11,11010,Coroneo,ayuntamiento,,high,state:state_code;level:gobierno_nivel;muni:inegi;singleton-body,GTO-Presidencia Municipal de Coroneo,GTO,GM,GTO,54
1949,state|20||secretaria|SECRETARIA DE FINANZAS,1,state,20,,,secretaria,SECRETARIA DE FINANZAS,high,state:state_code;level:gobierno_nivel,OAX-Secretaría de Finanzas,OAX,GE,OAX,3
1950,municipal|17|17020|ayuntamiento|,2,municipal,17,17020,Tepoztlán,ayuntamiento,,high,state:state_code;level:gobierno_nivel;muni:inegi;singleton-body,MOR-Presidencia Municipal de Tepoztlán,MOR,GM,MOR,16
1951,state|01||cecyte|COLEGIO DE ESTUDIOS CIENTIFICOS Y TECNOLOGICOS,2,state,01,,,cecyte,COLEGIO DE ESTUDIOS CIENTIFICOS Y TECNOLOGICOS,high,state:state_code;level:gobierno_nivel,AGS-Colegio de Estudios Científicos y Tecnológicos del Estado de Aguascalientes,AGS,GE,AGS,115
1952,state|21||universidad tecnologica|UNIVERSIDAD TECNOLOGICA DE TEHUACAN,1,state,21,,,universidad tecnologica,UNIVERSIDAD TECNOLOGICA DE TEHUACAN,high,state:state_code;level:gobierno_nivel,PUE-Universidad Tecnológica de Tehuacán,PUE,GE,PUE,29
1953,municipal|16|16088|ayuntamiento|,1,municipal,16,16088,Tarímbaro,ayuntamiento,,high,state:state_code;level:gobierno_nivel;muni:inegi;singleton-body,MICH-Presidencia Municipal de Tarímbaro,MICH,GM,MICH,33
1954,municipal|11|11014|ayuntamiento|,2,municipal,11,11014,Dolores Hidalgo Cuna de la Independencia Nacional,ayuntamiento,,high,state:state_code;level:gobierno_nivel;muni:inegi;singleton-body,GTO-Presidencia Municipal de Dolores Hidalgo Cuna de la Independencia Nacional,GTO,GM,GTO,105
1955,municipal|06|06007|ayuntamiento|,2,municipal,06,06007,Manzanillo,ayuntamiento,,high,state:state_code;level:gobierno_nivel;muni:inegi;singleton-body,COL-Presidencia Municipal de Manzanillo,COL,GM,COL,59
1956,state|27||secretaria|SECRETARIA DE SEGURIDAD PUBLICA,1,state,27,,,secretaria,SECRETARIA DE SEGURIDAD PUBLICA,high,state:state_code;level:gobierno_nivel,TAB-Secretaría de Seguridad Pública,TAB,GE,TAB,73
1957,municipal|19|19032|ayuntamiento|,1,municipal,19,19032,Lampazos de Naranjo,ayuntamiento,,high,state:state_code;level:gobierno_nivel;muni:inegi;singleton-body,NL-Presidencia Municipal de Lampazos de Naranjo,NL,GM,NL,23
1958,state|15||secretaria|SECRETARIA DE DESARROLLO AGROPECUARIO,2,state,15,,,secretaria,SECRETARIA DE DESARROLLO AGROPECUARIO,high,state:state_code;level:gobierno_nivel,MEX-Secretaría de Desarrollo Agropecuario,MEX,GE,MEX,8
1959,municipal|30|30143|ayuntamiento|,1,municipal,30,30143,Santiago Tuxtla,ayuntamiento,,high,state:state_code;level:gobierno_nivel;muni:inegi;singleton-body,VER-Presidencia Municipal de Santiago Tuxtla,VER,GM,VER,17
1960,municipal|21|21018|ayuntamiento|,1,municipal,21,21018,Atexcal,ayuntamiento,,high,state:state_code;level:gobierno_nivel;muni:inegi;singleton-body,PUE-Presidencia Municipal de Atexcal,PUE,GM,PUE,21
1961,municipal|20|20229|ayuntamiento|,2,municipal,20,20229,San Lorenzo Texmelúcan,ayuntamiento,,high,state:state_code;level:gobierno_nivel;muni:inegi;singleton-body,OAX-Presidencia Municipal de San Lorenzo Texmelúcan,OAX,GM,OAX,5
1962,municipal|18|18006|ayuntamiento|,2,municipal,18,18006,Ixtlán del Río,ayuntamiento,,high,state:state_code;level:gobierno_nivel;muni:inegi;singleton-body,NAY-Presidencia Municipal de Ixtlán del Río,NAY,GM,NAY,39
1963,municipal|27|27007|ayuntamiento|,2,municipal,27,27007,Emiliano Zapata,ayuntamiento,,high,state:state_code;level:gobierno_nivel;muni:inegi;singleton-body,TAB-Presidencia Municipal de Emiliano Zapata,TAB,GM,TAB,59
1964,municipal|14|14120|ayuntamiento|,1,municipal,14,14120,Zapopan,ayuntamiento,,high,state:state_code;level:gobierno_nivel;muni:inegi;singleton-body,JAL-Presidencia Municipal de Zapopan,JAL,GM,JAL,150
1965,state|31||organismo|INSTITUTO DE SEGURIDAD JURIDICA PATRIMONIAL,2,state,31,,,organismo,INSTITUTO DE SEGURIDAD JURIDICA PATRIMONIAL,high,state:state_code;level:gobierno_nivel,YUC-Instituto de Seguridad Jurídica Patrimonial de Yucatán,YUC,GE,YUC,3
1966,municipal|11|11008|organismo de agua|SISTEMA MUNICIPAL DE AGUA POTABLE Y ALCANTARILLADO,1,municipal,11,11008,Manuel Doblado,organismo de agua,SISTEMA MUNICIPAL DE AGUA POTABLE Y ALCANTARILLADO,high,state:state_code;level:gobierno_nivel;muni:inegi,GTO-Sistema Municipal de Agua Potable y Alcantarillado de Manuel Doblado,GTO,GM,GTO,25
1967,state|26||conalep estatal|COLEGIO DE EDUCACION PROFESIONAL TECNICA,1,state,26,,,conalep estatal,COLEGIO DE EDUCACION PROFESIONAL TECNICA,high,state:state_code;level:gobierno_nivel,SON-Colegio de Educación Profesional Técnica del Estado de Sonora,SON,GE,SON,7
1968,state|10||colegio de bachilleres|COLEGIO DE BACHILLERES,2,state,10,,,colegio de bachilleres,COLEGIO DE BACHILLERES,high,state:state_code;level:gobierno_nivel,DGO-Colegio de Bachilleres del Estado de Durango,DGO,GE,DGO,77
1969,municipal|01|01002|ayuntamiento|,2,municipal,01,01002,Asientos,ayuntamiento,,high,state:state_code;level:gobierno_nivel;muni:inegi;singleton-body,AGS-Presidencia Municipal de Asientos,AGS,GM,AGS,98
1970,state|14||hospital|HOSPITAL CIVIL DE GUADALAJARA,2,state,14,,,hospital,HOSPITAL CIVIL DE GUADALAJARA,high,state:state_code;level:gobierno_nivel,JAL-Hospital Civil de Guadalajara,JAL,GE,JAL,21
1971,municipal|15|15064|ayuntamiento|,2,municipal,15,15064,El Oro,ayuntamiento,,high,state:state_code;level:gobierno_nivel;muni:inegi;singleton-body,MEX-Presidencia Municipal de El Oro,MEX,GM,MEX,78
1972,state|23||organismo|INSTITUTO PARA LA EDUCACION DE LOS JOVENES Y LOS ADULTOS,1,state,23,,,organismo,INSTITUTO PARA LA EDUCACION DE LOS JOVENES Y LOS ADULTOS,high,state:name-prefix;level:gobierno_nivel,Q ROO-Instituto Estatal para la Educación de los Jóvenes y los Adultos,Q ROO,GE,,16
1973,municipal|11|11009|ayuntamiento|,1,municipal,11,11009,Comonfort,ayuntamiento,,high,state:state_code;level:gobierno_nivel;muni:inegi;singleton-body,GTO-Presidencia Municipal de Comonfort,GTO,GM,GTO,18
1974,state|11||cecyte|COLEGIO DE ESTUDIOS CIENTIFICOS Y TECNOLOGICOS,2,state,11,,,cecyte,COLEGIO DE ESTUDIOS CIENTIFICOS Y TECNOLOGICOS,high,state:state_code;level:gobierno_nivel,GTO-Colegio de Estudios Científicos y Tecnológicos del Estado de Guanajuato,GTO,GE,GTO,147
1975,municipal|19|19045|ayuntamiento|,1,municipal,19,19045,Salinas Victoria,ayuntamiento,,high,state:state_code;level:gobierno_nivel;muni:inegi;singleton-body,NL-Presidencia Municipal de Salinas Victoria,NL,GM,NL,26
1976,municipal|30|30038|ayuntamiento|,2,municipal,30,30038,Coatepec,ayuntamiento,,high,state:state_code;level:gobierno_nivel;muni:inegi;singleton-body,VER-Presidencia Municipal de Coatepec,VER,GM,VER,24
1977,municipal|32|32048|ayuntamiento|,1,municipal,32,32048,Tlaltenango de Sánchez Román,ayuntamiento,,high,state:state_code;level:gobierno_nivel;muni:inegi;singleton-body,ZAC-Presidencia Municipal de Tlaltenango de Sánchez Román,ZAC,GM,ZAC,6
1978,municipal|25|25005|organismo de agua|JUNTA DE AGUA POTABLE Y ALCANTARILLADO,1,municipal,25,25005,Cosalá,organismo de agua,JUNTA DE AGUA POTABLE Y ALCANTARILLADO,high,state:state_code;level:gobierno_nivel;muni:inegi,SIN-JUNTA DE AGUA POTABLE Y ALCANTARILLADO DE COSALÁ,SIN,GM,SIN,14
1979,municipal|20|20543|ayuntamiento|,1,municipal,20,20543,Tataltepec de Valdés,ayuntamiento,,high,state:state_code;level:gobierno_nivel;muni:inegi;singleton-body,OAX-Presidencia Municipal de Tataltepec de Valdés,OAX,GM,OAX,6
1980,state|17||organismo|SISTEMA PARA EL DESARROLLO IINTEGRAL DE LA FAMILIA,2,state,17,,,organismo,SISTEMA PARA EL DESARROLLO IINTEGRAL DE LA FAMILIA,high,state:state_code;level:gobierno_nivel,MOR-Sistema para el Desarrollo Iintegral de la Familia Morelos,MOR,GE,MOR,14
1981,municipal|20|20042|ayuntamiento|,1,municipal,20,20042,Ixtlán de Juárez,ayuntamiento,,high,state:state_code;level:gobierno_nivel;muni:inegi;singleton-body,OAX-Presidencia Municipal de Ixtlán de Juárez,OAX,GM,OAX,8
1982,state|20||secretaria|SECRETARIA DE SEGURIDAD PUBLICA,1,state,20,,,secretaria,SECRETARIA DE SEGURIDAD PUBLICA,high,state:state_code;level:gobierno_nivel,OAX-Secretaría de Seguridad Pública,OAX,GE,OAX,5
1983,municipal|27|27017|ayuntamiento|,2,municipal,27,27017,Tenosique,ayuntamiento,,high,state:state_code;level:gobierno_nivel;muni:inegi;singleton-body,TAB-Presidencia Municipal de Tenosique,TAB,GM,TAB,170
1984,state|26||organismo|CENTRO DE EVALUACION Y CONTROL DE CONFIANZA,1,state,26,,,organismo,CENTRO DE EVALUACION Y CONTROL DE CONFIANZA,high,state:state_code;level:gobierno_nivel,SON-Centro de Evaluación y Control de Confianza del Estado de Sonora,SON,GE,SON,3
1985,municipal|21|21014|ayuntamiento|,1,municipal,21,21014,Amixtlán,ayuntamiento,,high,state:state_code;level:gobierno_nivel;muni:inegi;singleton-body,PUE-Presidencia Municipal de Amixtlán,PUE,GM,PUE,7
1986,municipal|31|31094|ayuntamiento|,1,municipal,31,31094,Tixméhuac,ayuntamiento,,high,state:state_code;level:gobierno_nivel;muni:inegi;singleton-body,YUC-Presidencia Municipal de Tixmehuac,YUC,GM,YUC,1
1987,municipal|13|13026|ayuntamiento|,1,municipal,13,13026,Huazalingo,ayuntamiento,,high,state:state_code;level:gobierno_nivel;muni:inegi;singleton-body,HGO-Presidencia Municipal de Huazalingo,HGO,GM,HGO,9
1988,municipal|16|16020|ayuntamiento|,2,municipal,16,16020,Cuitzeo,ayuntamiento,,high,state:state_code;level:gobierno_nivel;muni:inegi;singleton-body,MICH-Presidencia Municipal de Cuitzeo,MICH,GM,MICH,23
1989,state|31||organismo|INSTITUTO DE VIVIENDA,2,state,31,,,organismo,INSTITUTO DE VIVIENDA,high,state:state_code;level:gobierno_nivel,YUC-Instituto de Vivienda del Estado de Yucatán,YUC,GE,YUC,21
1990,municipal|16|16035|ayuntamiento|,1,municipal,16,16035,La Huacana,ayuntamiento,,high,state:state_code;level:gobierno_nivel;muni:inegi;singleton-body,MICH-Presidencia Municipal de La Huacana,MICH,GM,MICH,47
1991,municipal|11|11037|organismo de agua|SISTEMA DE AGUA POTABLE Y ALCANTARILLADO,2,municipal,11,11037,Silao de la Victoria,organismo de agua,SISTEMA DE AGUA POTABLE Y ALCANTARILLADO,high,state:state_code;level:gobierno_nivel;muni:inegi,GTO-Sistema de Agua Potable y Alcantarillado de Silao,GTO,GM,GTO,8
1992,municipal|19|19035|ayuntamiento|,1,municipal,19,19035,Melchor Ocampo,ayuntamiento,,high,state:state_code;level:gobierno_nivel;muni:inegi;singleton-body,NL-Presidencia Municipal de Melchor Ocampo,NL,GM,NL,17
1993,state|30||organismo|COMISION DE ESPACIOS DE SALUD,1,state,30,,,organismo,COMISION DE ESPACIOS DE SALUD,high,state:state_code;level:gobierno_nivel,VER-Comisión de Espacios de Salud,VER,GE,VER,23
1994,municipal|32|32028|ayuntamiento|,1,municipal,32,32028,Mezquital del Oro,ayuntamiento,,high,state:state_code;level:gobierno_nivel;muni:inegi;singleton-body,ZAC-Presidencia Municipal de Mezquital del Oro,ZAC,GM,ZAC,37
1995,municipal|16|16062|ayuntamiento|,1,municipal,16,16062,Pajacuarán,ayuntamiento,,high,state:state_code;level:gobierno_nivel;muni:inegi;singleton-body,MICH-Presidencia Municipal de Pajacuarán,MICH,GM,MICH,16
1996,municipal|21|21199|ayuntamiento|,1,municipal,21,21199,Xiutetelco,ayuntamiento,,high,state:state_code;level:gobierno_nivel;muni:inegi;singleton-body,PUE-Presidencia Municipal de Xiutetelco,PUE,GM,PUE,9
1997,municipal|11|11030|organismo de agua|JUNTA MUNICIPAL DE AGUA POTABLE Y ALCANTARILLADO,1,municipal,11,11030,San Felipe,organismo de agua,JUNTA MUNICIPAL DE AGUA POTABLE Y ALCANTARILLADO,high,state:state_code;level:gobierno_nivel;muni:inegi,GTO-Junta Municipal de Agua Potable y Alcantarillado de San Felipe,GTO,GM,GTO,21
1998,municipal|21|21147|ayuntamiento|,1,municipal,21,21147,Santa Inés Ahuatempan,ayuntamiento,,high,state:state_code;level:gobierno_nivel;muni:inegi;singleton-body,PUE-Presidencia Municipal de Santa Inés Ahuatempan,PUE,GM,PUE,47
1999,state|02||organismo|COMISION DE SERVICIOS PUBLICOS DE ENSENADA,2,state,02,,,organismo,COMISION DE SERVICIOS PUBLICOS DE ENSENADA,high,state:state_code;level:gobierno_nivel,BC-Comisión Estatal de Servicios Públicos de Ensenada,BC,GE,BC,62
2000,municipal|28|28021|ayuntamiento|,2,municipal,28,28021,El Mante,ayuntamiento,,high,state:name-prefix;level:gobierno_nivel;muni:inegi;singleton-body,TAMPS-Presidencia Municipal de El Mante,TAMPS,GM,,38
2001,municipal|21|21129|ayuntamiento|,1,municipal,21,21129,San José Miahuatlán,ayuntamiento,,high,state:state_code;level:gobierno_nivel;muni:inegi;singleton-body,PUE-Presidencia Municipal de San José Miahuatlán,PUE,GM,PUE,25
2002,municipal|29|29038|ayuntamiento|,1,municipal,29,29038,Tzompantepec,ayuntamiento,,high,state:state_code;level:gobierno_nivel;muni:inegi;singleton-body,TLAX-Presidencia Municipal de Tzompantepec,TLAX,GM,TLAX,2
2003,state|26||organismo|FIDEICOMISO OPERADORA DE PROYECTOS ESTRATEGICOS,1,state,26,,,organismo,FIDEICOMISO OPERADORA DE PROYECTOS ESTRATEGICOS,high,state:state_code;level:gobierno_nivel,SON-Fideicomiso Operadora de Proyectos Estratégicos del Estado de Sonora (IMPULSOR),SON,GE,SON,1
2004,state|26||universidad tecnologica|UNIVERSIDAD TECNOLOGICA DE HERMOSILLO,2,state,26,,,universidad tecnologica,UNIVERSIDAD TECNOLOGICA DE HERMOSILLO,high,state:state_code;level:gobierno_nivel,"SON-Universidad Tecnológica de Hermosillo, Sonora",SON,GE,SON,22
2005,state|15||tecnologico superior (estatal)|TECNOLOGICO DE ESTUDIOS SUPERIORES DE CUAUTITLAN IZCALLI,2,state,15,,,tecnologico superior (estatal),TECNOLOGICO DE ESTUDIOS SUPERIORES DE CUAUTITLAN IZCALLI,high,state:state_code;level:gobierno_nivel,MEX-Tecnológico de Estudios Superiores de Cuautitlán Izcalli,MEX,GE,MEX,5
2006,municipal|15|15118|organismo de agua|ORGANISMO PUBLICO DESCENTRALIZADO PARA LA PRESTACION DE LOS SERVICIOS DE AGUA POTABLE ALCANTARILLADO Y SANEAMIENTO,1,municipal,15,15118,Zinacantepec,organismo de agua,ORGANISMO PUBLICO DESCENTRALIZADO PARA LA PRESTACION DE LOS SERVICIOS DE AGUA POTABLE ALCANTARILLADO Y SANEAMIENTO,high,state:state_code;level:gobierno_nivel;muni:inegi,"MEX-Organismo Público Descentralizado para la Prestacion de los Servicios de Agua Potable, Alcantarillado y Saneamiento de Zinacantepec",MEX,GM,MEX,3
2007,municipal|15|15118|ayuntamiento|,1,municipal,15,15118,Zinacantepec,ayuntamiento,,high,state:state_code;level:gobierno_nivel;muni:inegi;singleton-body,MEX-Presidencia Municipal de Zinacantepec,MEX,GM,MEX,25
2008,municipal|22|22005|ayuntamiento|,1,municipal,22,22005,Colón,ayuntamiento,,high,state:state_code;level:gobierno_nivel;muni:inegi;singleton-body,QRO-Presidencia Municipal de Colón,QRO,GM,QRO,75
2009,municipal|15|15042|ayuntamiento|,2,municipal,15,15042,Ixtlahuaca,ayuntamiento,,high,state:state_code;level:gobierno_nivel;muni:inegi;singleton-body,MEX-Presidencia Municipal de Ixtlahuaca,MEX,GM,MEX,108
2010,municipal|21|21111|ayuntamiento|,1,municipal,21,21111,Pantepec,ayuntamiento,,high,state:state_code;level:gobierno_nivel;muni:inegi;singleton-body,PUE-Presidencia Municipal de Pantepec,PUE,GM,PUE,23
2011,state|15||organismo de agua|COMISION DEL AGUA,2,state,15,,,organismo de agua,COMISION DEL AGUA,high,state:state_code;level:gobierno_nivel,MEX-Comisión del Agua del Estado de México,MEX,GE,MEX,28
2012,municipal|11|11022|ayuntamiento|,1,municipal,11,11022,Ocampo,ayuntamiento,,high,state:state_code;level:gobierno_nivel;muni:inegi;singleton-body,GTO-Presidencia Municipal de Ocampo,GTO,GM,GTO,6
2013,municipal|21|21204|ayuntamiento|,1,municipal,21,21204,Yaonáhuac,ayuntamiento,,high,state:state_code;level:gobierno_nivel;muni:inegi;singleton-body,PUE-Presidencia Municipal de Yaonáhuac,PUE,GM,PUE,17
2014,state|03||secretaria|OFICIALIA MAYOR DE GOBIERNO,1,state,03,,,secretaria,OFICIALIA MAYOR DE GOBIERNO,high,state:state_code;level:gobierno_nivel,BCS-Oficialía Mayor de Gobierno,BCS,GE,BCS,7
2015,state|20||universidad estatal|UNIVERSIDAD DEL ISTMO,3,state,20,,,universidad estatal,UNIVERSIDAD DEL ISTMO,high,state:state_code;level:gobierno_nivel,OAX-Universidad del Istmo,OAX,GE,OAX,13
2016,municipal|21|21094|ayuntamiento|,2,municipal,21,21094,Libres,ayuntamiento,,high,state:state_code;level:gobierno_nivel;muni:inegi;singleton-body,PUE-Presidencia Municipal de Libres,PUE,GM,PUE,67
2017,municipal|21|21024|ayuntamiento|,1,municipal,21,21024,Axutla,ayuntamiento,,high,state:state_code;level:gobierno_nivel;muni:inegi;singleton-body,PUE-Presidencia Municipal de Axutla,PUE,GM,PUE,7
2018,municipal|30|30174|ayuntamiento|,1,municipal,30,30174,Tierra Blanca,ayuntamiento,,high,state:state_code;level:gobierno_nivel;muni:inegi;singleton-body,VER-Presidencia Municipal de Tierra Blanca,VER,GM,VER,1
2019,state|05||organismo|INSTITUTO DE EDUCACION PARA ADULTOS,1,state,05,,,organismo,INSTITUTO DE EDUCACION PARA ADULTOS,high,state:state_code;level:gobierno_nivel,COAH-Instituto Estatal de Educación para Adultos,COAH,GE,COAH,2
2020,municipal|20|20457|ayuntamiento|,1,municipal,20,20457,Santiago Camotlán,ayuntamiento,,high,state:state_code;level:gobierno_nivel;muni:inegi;singleton-body,OAX-Presidencia Municipal de Santiago Camotlán,OAX,GM,OAX,3
2021,municipal|32|32018|ayuntamiento|,2,municipal,32,32018,Huanusco,ayuntamiento,,high,state:state_code;level:gobierno_nivel;muni:inegi;singleton-body,ZAC-Presidencia Municipal de Huanusco,ZAC,GM,ZAC,16
2022,municipal|05|05024|ayuntamiento|,2,municipal,05,05024,Parras,ayuntamiento,,high,state:state_code;level:gobierno_nivel;muni:inegi;singleton-body,COAH-Presidencia Municipal de Parras,COAH,GM,COAH,2
2023,municipal|01|01009|ayuntamiento|,1,municipal,01,01009,Tepezalá,ayuntamiento,,high,state:state_code;level:gobierno_nivel;muni:inegi;singleton-body,AGS-Presidencia Municipal de Tepezalá,AGS,GM,AGS,56
2024,municipal|20|20050|ayuntamiento|,1,municipal,20,20050,Magdalena Peñasco,ayuntamiento,,high,state:state_code;level:gobierno_nivel;muni:inegi;singleton-body,OAX-Presidencia Municipal de Magdalena Peñasco,OAX,GM,OAX,6
2025,municipal|08|08007|ayuntamiento|,1,municipal,08,08007,Balleza,ayuntamiento,,high,state:state_code;level:gobierno_nivel;muni:inegi;singleton-body,CHIH-Presidencia Municipal de Balleza,CHIH,GM,CHIH,25
2026,state|26||universidad tecnologica|UNIVERSIDAD TECNOLOGICA DE ETCHOJOA,1,state,26,,,universidad tecnologica,UNIVERSIDAD TECNOLOGICA DE ETCHOJOA,high,state:state_code;level:gobierno_nivel,SON-Universidad Tecnológica de Etchojoa,SON,GE,SON,6
2027,municipal|21|21118|ayuntamiento|,1,municipal,21,21118,Los Reyes de Juárez,ayuntamiento,,high,state:state_code;level:gobierno_nivel;muni:inegi;singleton-body,PUE-Presidencia Municipal de Los Reyes de Juárez,PUE,GM,PUE,35
2028,state|23||universidad intercultural|UNIVERSIDAD INTERCULTURAL MAYA,1,state,23,,,universidad intercultural,UNIVERSIDAD INTERCULTURAL MAYA,high,state:name-prefix;level:gobierno_nivel,Q ROO-Universidad Intercultural Maya de Quintana Roo,Q ROO,GE,,54
2029,municipal|21|21042|ayuntamiento|,1,municipal,21,21042,Cuayuca de Andrade,ayuntamiento,,high,state:state_code;level:gobierno_nivel;muni:inegi;singleton-body,PUE-Presidencia Municipal de Cuayuca de Andrade,PUE,GM,PUE,28
2030,state|01||organismo|MUSEO INTERACTIVO DE CIENCIA Y TECNOLOGIA,1,state,01,,,organismo,MUSEO INTERACTIVO DE CIENCIA Y TECNOLOGIA,high,state:state_code;level:gobierno_nivel,AGS-Museo Interactivo de Ciencia y Tecnología,AGS,GE,AGS,3
2031,state|02||universidad tecnologica|UNIVERSIDAD TECNOLOGICA DE TIJUANA,2,state,02,,,universidad tecnologica,UNIVERSIDAD TECNOLOGICA DE TIJUANA,high,state:state_code;level:gobierno_nivel,BC-Universidad Tecnológica de Tijuana,BC,GE,BC,22
2032,municipal|21|21149|ayuntamiento|,2,municipal,21,21149,Santiago Miahuatlán,ayuntamiento,,high,state:state_code;level:gobierno_nivel;muni:inegi;singleton-body,PUE-Presidencia Municipal de Santiago Miahuatlán,PUE,GM,PUE,20
2033,state|04||organismo|INSTITUTO DE LA MUJER,2,state,04,,,organismo,INSTITUTO DE LA MUJER,high,state:state_code;level:gobierno_nivel,CAMP-Instituto de la Mujer del Estado de Campeche,CAMP,GE,CAMP,204
2034,municipal|09|09010|organismo|ALCALDIA,1,municipal,09,09010,Álvaro Obregón,organismo,ALCALDIA,high,state:state_code;level:gobierno_nivel;muni:inegi,CDMX-Alcaldía de Álvaro Obregón,CDMX,GM,CDMX,134
2035,state|26||secretaria|SECRETARIA DE GOBIERNO,2,state,26,,,secretaria,SECRETARIA DE GOBIERNO,high,state:state_code;level:gobierno_nivel,SON-Secretaría de Gobierno,SON,GE,SON,6
2036,state|20||universidad tecnologica|UNIVERSIDAD TECNOLOGICA DE LOS VALLES CENTRALES,1,state,20,,,universidad tecnologica,UNIVERSIDAD TECNOLOGICA DE LOS VALLES CENTRALES,high,state:state_code;level:gobierno_nivel,OAX-Universidad Tecnológica de Los Valles Centrales de Oaxaca,OAX,GE,OAX,6
2037,state|19||organismo|INSTITUTO DE LAS MUJERES,2,state,19,,,organismo,INSTITUTO DE LAS MUJERES,high,state:state_code;level:gobierno_nivel,NL-Instituto Estatal de las Mujeres,NL,GE,NL,30
2038,state|05||conalep estatal|COLEGIO DE EDUCACION PROFESIONAL TECNICA,2,state,05,,,conalep estatal,COLEGIO DE EDUCACION PROFESIONAL TECNICA,high,state:state_code;level:gobierno_nivel,COAH-Colegio de Educación Profesional Técnica del Estado de Coahuila,COAH,GE,COAH,9
2039,municipal|16|16100|ayuntamiento|,1,municipal,16,16100,Tzintzuntzan,ayuntamiento,,high,state:state_code;level:gobierno_nivel;muni:inegi;singleton-body,MICH-Presidencia Municipal de Tzintzuntzan,MICH,GM,MICH,15
2040,municipal|13|13068|ayuntamiento|,1,municipal,13,13068,Tianguistengo,ayuntamiento,,high,state:state_code;level:gobierno_nivel;muni:inegi;singleton-body,HGO-Presidencia Municipal de Tianguistengo,HGO,GM,HGO,6
2041,municipal|16|16005|ayuntamiento|,1,municipal,16,16005,Angangueo,ayuntamiento,,high,state:state_code;level:gobierno_nivel;muni:inegi;singleton-body,MICH-Presidencia Municipal de Angangueo,MICH,GM,MICH,13
2042,municipal|08|08032|ayuntamiento|,1,municipal,08,08032,Hidalgo del Parral,ayuntamiento,,high,state:state_code;text-state-overruled:13;level:gobierno_nivel;muni:inegi;singleton-body,CHIH-Presidencia Municipal de Hidalgo del Parral,CHIH,GM,CHIH,41
2043,state|08||organismo de agua|JUNTA MUNICIPAL DE AGUA Y SANEAMIENTO DE NUEVO CASAS GRANDES,1,state,08,,,organismo de agua,JUNTA MUNICIPAL DE AGUA Y SANEAMIENTO DE NUEVO CASAS GRANDES,high,state:state_code;level:gobierno_nivel,CHIH-JUNTA MUNICIPAL DE AGUA Y SANEAMIENTO DE NUEVO CASAS GRANDES,CHIH,GE,CHIH,5
2044,state|14||organismo de agua|SISTEMA DE SERVICIOS DE AGUA POTABLE DRENAJE Y ALCANTARILLADO DE PUERTO VALLARTA,1,state,14,,,organismo de agua,SISTEMA DE SERVICIOS DE AGUA POTABLE DRENAJE Y ALCANTARILLADO DE PUERTO VALLARTA,high,state:state_code;level:gobierno_nivel,"JAL-Sistema de Servicios de Agua Potable, Drenaje y Alcantarillado de Puerto Vallarta, Jalisco",JAL,GE,JAL,94
2045,municipal|24|24029|ayuntamiento|,1,municipal,24,24029,San Martín Chalchicuautla,ayuntamiento,,high,state:state_code;level:gobierno_nivel;muni:inegi;singleton-body,SLP-Presidencia Municipal de San Martín Chalchicuautla,SLP,GM,SLP,14
2046,state|21||tecnologico superior (estatal)|INSTITUTO TECNOLOGICO SUPERIOR DE TEPEXI DE RODRIGUEZ,1,state,21,,,tecnologico superior (estatal),INSTITUTO TECNOLOGICO SUPERIOR DE TEPEXI DE RODRIGUEZ,high,state:state_code;level:gobierno_nivel,PUE-Instituto Tecnológico Superior de Tepexi de Rodríguez,PUE,GE,PUE,52
2047,municipal|12|12046|ayuntamiento|,2,municipal,12,12046,Ometepec,ayuntamiento,,high,state:state_code;level:gobierno_nivel;muni:inegi;singleton-body,GRO-Presidencia Municipal de Ometepec,GRO,GM,GRO,1
2048,municipal|20|20448|ayuntamiento|,1,municipal,20,20448,Santa María Zaniza,ayuntamiento,,high,state:state_code;level:gobierno_nivel;muni:inegi;singleton-body,OAX-Presidencia Municipal de Santa María Zaniza,OAX,GM,OAX,6
2049,municipal|21|21043|ayuntamiento|,1,municipal,21,21043,Cuetzalan del Progreso,ayuntamiento,,high,state:state_code;level:gobierno_nivel;muni:inegi;singleton-body,PUE-Presidencia Municipal de Cuetzalan del Progreso,PUE,GM,PUE,15
2050,state|15||universidad estatal|UNIVERSIDAD ESTATAL DEL VALLE DE ECATEPEC,2,state,15,,,universidad estatal,UNIVERSIDAD ESTATAL DEL VALLE DE ECATEPEC,high,state:state_code;level:gobierno_nivel,MEX-Universidad Estatal del Valle de Ecatepec,MEX,GE,MEX,22
2051,state|27||universidad estatal|UNIVERSIDAD POPULAR DE LA CHONTALPA,2,state,27,,,universidad estatal,UNIVERSIDAD POPULAR DE LA CHONTALPA,high,state:state_code;level:gobierno_nivel,TAB-Universidad Popular de la Chontalpa,TAB,GE,TAB,3
2052,state|19||organismo|CONSEJO PARA LA CULTURA Y LAS ARTES,1,state,19,,,organismo,CONSEJO PARA LA CULTURA Y LAS ARTES,high,state:state_code;level:gobierno_nivel,NL-Consejo para la Cultura y las Artes de Nuevo León,NL,GE,NL,8
2053,state|21||tecnologico superior (estatal)|INSTITUTO TECNOLOGICO SUPERIOR DE SAN MARTIN TEXMELUCAN,1,state,21,,,tecnologico superior (estatal),INSTITUTO TECNOLOGICO SUPERIOR DE SAN MARTIN TEXMELUCAN,high,state:state_code;level:gobierno_nivel,PUE-Instituto Tecnológico Superior de San Martín Texmelucan,PUE,GE,PUE,12
2054,state|15||organismo|INSTITUTO DE INVESTIGACION Y CAPACITACION AGROPECUARIA ACUICOLA Y FORESTAL,1,state,15,,,organismo,INSTITUTO DE INVESTIGACION Y CAPACITACION AGROPECUARIA ACUICOLA Y FORESTAL,high,state:state_code;level:gobierno_nivel,"MEX-Instituto de Investigación y Capacitación Agropecuaria, Acuicola y Forestal del Estado de México",MEX,GE,MEX,32
2055,state|27||dif estatal|,1,state,27,,,dif estatal,,high,state:state_code;level:gobierno_nivel;singleton-body,TAB-Sistema para el Desarrollo Integral de la Familia del Estado de Tabasco,TAB,GE,TAB,224
2056,state|26||fiscalia/procuraduria|FISCALIA GENERAL,1,state,26,,,fiscalia/procuraduria,FISCALIA GENERAL,high,state:state_code;level:gobierno_nivel,SON-Fiscalía General,SON,GE,SON,4
2057,municipal|16|16079|ayuntamiento|,1,municipal,16,16079,Salvador Escalante,ayuntamiento,,high,state:state_code;level:gobierno_nivel;muni:inegi;singleton-body,MICH-Presidencia Municipal de Salvador Escalante,MICH,GM,MICH,42
2058,state|15||organismo|INSTITUTO DE LA VIVIENDA SOCIAL,1,state,15,,,organismo,INSTITUTO DE LA VIVIENDA SOCIAL,medium,state:state_code;level:gobierno_nivel;gentilicio-stripped,MEX-Instituto Mexiquense de la Vivienda Social,MEX,GE,MEX,3
2059,state|23||organismo|CENTRO DE ESTUDIOS DE BACHILLERATO TECNICO EVA SAMANO DE LOPEZ MATEOS,1,state,23,,,organismo,CENTRO DE ESTUDIOS DE BACHILLERATO TECNICO EVA SAMANO DE LOPEZ MATEOS,high,state:name-prefix;level:gobierno_nivel,Q ROO-Centro de Estudios de Bachillerato Técnico Eva Sámano de López Mateos,Q ROO,GE,,13
2060,municipal|25|25008|ayuntamiento|,2,municipal,25,25008,Elota,ayuntamiento,,high,state:state_code;level:gobierno_nivel;muni:inegi;singleton-body,SIN-Presidencia Municipal de Elota,SIN,GM,SIN,36
2061,municipal|21|21128|ayuntamiento|,1,municipal,21,21128,San José Chiapa,ayuntamiento,,high,state:state_code;level:gobierno_nivel;muni:inegi;singleton-body,PUE-Presidencia Municipal de San José Chiapa,PUE,GM,PUE,7
2062,state|13||universidad tecnologica|UNIVERSIDAD TECNOLOGICA TULANCINGO,2,state,13,,,universidad tecnologica,UNIVERSIDAD TECNOLOGICA TULANCINGO,high,state:state_code;level:gobierno_nivel,HGO-Universidad Tecnológica Tulancingo,HGO,GE,HGO,172
2063,state|19||universidad tecnologica|UNIVERSIDAD TECNOLOGICA LINARES,1,state,19,,,universidad tecnologica,UNIVERSIDAD TECNOLOGICA LINARES,high,state:state_code;level:gobierno_nivel,NL-Universidad Tecnológica Linares,NL,GE,NL,1
2064,municipal|21|21192|ayuntamiento|,1,municipal,21,21192,Tuzamapan de Galeana,ayuntamiento,,high,state:state_code;level:gobierno_nivel;muni:inegi;singleton-body,PUE-Presidencia Municipal de Tuzamapan de Galeana,PUE,GM,PUE,7
2065,municipal|13|13001|ayuntamiento|,1,municipal,13,13001,Acatlán,ayuntamiento,,high,state:state_code;level:gobierno_nivel;muni:inegi;singleton-body,HGO-Presidencia Municipal de Acatlán,HGO,GM,HGO,11
2066,,,federal,,,,organismo,LABORATORIOS DE BIOLOGICOS Y REACTIVOS DE MEXICO,n/a,level:gobierno_nivel,"Laboratorios de Biológicos y Reactivos de México, S.A. de C.V.",BIRMEX,APF,,2411
2067,municipal|29|29006|ayuntamiento|,1,municipal,29,29006,Calpulalpan,ayuntamiento,,high,state:state_code;level:gobierno_nivel;muni:inegi;singleton-body,TLAX-Presidencia Municipal de Calpulalpan,TLAX,GM,TLAX,1
2068,municipal|24|24014|ayuntamiento|,2,municipal,24,24014,Coxcatlán,ayuntamiento,,high,state:state_code;level:gobierno_nivel;muni:inegi;singleton-body,SLP-Presidencia Municipal de Coxcatlán,SLP,GM,SLP,5
2069,state|27||secretaria|SECRETARIA DE CONTRALORIA,1,state,27,,,secretaria,SECRETARIA DE CONTRALORIA,high,state:state_code;level:gobierno_nivel,TAB-Secretaría de Contraloría,TAB,GE,TAB,10
2070,municipal|29|29028|ayuntamiento|,1,municipal,29,29028,Teolocholco,ayuntamiento,,high,state:state_code;level:gobierno_nivel;muni:inegi;singleton-body,TLAX-Presidencia Municipal de Teolocholco,TLAX,GM,TLAX,29
2071,state|12||infraestructura educativa|INSTITUTO DE LA INFRAESTRUCTURA FISICA EDUCATIVA,2,state,12,,,infraestructura educativa,INSTITUTO DE LA INFRAESTRUCTURA FISICA EDUCATIVA,medium,state:state_code;level:gobierno_nivel;gentilicio-stripped,GRO-Instituto Guerrerense de la Infraestructura Física Educativa,GRO,GE,GRO,27
2072,state|08||organismo|SERVICIOS EDUCATIVOS,2,state,08,,,organismo,SERVICIOS EDUCATIVOS,high,state:state_code;level:gobierno_nivel,CHIH-Servicios Educativos del Estado de Chihuahua,CHIH,GE,CHIH,2
2073,municipal|20|20275|ayuntamiento|,1,municipal,20,20275,San Miguel Quetzaltepec,ayuntamiento,,high,state:state_code;level:gobierno_nivel;muni:inegi;singleton-body,OAX-Presidencia Municipal de San Miguel Quetzaltepec,OAX,GM,OAX,7
2074,municipal|15|15004|ayuntamiento|,1,municipal,15,15004,Almoloya de Alquisiras,ayuntamiento,,high,state:state_code;level:gobierno_nivel;muni:inegi;singleton-body,MEX-Presidencia Municipal de Almoloya de Alquisiras,MEX,GM,MEX,3
2075,municipal|11|11007|organismo de agua|JUNTA MUNICIPAL DE AGUA POTABLE Y ALCANTARILLADO,3,municipal,11,11007,Celaya,organismo de agua,JUNTA MUNICIPAL DE AGUA POTABLE Y ALCANTARILLADO,high,state:state_code;level:gobierno_nivel;muni:inegi,GTO-Junta Municipal de Agua Potable y Alcantarillado de Celaya,GTO,GM,GTO,16
2076,municipal|08|08009|ayuntamiento|,2,municipal,08,08009,Bocoyna,ayuntamiento,,high,state:state_code;level:gobierno_nivel;muni:inegi;singleton-body,CHIH-Presidencia Municipal de Bocoyna,CHIH,GM,CHIH,20
2077,state|21||tecnologico superior (estatal)|INSTITUTO TECNOLOGICO SUPERIOR DE ZACAPOAXTLA,1,state,21,,,tecnologico superior (estatal),INSTITUTO TECNOLOGICO SUPERIOR DE ZACAPOAXTLA,high,state:state_code;level:gobierno_nivel,PUE-Instituto Tecnológico Superior de Zacapoaxtla,PUE,GE,PUE,111
2078,state|27||universidad estatal|UNIVERSIDAD JUAREZ AUTONOMA,2,state,27,,,universidad estatal,UNIVERSIDAD JUAREZ AUTONOMA,high,state:state_code;level:gobierno_nivel,TAB-Universidad Juárez Autónoma de Tabasco,TAB,GE,TAB,92
2079,municipal|21|21064|ayuntamiento|,1,municipal,21,21064,Francisco Z. Mena,ayuntamiento,,high,state:state_code;level:gobierno_nivel;muni:inegi;singleton-body,PUE-Presidencia Municipal de Francisco Z. Mena,PUE,GM,PUE,45
2080,state|30||secretaria|SECRETARIA DE TRABAJO PREVISION SOCIAL Y PRODUCTIVIDAD,1,state,30,,,secretaria,SECRETARIA DE TRABAJO PREVISION SOCIAL Y PRODUCTIVIDAD,high,state:state_code;level:gobierno_nivel,"VER-Secretaría de Trabajo, Previsión Social y Productividad",VER,GE,VER,359
2081,municipal|21|21038|ayuntamiento|,1,municipal,21,21038,Cuapiaxtla de Madero,ayuntamiento,,high,state:state_code;level:gobierno_nivel;muni:inegi;singleton-body,PUE-Presidencia Municipal de Cuapiaxtla de Madero,PUE,GM,PUE,33
2082,municipal|24|24007|ayuntamiento|,2,municipal,24,24007,Cedral,ayuntamiento,,high,state:state_code;level:gobierno_nivel;muni:inegi;singleton-body,SLP-Presidencia Municipal de Cedral,SLP,GM,SLP,2
2083,state|32||organismo|INSTITUTO DE EDUCACION PARA ADULTOS,2,state,32,,,organismo,INSTITUTO DE EDUCACION PARA ADULTOS,medium,state:state_code;level:gobierno_nivel;gentilicio-stripped,ZAC-Instituto Zacatecano de Educación para Adultos,ZAC,GE,ZAC,7
2084,municipal|15|15125|ayuntamiento|,3,municipal,15,15125,Tonanitla,ayuntamiento,,high,state:state_code;level:gobierno_nivel;muni:inegi;singleton-body,MEX-Presidencia Municipal de Tonanitla,MEX,GM,MEX,7
2085,state|22||universidad tecnologica|UNIVERSIDAD TECNOLOGICA,2,state,22,,,universidad tecnologica,UNIVERSIDAD TECNOLOGICA,high,state:state_code;level:gobierno_nivel,QRO-Universidad Tecnológica de Querétaro,QRO,GE,QRO,30
2086,state|31||secretaria|SECRETARIA DE LA CONTRALORIA GENERAL,1,state,31,,,secretaria,SECRETARIA DE LA CONTRALORIA GENERAL,high,state:state_code;level:gobierno_nivel,YUC-Secretaría de la Contraloría General,YUC,GE,YUC,10
2087,state|19||secretaria|CONTRALORIA Y TRANSPARENCIA GUBERNAMENTAL,1,state,19,,,secretaria,CONTRALORIA Y TRANSPARENCIA GUBERNAMENTAL,high,state:state_code;level:gobierno_nivel,NL-Contraloría y Transparencia Gubernamental,NL,GE,NL,14
2088,municipal|13|13003|ayuntamiento|,2,municipal,13,13003,Actopan,ayuntamiento,,high,state:state_code;level:gobierno_nivel;muni:inegi;singleton-body,HGO-Presidencia Municipal de Actopan,HGO,GM,HGO,27
2089,state|22||dif estatal|,2,state,22,,,dif estatal,,high,state:state_code;level:gobierno_nivel;singleton-body,QRO-Sistema para el Desarrollo Integral de la Familia,QRO,GE,QRO,37
2090,municipal|16|16025|ayuntamiento|,1,municipal,16,16025,Chilchota,ayuntamiento,,high,state:state_code;level:gobierno_nivel;muni:inegi;singleton-body,MICH-Presidencia Municipal de Chilchota,MICH,GM,MICH,40
2091,municipal|21|21028|ayuntamiento|,1,municipal,21,21028,Camocuautla,ayuntamiento,,high,state:state_code;level:gobierno_nivel;muni:inegi;singleton-body,PUE-Presidencia Municipal de Camocuautla,PUE,GM,PUE,10
2092,municipal|16|16082|ayuntamiento|,1,municipal,16,16082,Tacámbaro,ayuntamiento,,high,state:state_code;level:gobierno_nivel;muni:inegi;singleton-body,MICH-Presidencia Municipal de Tacámbaro,MICH,GM,MICH,47
2093,municipal|21|21180|ayuntamiento|,1,municipal,21,21180,Tlahuapan,ayuntamiento,,high,state:state_code;level:gobierno_nivel;muni:inegi;singleton-body,PUE-Presidencia Municipal de Tlahuapan,PUE,GM,PUE,13
2094,municipal|13|13060|ayuntamiento|,1,municipal,13,13060,Tenango de Doria,ayuntamiento,,high,state:state_code;level:gobierno_nivel;muni:inegi;singleton-body,HGO-Presidencia Municipal de Tenango de Doria,HGO,GM,HGO,34
2095,,,federal,,,,hospital,HOSPITAL REGIONAL DE ALTA ESPECIALIDAD DE CIUDAD VICTORIA BICENTENARIO 2010,n/a,level:gobierno_nivel,"Hospital Regional de Alta Especialidad de Ciudad Victoria ""Bicentenario 2010""",HRAEV,APF,,4283
2096,state|19||organismo|SISTEMA DE TRANSPORTE COLECTIVO,3,state,19,,,organismo,SISTEMA DE TRANSPORTE COLECTIVO,high,state:state_code;level:gobierno_nivel,NL-Sistema de Transporte Colectivo,NL,GE,NL,15
2097,state|17||secretaria|SECRETARIA DE OBRAS PUBLICAS,1,state,17,,,secretaria,SECRETARIA DE OBRAS PUBLICAS,high,state:state_code;level:gobierno_nivel,MOR-Secretaría de Obras Públicas,MOR,GE,MOR,342
2098,state|21||universidad tecnologica|UNIVERSIDAD TECNOLOGICA DE XICOTEPEC DE JUAREZ,3,state,21,,,universidad tecnologica,UNIVERSIDAD TECNOLOGICA DE XICOTEPEC DE JUAREZ,high,state:state_code;level:gobierno_nivel,PUE-Universidad Tecnológica de Xicotepec de Juárez,PUE,GE,PUE,65
2099,municipal|16|16022|ayuntamiento|,1,municipal,16,16022,Charo,ayuntamiento,,high,state:state_code;level:gobierno_nivel;muni:inegi;singleton-body,MICH-Presidencia Municipal de Charo,MICH,GM,MICH,56
2100,municipal|02|02005|ayuntamiento|,2,municipal,02,02005,Playas de Rosarito,ayuntamiento,,high,state:state_code;level:gobierno_nivel;muni:inegi;singleton-body,BC-Presidencia Municipal de Playas de Rosarito,BC,GM,BC,114
2101,municipal|16|16026|ayuntamiento|,1,municipal,16,16026,Chinicuila,ayuntamiento,,high,state:state_code;level:gobierno_nivel;muni:inegi;singleton-body,MICH-Presidencia Municipal de Chinicuila,MICH,GM,MICH,19
2102,municipal|20|20087|ayuntamiento|,2,municipal,20,20087,San Agustín Yatareni,ayuntamiento,,high,state:state_code;level:gobierno_nivel;muni:inegi;singleton-body,OAX-Presidencia Municipal de San Agustín Yatareni,OAX,GM,OAX,1
2103,state|02||infraestructura educativa|INSTITUTO DE LA INFRAESTRUCTURA FISICA EDUCATIVA,2,state,02,,,infraestructura educativa,INSTITUTO DE LA INFRAESTRUCTURA FISICA EDUCATIVA,high,state:state_code;level:gobierno_nivel,BC-Instituto de la Infraestructura Física Educativa de Baja California,BC,GE,BC,2
2104,state|07||servicios de salud|,3,state,07,,,servicios de salud,,high,state:state_code;level:gobierno_nivel;singleton-body,CHIS-Instituto de Salud,CHIS,GE,CHIS,291
2105,municipal|28|28022|ayuntamiento|,4,municipal,28,28022,Matamoros,ayuntamiento,,high,state:name-prefix;level:gobierno_nivel;muni:inegi;singleton-body,TAMPS-Presidencia Municipal de Matamoros,TAMPS,GM,,7
2106,municipal|16|16084|ayuntamiento|,1,municipal,16,16084,Tangamandapio,ayuntamiento,,high,state:state_code;level:gobierno_nivel;muni:inegi;singleton-body,MICH-Presidencia Municipal de Tangamandapio,MICH,GM,MICH,10
2107,municipal|09|09017|organismo|ALCALDIA,1,municipal,09,09017,Venustiano Carranza,organismo,ALCALDIA,high,state:state_code;level:gobierno_nivel;muni:inegi,CDMX-Alcaldía de Venustiano Carranza,CDMX,GM,CDMX,184
2108,state|09||secretaria|SECRETARIA DE DESARROLLO RURAL Y EQUIDAD PARA LAS COMUNIDADES,1,state,09,,,secretaria,SECRETARIA DE DESARROLLO RURAL Y EQUIDAD PARA LAS COMUNIDADES,high,state:state_code;level:gobierno_nivel,CDMX-Secretaría de Desarrollo Rural y Equidad para las Comunidades,CDMX,GE,CDMX,4
2109,state|08||organismo|INSTITUTO DE LA CULTURA,1,state,08,,,organismo,INSTITUTO DE LA CULTURA,medium,state:state_code;level:gobierno_nivel;gentilicio-stripped,CHIH-Instituto Chihuahuense de la Cultura,CHIH,GE,CHIH,9
2110,state|07||universidad estatal|UNIVERSIDAD AUTONOMA,2,state,07,,,universidad estatal,UNIVERSIDAD AUTONOMA,high,state:state_code;level:gobierno_nivel,CHIS-Universidad Autónoma de Chiapas,CHIS,GE,CHIS,44
2111,municipal|02|02004|ayuntamiento|,3,municipal,02,02004,Tijuana,ayuntamiento,,high,state:state_code;level:gobierno_nivel;muni:inegi;singleton-body,BC-Presidencia Municipal de Tijuana,BC,GM,BC,240
2112,municipal|30|30032|ayuntamiento|,1,municipal,30,30032,Catemaco,ayuntamiento,,high,state:state_code;level:gobierno_nivel;muni:inegi;singleton-body,VER-Presidencia Municipal de Catemaco,VER,GM,VER,8
2113,municipal|21|21075|ayuntamiento|,1,municipal,21,21075,Hueyapan,ayuntamiento,,high,state:state_code;level:gobierno_nivel;muni:inegi;singleton-body,PUE-Presidencia Municipal de Hueyapan,PUE,GM,PUE,18
2114,municipal|20|20522|ayuntamiento|,1,municipal,20,20522,Santo Domingo Xagacía,ayuntamiento,,high,state:state_code;level:gobierno_nivel;muni:inegi;singleton-body,OAX-Presidencia Municipal de Santo Domingo Xagacía,OAX,GM,OAX,2
2115,state|21||organismo|CONSEJO DE CIENCIA Y TECNOLOGIA,1,state,21,,,organismo,CONSEJO DE CIENCIA Y TECNOLOGIA,high,state:state_code;level:gobierno_nivel,PUE-Consejo de Ciencia y Tecnología del Estado de Puebla,PUE,GE,PUE,1
2116,state|17||organismo|INSTITUTO DE SERVICIOS REGISTRALES Y CATASTRALES,2,state,17,,,organismo,INSTITUTO DE SERVICIOS REGISTRALES Y CATASTRALES,high,state:state_code;level:gobierno_nivel,MOR-Instituto de Servicios Registrales y Catastrales del Estado de Morelos,MOR,GE,MOR,2
2117,state|23||conalep estatal|COLEGIO DE EDUCACION PROFESIONAL TECNICA,2,state,23,,,conalep estatal,COLEGIO DE EDUCACION PROFESIONAL TECNICA,high,state:name-prefix;level:gobierno_nivel,Q ROO-Colegio de Educación Profesional Técnica del Estado de Quintana Roo,Q ROO,GE,,23
2118,municipal|10|10023|ayuntamiento|,2,municipal,10,10023,Pueblo Nuevo,ayuntamiento,,high,state:state_code;level:gobierno_nivel;muni:inegi;singleton-body,DGO-Presidencia Municipal de Pueblo Nuevo,DGO,GM,DGO,6
2119,municipal|31|31019|ayuntamiento|,2,municipal,31,31019,Chemax,ayuntamiento,,high,state:state_code;level:gobierno_nivel;muni:inegi;singleton-body,YUC-Presidencia Municipal de Chemax,YUC,GM,YUC,1
2120,municipal|11|11036|ayuntamiento|,1,municipal,11,11036,Santiago Maravatío,ayuntamiento,,high,state:state_code;level:gobierno_nivel;muni:inegi;singleton-body,GTO-Presidencia Municipal de Santiago Maravatío,GTO,GM,GTO,56
2121,state|04||organismo|INSTITUTO,2,state,04,,,organismo,INSTITUTO,medium,state:state_code;level:gobierno_nivel;gentilicio-stripped,CAMP-Instituto Campechano,CAMP,GE,CAMP,37
2122,municipal|30|30161|ayuntamiento|,1,municipal,30,30161,Tempoal,ayuntamiento,,high,state:state_code;level:gobierno_nivel;muni:inegi;singleton-body,VER-Presidencia Municipal de Tempoal,VER,GM,VER,2
2123,municipal|20|20365|ayuntamiento|,1,municipal,20,20365,Santa Catarina Lachatao,ayuntamiento,,high,state:state_code;level:gobierno_nivel;muni:inegi;singleton-body,OAX-Presidencia Municipal de Santa Catarina Lachatao,OAX,GM,OAX,2
2124,municipal|31|31091|ayuntamiento|,2,municipal,31,31091,Tinum,ayuntamiento,,high,state:state_code;level:gobierno_nivel;muni:inegi;singleton-body,YUC-Presidencia Municipal de Tinum,YUC,GM,YUC,3
2125,state|24||universidad tecnologica|UNIVERSIDAD TECNOLOGICA,1,state,24,,,universidad tecnologica,UNIVERSIDAD TECNOLOGICA,high,state:state_code;level:gobierno_nivel,SLP-Universidad Tecnológica de San Luis Potosí,SLP,GE,SLP,23
2126,municipal|30|30026|organismo de agua|COMISION MUNICIPAL DE AGUA POTABLE DRENAJE Y ALCANTARILLADO,2,municipal,30,30026,Banderilla,organismo de agua,COMISION MUNICIPAL DE AGUA POTABLE DRENAJE Y ALCANTARILLADO,high,state:state_code;level:gobierno_nivel;muni:inegi,"VER-COMISIÓN MUNICIPAL DE AGUA POTABLE, DRENAJE Y ALCANTARILLADO DE BANDERILLA",VER,GM,VER,4
2127,state|27||organismo|INSTITUTO DE CULTURA,1,state,27,,,organismo,INSTITUTO DE CULTURA,high,state:state_code;level:gobierno_nivel,TAB-Instituto Estatal de Cultura,TAB,GE,TAB,28
2128,municipal|15|15070|ayuntamiento|,1,municipal,15,15070,La Paz,ayuntamiento,,high,state:state_code;level:gobierno_nivel;muni:inegi;singleton-body,MEX-Presidencia Municipal de La Paz,MEX,GM,MEX,190
2129,municipal|11|11034|ayuntamiento|,1,municipal,11,11034,Santa Catarina,ayuntamiento,,high,state:state_code;level:gobierno_nivel;muni:inegi;singleton-body,GTO-Presidencia Municipal de Santa Catarina,GTO,GM,GTO,10
2130,state|24||conalep estatal|COLEGIO DE EDUCACION PROFESIONAL TECNICA,1,state,24,,,conalep estatal,COLEGIO DE EDUCACION PROFESIONAL TECNICA,high,state:state_code;level:gobierno_nivel,SLP-Colegio de Educación Profesional Técnica del Estado de San Luis Potosí,SLP,GE,SLP,11
2131,municipal|30|30109|ayuntamiento|,2,municipal,30,30109,Misantla,ayuntamiento,,high,state:state_code;level:gobierno_nivel;muni:inegi;singleton-body,VER-Presidencia Municipal de Misantla,VER,GM,VER,18
2132,municipal|31|31042|ayuntamiento|,1,municipal,31,31042,Kantunil,ayuntamiento,,high,state:state_code;level:gobierno_nivel;muni:inegi;singleton-body,YUC-Presidencia Municipal de Kantunil,YUC,GM,YUC,8
2133,state|19||organismo|INSTITUTO DE CULTURA FISICA Y DEPORTE,2,state,19,,,organismo,INSTITUTO DE CULTURA FISICA Y DEPORTE,high,state:state_code;level:gobierno_nivel,NL-Instituto Estatal de Cultura Física y Deporte,NL,GE,NL,4
2134,state|26||secretaria|SECRETARIA EJECUTIVA DE SEGURIDAD PUBLICA,2,state,26,,,secretaria,SECRETARIA EJECUTIVA DE SEGURIDAD PUBLICA,high,state:state_code;level:gobierno_nivel,SON-Secretaría Ejecutiva de Seguridad Pública del Estado de Sonora,SON,GE,SON,39
2135,municipal|31|31052|ayuntamiento|,1,municipal,31,31052,Motul,ayuntamiento,,high,state:state_code;level:gobierno_nivel;muni:inegi;singleton-body,YUC-Presidencia Municipal de Motul,YUC,GM,YUC,10
2136,state|09||fiscalia/procuraduria|PROCURADURIA GENERAL DE JUSTICIA,2,state,09,,,fiscalia/procuraduria,PROCURADURIA GENERAL DE JUSTICIA,high,state:state_code;level:gobierno_nivel,CDMX-Procuraduría General de Justicia del Distrito Federal,CDMX,GE,CDMX,21
2137,municipal|21|21136|ayuntamiento|,2,municipal,21,21136,San Miguel Xoxtla,ayuntamiento,,high,state:state_code;level:gobierno_nivel;muni:inegi;singleton-body,PUE-Presidencia Municipal de San Miguel Xoxtla,PUE,GM,PUE,4
2138,municipal|16|16023|ayuntamiento|,1,municipal,16,16023,Chavinda,ayuntamiento,,high,state:state_code;level:gobierno_nivel;muni:inegi;singleton-body,MICH-Presidencia Municipal de Chavinda,MICH,GM,MICH,17
2139,municipal|26|26025|ayuntamiento|,2,municipal,26,26025,Empalme,ayuntamiento,,high,state:state_code;level:gobierno_nivel;muni:inegi;singleton-body,SON-Presidencia Municipal de Empalme,SON,GM,SON,6
2140,municipal|11|11037|ayuntamiento|,1,municipal,11,11037,Silao de la Victoria,ayuntamiento,,high,state:state_code;level:gobierno_nivel;muni:inegi;singleton-body,GTO-Presidencia Municipal de Silao,GTO,GM,GTO,11
2141,municipal|31|31080|ayuntamiento|,1,municipal,31,31080,Tekit,ayuntamiento,,high,state:state_code;level:gobierno_nivel;muni:inegi;singleton-body,YUC-Presidencia Municipal de Tekit,YUC,GM,YUC,6
2142,state|15||organismo|INSTITUTO DE CULTURA FISICA Y DEPORTE,1,state,15,,,organismo,INSTITUTO DE CULTURA FISICA Y DEPORTE,medium,state:state_code;level:gobierno_nivel;gentilicio-stripped,MEX-Instituto Mexiquense de Cultura Física y Deporte,MEX,GE,MEX,1
2143,municipal|31|31079|ayuntamiento|,1,municipal,31,31079,Tekax,ayuntamiento,,high,state:state_code;level:gobierno_nivel;muni:inegi;singleton-body,YUC-Presidencia Municipal de Tekax,YUC,GM,YUC,4
2144,municipal|21|21209|ayuntamiento|,1,municipal,21,21209,Zapotitlán,ayuntamiento,,high,state:state_code;level:gobierno_nivel;muni:inegi;singleton-body,PUE-Presidencia Municipal de Zapotitlán,PUE,GM,PUE,32
2145,state|30||secretaria|SECRETARIA DE GOBIERNO,1,state,30,,,secretaria,SECRETARIA DE GOBIERNO,high,state:state_code;level:gobierno_nivel,VER-Secretaría de Gobierno,VER,GE,VER,5
2146,municipal|11|11044|ayuntamiento|,2,municipal,11,11044,Villagrán,ayuntamiento,,high,state:state_code;level:gobierno_nivel;muni:inegi;singleton-body,GTO-Presidencia Municipal de Villagrán,GTO,GM,GTO,22
2147,municipal|20|20551|ayuntamiento|,1,municipal,20,20551,Tlacolula de Matamoros,ayuntamiento,,high,state:state_code;level:gobierno_nivel;muni:inegi;singleton-body,OAX-Presidencia Municipal de Tlacolula de Matamoros,OAX,GM,OAX,1
2148,state|20||secretaria|SECRETARIA GENERAL DE GOBIERNO,1,state,20,,,secretaria,SECRETARIA GENERAL DE GOBIERNO,high,state:state_code;level:gobierno_nivel,OAX-Secretaría General de Gobierno,OAX,GE,OAX,81
2149,municipal|20|20190|ayuntamiento|,1,municipal,20,20190,San Juan Cotzocón,ayuntamiento,,high,state:state_code;level:gobierno_nivel;muni:inegi;singleton-body,OAX-Presidencia Municipal de San Juan Cotzocón,OAX,GM,OAX,1
2150,municipal|10|10032|ayuntamiento|,2,municipal,10,10032,Santiago Papasquiaro,ayuntamiento,,high,state:state_code;level:gobierno_nivel;muni:inegi;singleton-body,DGO-Presidencia Municipal de Santiago Papasquiaro,DGO,GM,DGO,47
2151,state|32||organismo|CONSEJO DE CIENCIA Y TECNOLOGIA,1,state,32,,,organismo,CONSEJO DE CIENCIA Y TECNOLOGIA,medium,state:state_code;level:gobierno_nivel;gentilicio-stripped,ZAC-Consejo Zacatecano de Ciencia y Tecnología,ZAC,GE,ZAC,8
2152,state|31||secretaria|SECRETARIA GENERAL DE GOBIERNO,2,state,31,,,secretaria,SECRETARIA GENERAL DE GOBIERNO,high,state:state_code;level:gobierno_nivel,YUC-Secretaría General de Gobierno,YUC,GE,YUC,1
2153,municipal|30|30102|ayuntamiento|,1,municipal,30,30102,Martínez de la Torre,ayuntamiento,,high,state:state_code;level:gobierno_nivel;muni:inegi;singleton-body,VER-Presidencia Municipal de Martínez de la Torre,VER,GM,VER,20
2154,municipal|17|17022|ayuntamiento|,2,municipal,17,17022,Tetela del Volcán,ayuntamiento,,high,state:state_code;level:gobierno_nivel;muni:inegi;singleton-body,MOR-Presidencia Municipal de Tetela del Volcán,MOR,GM,MOR,2
2155,municipal|21|21174|ayuntamiento|,1,municipal,21,21174,Teziutlán,ayuntamiento,,high,state:state_code;level:gobierno_nivel;muni:inegi;singleton-body,PUE-Presidencia Municipal de Teziutlán,PUE,GM,PUE,73
2156,municipal|31|31069|ayuntamiento|,1,municipal,31,31069,Sotuta,ayuntamiento,,high,state:state_code;level:gobierno_nivel;muni:inegi;singleton-body,YUC-Presidencia Municipal de Sotuta,YUC,GM,YUC,6
2157,state|27||organismo|INSTITUTO REGISTRAL,1,state,27,,,organismo,INSTITUTO REGISTRAL,high,state:state_code;level:gobierno_nivel,TAB-Instituto Registral del Estado de Tabasco,TAB,GE,TAB,1
2158,municipal|21|21076|ayuntamiento|,1,municipal,21,21076,Hueytamalco,ayuntamiento,,high,state:state_code;level:gobierno_nivel;muni:inegi;singleton-body,PUE-Presidencia Municipal de Hueytamalco,PUE,GM,PUE,9
2159,state|27||organismo|ORGANO SUPERIOR DE FISCALIZACION,1,state,27,,,organismo,ORGANO SUPERIOR DE FISCALIZACION,high,state:state_code;level:gobierno_nivel,TAB-Órgano Superior de Fiscalización del Estado,TAB,GE,TAB,9
2160,municipal|11|11018|ayuntamiento|,1,municipal,11,11018,Jaral del Progreso,ayuntamiento,,high,state:state_code;level:gobierno_nivel;muni:inegi;singleton-body,GTO-Presidencia Municipal de Jaral del Progreso,GTO,GM,GTO,16
2161,state|26||organismo|COMISION IMPLEMENTADORA DEL NUEVO SISTEMA DE JUSTICIA PENAL,1,state,26,,,organismo,COMISION IMPLEMENTADORA DEL NUEVO SISTEMA DE JUSTICIA PENAL,high,state:state_code;level:gobierno_nivel,SON-Comisión implementadora del nuevo sistema de Justicia Penal en el Estado de Sonora,SON,GE,SON,20
2162,municipal|21|21101|ayuntamiento|,1,municipal,21,21101,Nauzontla,ayuntamiento,,high,state:state_code;level:gobierno_nivel;muni:inegi;singleton-body,PUE-Presidencia Municipal de Nauzontla,PUE,GM,PUE,8
2163,municipal|20|20092|ayuntamiento|,1,municipal,20,20092,San Andrés Ixtlahuaca,ayuntamiento,,high,state:state_code;level:gobierno_nivel;muni:inegi;singleton-body,OAX-Presidencia Municipal de San Andrés Ixtlahuaca,OAX,GM,OAX,1
2164,state|24||organismo|CONSEJO DE CIENCIA Y TECNOLOGIA,1,state,24,,,organismo,CONSEJO DE CIENCIA Y TECNOLOGIA,medium,state:state_code;level:gobierno_nivel;gentilicio-stripped,SLP-Consejo Potosino de Ciencia y Tecnología,SLP,GE,SLP,2
2165,state|15||tecnologico superior (estatal)|TECNOLOGICO DE ESTUDIOS SUPERIORES DE JOCOTITLAN,1,state,15,,,tecnologico superior (estatal),TECNOLOGICO DE ESTUDIOS SUPERIORES DE JOCOTITLAN,high,state:state_code;level:gobierno_nivel,MEX-Tecnológico de Estudios Superiores de Jocotitlán,MEX,GE,MEX,1
2166,state|15||secretaria|SECRETARIA DE COMUNICACIONES,2,state,15,,,secretaria,SECRETARIA DE COMUNICACIONES,high,state:state_code;level:gobierno_nivel,MEX-Secretaria de Comunicaciones,MEX,GE,MEX,1
2167,municipal|02|02002|organismo|CONSEJO DE URBANIZACION MUNICIPAL,2,municipal,02,02002,Mexicali,organismo,CONSEJO DE URBANIZACION MUNICIPAL,high,state:state_code;level:gobierno_nivel;muni:inegi,"BC-CONSEJO DE URBANIZACIÓN MUNICIPAL DE MEXICALI, BAJA CALIFORNIA.",BC,GM,BC,1
2168,state|10||universidad estatal|UNIVERSIDAD JUAREZ,2,state,10,,,universidad estatal,UNIVERSIDAD JUAREZ,high,state:state_code;level:gobierno_nivel,DGO-Universidad Juarez del Estado de Durango,DGO,GE,DGO,64
2169,state|25||organismo|SUPREMO TRIBUNAL DE JUSTICIA,2,state,25,,,organismo,SUPREMO TRIBUNAL DE JUSTICIA,high,state:state_code;level:gobierno_nivel,SIN-Supremo Tribunal de Justicia,SIN,GE,SIN,4
2170,state|01||organismo|INSTITUTO DEL DEPORTE,2,state,01,,,organismo,INSTITUTO DEL DEPORTE,high,state:state_code;level:gobierno_nivel,AGS-Instituto del Deporte del Estado de Aguascalientes,AGS,GE,AGS,11
2171,,,federal,,,,organismo,ARCHIVO GENERAL DE LA NACION,n/a,level:gobierno_nivel,Archivo General de la Nación,AGN,APF,,783
2172,state|19||universidad tecnologica|UNIVERSIDAD TECNOLOGICA SANTA CATARINA,2,state,19,,,universidad tecnologica,UNIVERSIDAD TECNOLOGICA SANTA CATARINA,high,state:state_code;level:gobierno_nivel,NL-Universidad Tecnológica Santa Catarina,NL,GE,NL,28
2173,state|26||organismo|CENTRO REGIONAL DE FORMACION PROFESIONAL DOCENTE,2,state,26,,,organismo,CENTRO REGIONAL DE FORMACION PROFESIONAL DOCENTE,high,state:state_code;level:gobierno_nivel,SON-Centro Regional de Formación Profesional Docente de Sonora,SON,GE,SON,28
2174,municipal|09|09003|organismo|ALCALDIA,1,municipal,09,09003,Coyoacán,organismo,ALCALDIA,high,state:state_code;level:gobierno_nivel;muni:inegi,CDMX-Alcaldía de Coyoacán,CDMX,GM,CDMX,40
2175,municipal|21|21193|ayuntamiento|,1,municipal,21,21193,Tzicatlacoyan,ayuntamiento,,high,state:state_code;level:gobierno_nivel;muni:inegi;singleton-body,PUE-Presidencia Municipal de Tzicatlacoyan,PUE,GM,PUE,16
2176,state|06||infraestructura educativa|INSTITUTO DE LA INFRAESTRUCTURA FISICA EDUCATIVA,2,state,06,,,infraestructura educativa,INSTITUTO DE LA INFRAESTRUCTURA FISICA EDUCATIVA,medium,state:state_code;level:gobierno_nivel;gentilicio-stripped,COL-Instituto Colimense de la Infraestructura Física Educativa,COL,GE,COL,112
2177,municipal|16|16069|organismo de agua|SISTEMA DE AGUA POTABLE ALCANTARILLADO Y SANEAMIENTO,1,municipal,16,16069,La Piedad,organismo de agua,SISTEMA DE AGUA POTABLE ALCANTARILLADO Y SANEAMIENTO,high,state:state_code;level:gobierno_nivel;muni:inegi,"MICH-Sistema  de Agua Potable, Alcantarillado y Saneamiento de la Piedad (SAPAS)",MICH,GM,MICH,30
2178,state|31||secretaria|SECRETARIA DE SEGURIDAD PUBLICA,2,state,31,,,secretaria,SECRETARIA DE SEGURIDAD PUBLICA,high,state:state_code;level:gobierno_nivel,YUC-Secretaría de Seguridad Pública,YUC,GE,YUC,69
2179,state|08||organismo de agua|JUNTA MUNICIPAL DE AGUA Y SANEAMIENTO DE CAMARGO,1,state,08,,,organismo de agua,JUNTA MUNICIPAL DE AGUA Y SANEAMIENTO DE CAMARGO,high,state:state_code;level:gobierno_nivel,CHIH-JUNTA MUNICIPAL DE AGUA Y SANEAMIENTO DE CAMARGO,CHIH,GE,CHIH,1
2180,municipal|16|16043|ayuntamiento|,1,municipal,16,16043,Jacona,ayuntamiento,,high,state:state_code;level:gobierno_nivel;muni:inegi;singleton-body,MICH-Presidencia Municipal de Jacona,MICH,GM,MICH,86
2181,state|26||organismo|CONSEJO DE CONCERTACION PARA LA OBRA PUBLICA,2,state,26,,,organismo,CONSEJO DE CONCERTACION PARA LA OBRA PUBLICA,high,state:state_code;level:gobierno_nivel,SON-Consejo Estatal de Concertación para la Obra Pública (CECOP),SON,GE,SON,62
2182,state|18||organismo|PATRONATO PARA ADMINISTRAR EL IMPUESTO ESPECIAL DESTINADO A LA UNIVERSIDAD AUTONOMA,1,state,18,,,organismo,PATRONATO PARA ADMINISTRAR EL IMPUESTO ESPECIAL DESTINADO A LA UNIVERSIDAD AUTONOMA,high,state:state_code;level:gobierno_nivel,NAY-Patronato para Administrar el Impuesto Especial Destinado a la Universidad Autónoma de Nayarit,NAY,GE,NAY,2
2183,state|03||organismo|ORGANO DE FISCALIZACION SUPERIOR DEL CONGRESO,1,state,03,,,organismo,ORGANO DE FISCALIZACION SUPERIOR DEL CONGRESO,high,state:state_code;level:gobierno_nivel,BCS-Órgano de Fiscalización Superior del Congreso del Estado de Baja California Sur,BCS,GE,BCS,1
2184,state|02||universidad politecnica|UNIVERSIDAD POLITECNICA,1,state,02,,,universidad politecnica,UNIVERSIDAD POLITECNICA,high,state:state_code;level:gobierno_nivel,BC-Universidad Politécnica de Baja California,BC,GE,BC,2
2185,municipal|13|13029|ayuntamiento|,1,municipal,13,13029,Huichapan,ayuntamiento,,high,state:state_code;level:gobierno_nivel;muni:inegi;singleton-body,HGO-Presidencia Municipal de Huichapan,HGO,GM,HGO,41
2186,municipal|16|16060|ayuntamiento|,1,municipal,16,16060,Numarán,ayuntamiento,,high,state:state_code;level:gobierno_nivel;muni:inegi;singleton-body,MICH-Presidencia Municipal de Numarán,MICH,GM,MICH,32
2187,municipal|20|20260|ayuntamiento|,1,municipal,20,20260,San Miguel Aloápam,ayuntamiento,,high,state:state_code;level:gobierno_nivel;muni:inegi;singleton-body,OAX-Presidencia Municipal de San Miguel Aloápam,OAX,GM,OAX,9
2188,municipal|20|20405|ayuntamiento|,2,municipal,20,20405,Villa de Chilapa de Díaz,ayuntamiento,,high,state:state_code;level:gobierno_nivel;muni:inegi;singleton-body,OAX-Presidencia Municipal de Villa de Chilapa de Díaz,OAX,GM,OAX,7
2189,municipal|20|20277|ayuntamiento|,1,municipal,20,20277,Villa Sola de Vega,ayuntamiento,,high,state:state_code;level:gobierno_nivel;muni:inegi;singleton-body,OAX-Presidencia Municipal de Villa Sola de Vega,OAX,GM,OAX,7
2190,municipal|25|25010|organismo de agua|JUNTA DE AGUA POTABLE Y ALCANTARILLADO,1,municipal,25,25010,El Fuerte,organismo de agua,JUNTA DE AGUA POTABLE Y ALCANTARILLADO,high,state:state_code;level:gobierno_nivel;muni:inegi,SIN-JUNTA DE AGUA POTABLE Y ALCANTARILLADO DE EL FUERTE,SIN,GM,SIN,21
2191,municipal|16|16078|ayuntamiento|,1,municipal,16,16078,Santa Ana Maya,ayuntamiento,,high,state:state_code;level:gobierno_nivel;muni:inegi;singleton-body,MICH-Presidencia Municipal de Santa Ana Maya,MICH,GM,MICH,21
2192,municipal|30|30016|ayuntamiento|,2,municipal,30,30016,La Antigua,ayuntamiento,,high,state:state_code;level:gobierno_nivel;muni:inegi;singleton-body,VER-Presidencia Municipal de La Antigua,VER,GM,VER,41
2193,state|05||organismo|AUDITORIA SUPERIOR,1,state,05,,,organismo,AUDITORIA SUPERIOR,high,state:state_code;level:gobierno_nivel,COAH-Auditoría Superior del Estado de Coahuila,COAH,GE,COAH,2
2194,state|05||secretaria|SECRETARIA DE EDUCACION,1,state,05,,,secretaria,SECRETARIA DE EDUCACION,high,state:state_code;level:gobierno_nivel,COAH-Secretaria de Educación,COAH,GE,COAH,16
2195,municipal|30|30069|ayuntamiento|,2,municipal,30,30069,Gutiérrez Zamora,ayuntamiento,,high,state:state_code;level:gobierno_nivel;muni:inegi;singleton-body,VER-Presidencia Municipal de Gutiérrez Zamora,VER,GM,VER,13
2196,state|19||organismo|CORPORACION PARA EL DESARROLLO DE LA ZONA FRONTERIZA,2,state,19,,,organismo,CORPORACION PARA EL DESARROLLO DE LA ZONA FRONTERIZA,high,state:state_code;level:gobierno_nivel,NL-Corporación para el Desarrollo de la Zona Fronteriza de Nuevo León,NL,GE,NL,1
2197,municipal|28|28002|ayuntamiento|,2,municipal,28,28002,Aldama,ayuntamiento,,high,state:name-prefix;level:gobierno_nivel;muni:inegi;singleton-body,TAMPS-Presidencia Municipal de Aldama,TAMPS,GM,,44
2198,municipal|32|32051|ayuntamiento|,1,municipal,32,32051,Villa de Cos,ayuntamiento,,high,state:state_code;level:gobierno_nivel;muni:inegi;singleton-body,ZAC-Presidencia Municipal de Villa de Cos,ZAC,GM,ZAC,120
2199,municipal|31|31085|ayuntamiento|,1,municipal,31,31085,Temozón,ayuntamiento,,high,state:state_code;level:gobierno_nivel;muni:inegi;singleton-body,YUC-Presidencia Municipal de Temozón,YUC,GM,YUC,1
2200,municipal|09|09016|organismo|ALCALDIA,1,municipal,09,09016,Miguel Hidalgo,organismo,ALCALDIA,high,state:state_code;level:gobierno_nivel;muni:inegi,CDMX-Alcaldía de Miguel Hidalgo,CDMX,GM,CDMX,77
2201,municipal|13|13081|ayuntamiento|,1,municipal,13,13081,Zacualtipán de Ángeles,ayuntamiento,,high,state:state_code;level:gobierno_nivel;muni:inegi;singleton-body,HGO-Presidencia Municipal de Zacualtipán de Ángeles,HGO,GM,HGO,4
2202,municipal|31|31016|ayuntamiento|,1,municipal,31,31016,Chacsinkín,ayuntamiento,,high,state:state_code;level:gobierno_nivel;muni:inegi;singleton-body,YUC-Presidencia Municipal de Chacsinkín,YUC,GM,YUC,1
2203,municipal|20|20125|ayuntamiento|,1,municipal,20,20125,San Carlos Yautepec,ayuntamiento,,high,state:state_code;level:gobierno_nivel;muni:inegi;singleton-body,OAX-Presidencia Municipal de San Carlos Yautepec,OAX,GM,OAX,2
2204,municipal|20|20201|ayuntamiento|,1,municipal,20,20201,San Juan Juquila Vijanos,ayuntamiento,,high,state:state_code;level:gobierno_nivel;muni:inegi;singleton-body,OAX-Presidencia Municipal de San Juan Juquila Vijanos,OAX,GM,OAX,4
2205,state|20||universidad estatal|UNIVERSIDAD AUTONOMA BENITO JUAREZ,3,state,20,,,universidad estatal,UNIVERSIDAD AUTONOMA BENITO JUAREZ,high,state:state_code;level:gobierno_nivel,OAX-Universidad Autónoma Benito Juárez,OAX,GE,OAX,9
2206,state|01||universidad politecnica|UNIVERSIDAD POLITECNICA,2,state,01,,,universidad politecnica,UNIVERSIDAD POLITECNICA,high,state:state_code;level:gobierno_nivel,AGS-Universidad Politécnica de Aguascalientes,AGS,GE,AGS,106
2207,municipal|11|11015|organismo de agua|SISTEMA MUNICIPAL DE AGUA POTABLE Y ALCANTARILLADO,1,municipal,11,11015,Guanajuato,organismo de agua,SISTEMA MUNICIPAL DE AGUA POTABLE Y ALCANTARILLADO,high,state:state_code;level:gobierno_nivel;muni:inegi,GTO-Sistema Municipal de Agua Potable y Alcantarillado de Guanajuato,GTO,GM,GTO,23
2208,municipal|20|20509|ayuntamiento|,1,municipal,20,20509,Santo Domingo de Morelos,ayuntamiento,,high,state:state_code;text-state-overruled:17;level:gobierno_nivel;muni:inegi;singleton-body,OAX-Presidencia Municipal de Santo Domingo de Morelos,OAX,GM,OAX,8
2209,municipal|16|16043|organismo de agua|SISTEMAS DE AGUA POTABLE Y ALCANTARILLADO,1,municipal,16,16043,Jacona,organismo de agua,SISTEMAS DE AGUA POTABLE Y ALCANTARILLADO,high,state:state_code;level:gobierno_nivel;muni:inegi,MICH-Sistemas de Agua Potable y Alcantarillado de Jacona,MICH,GM,MICH,1
2210,state|27||organismo|CONSEJO DE CIENCIA Y TECNOLOGIA,1,state,27,,,organismo,CONSEJO DE CIENCIA Y TECNOLOGIA,high,state:state_code;level:gobierno_nivel,TAB-Consejo de Ciencia y Tecnología del Estado de Tabasco,TAB,GE,TAB,25
2211,state|19||organismo|SISTEMA INTEGRAL PARA EL MANEJO ECOLOGICO Y PROCESAMIENTO DE DESECHOS,3,state,19,,,organismo,SISTEMA INTEGRAL PARA EL MANEJO ECOLOGICO Y PROCESAMIENTO DE DESECHOS,high,state:state_code;level:gobierno_nivel,NL-Sistema Integral para el Manejo Ecológico y Procesamiento de Desechos,NL,GE,NL,3
2212,municipal|31|31012|ayuntamiento|,2,municipal,31,31012,Cenotillo,ayuntamiento,,high,state:state_code;level:gobierno_nivel;muni:inegi;singleton-body,YUC-Presidencia Municipal de Cenotillo,YUC,GM,YUC,1
2213,municipal|21|21022|ayuntamiento|,1,municipal,21,21022,Atzitzihuacán,ayuntamiento,,high,state:state_code;level:gobierno_nivel;muni:inegi;singleton-body,PUE-Presidencia Municipal de Atzitzihuacán,PUE,GM,PUE,41
2214,municipal|07|07028|ayuntamiento|,1,municipal,07,07028,Chiapilla,ayuntamiento,,high,state:state_code;level:gobierno_nivel;muni:inegi;singleton-body,CHIS-Presidencia Municipal de Chiapilla,CHIS,GM,CHIS,1
2215,state|11||secretaria|SECRETARIA DE EDUCACION,2,state,11,,,secretaria,SECRETARIA DE EDUCACION,high,state:state_code;level:gobierno_nivel,GTO-Secretaría de Educación,GTO,GE,GTO,12
2216,municipal|19|19038|ayuntamiento|,1,municipal,19,19038,Montemorelos,ayuntamiento,,high,state:state_code;level:gobierno_nivel;muni:inegi;singleton-body,NL-Presidencia Municipal de Montemorelos,NL,GM,NL,1
2217,state|27||universidad tecnologica|UNIVERSIDAD TECNOLOGICA DEL USUMACINTA,1,state,27,,,universidad tecnologica,UNIVERSIDAD TECNOLOGICA DEL USUMACINTA,high,state:state_code;level:gobierno_nivel,TAB-Universidad Tecnológica del Usumacinta,TAB,GE,TAB,1
2218,municipal|22|22003|ayuntamiento|,1,municipal,22,22003,Arroyo Seco,ayuntamiento,,high,state:state_code;level:gobierno_nivel;muni:inegi;singleton-body,QRO-Presidencia Municipal de Arroyo Seco,QRO,GM,QRO,6
2219,municipal|16|16021|ayuntamiento|,1,municipal,16,16021,Charapan,ayuntamiento,,high,state:state_code;level:gobierno_nivel;muni:inegi;singleton-body,MICH-Presidencia Municipal de Charapan,MICH,GM,MICH,15
2220,state|16||secretaria|SECRETARIA DE TURISMO,1,state,16,,,secretaria,SECRETARIA DE TURISMO,high,state:state_code;level:gobierno_nivel,MICH-Secretaría de Turismo,MICH,GE,MICH,3
2221,municipal|21|21188|ayuntamiento|,2,municipal,21,21188,Tochimilco,ayuntamiento,,high,state:state_code;level:gobierno_nivel;muni:inegi;singleton-body,PUE-Presidencia Municipal de Tochimilco,PUE,GM,PUE,1
2222,municipal|21|21001|ayuntamiento|,1,municipal,21,21001,Acajete,ayuntamiento,,high,state:state_code;level:gobierno_nivel;muni:inegi;singleton-body,PUE-Presidencia Municipal de Acajete,PUE,GM,PUE,23
2223,state|19||organismo|FIDEICOMISO FOMENTO METROPOLITANO DE MONTERREY,1,state,19,,,organismo,FIDEICOMISO FOMENTO METROPOLITANO DE MONTERREY,high,state:state_code;level:gobierno_nivel,NL-Fideicomiso Fomento Metropolitano de Monterrey,NL,GE,NL,2
2224,state|15||organismo|PROTECTORA DE BOSQUES,2,state,15,,,organismo,PROTECTORA DE BOSQUES,high,state:state_code;level:gobierno_nivel,MEX-Protectora de Bosques del Estado de México,MEX,GE,MEX,82
2225,municipal|15|15033|ayuntamiento|,2,municipal,15,15033,Ecatepec de Morelos,ayuntamiento,,high,state:state_code;text-state-overruled:17;level:gobierno_nivel;muni:inegi;singleton-body,MEX-Presidencia Municipal de Ecatepec de Morelos,MEX,GM,MEX,36
2226,municipal|16|16001|ayuntamiento|,1,municipal,16,16001,Acuitzio,ayuntamiento,,high,state:state_code;level:gobierno_nivel;muni:inegi;singleton-body,MICH-Presidencia Municipal de Acuitzio,MICH,GM,MICH,19
2227,municipal|31|31090|ayuntamiento|,1,municipal,31,31090,Timucuy,ayuntamiento,,high,state:state_code;level:gobierno_nivel;muni:inegi;singleton-body,YUC-Presidencia Municipal de Timucuy,YUC,GM,YUC,3
2228,municipal|17|17006|ayuntamiento|,2,municipal,17,17006,Cuautla,ayuntamiento,,high,state:state_code;level:gobierno_nivel;muni:inegi;singleton-body,MOR-Presidencia Municipal de Cuautla,MOR,GM,MOR,6
2229,municipal|16|16042|ayuntamiento|,1,municipal,16,16042,Ixtlán,ayuntamiento,,high,state:state_code;level:gobierno_nivel;muni:inegi;singleton-body,MICH-Presidencia Municipal de Ixtlán,MICH,GM,MICH,10
2230,municipal|16|16032|ayuntamiento|,1,municipal,16,16032,Erongarícuaro,ayuntamiento,,high,state:state_code;level:gobierno_nivel;muni:inegi;singleton-body,MICH-Presidencia Municipal de Erongarícuaro,MICH,GM,MICH,11
2231,municipal|11|11035|ayuntamiento|,1,municipal,11,11035,Santa Cruz de Juventino Rosas,ayuntamiento,,high,state:state_code;level:gobierno_nivel;muni:inegi;singleton-body,GTO-Presidencia Municipal de Santa Cruz de Juventino Rosas,GTO,GM,GTO,79
2232,municipal|20|20063|ayuntamiento|,1,municipal,20,20063,Nazareno Etla,ayuntamiento,,high,state:state_code;level:gobierno_nivel;muni:inegi;singleton-body,OAX-Presidencia Municipal de Nazareno Etla,OAX,GM,OAX,1
2233,municipal|16|16071|ayuntamiento|,1,municipal,16,16071,Puruándiro,ayuntamiento,,high,state:state_code;level:gobierno_nivel;muni:inegi;singleton-body,MICH-Presidencia Municipal de Puruándiro,MICH,GM,MICH,9
2234,state|09||secretaria|OFICIALIA MAYOR,1,state,09,,,secretaria,OFICIALIA MAYOR,high,state:state_code;level:gobierno_nivel,CDMX-Oficialía Mayor,CDMX,GE,CDMX,12
2235,state|17||organismo|AEROPUERTO DE CUERNAVACA,1,state,17,,,organismo,AEROPUERTO DE CUERNAVACA,high,state:ucA 1/1;level:name-rules,AEROPUERTO DE CUERNAVACA S.A DE C.V.,,,,1
2236,state|30||organismo|API SISTEMA PORTUARIO,1,state,30,,,organismo,API SISTEMA PORTUARIO,medium,state:ucA 1/1;level:name-rules;gentilicio-stripped,API SISTEMA PORTUARIO VERACRUZANO S.A. DE C.V.,,,,1
2237,state|06||organismo de agua|COMISION DE AGUA POTABLE Y ALCANTARILLADO DE TECOMAN,1,state,06,,,organismo de agua,COMISION DE AGUA POTABLE Y ALCANTARILLADO DE TECOMAN,high,state:ucA 6/6;level:name-rules,COMISIÓN DE AGUA POTABLE Y ALCANTARILLADO DE TECOMÁN DEL ESTADO DE COLIMA,,,,6
2238,municipal|06|06004|organismo de agua|COMISION DE AGUA POTABLE Y ALCANTARILLADO,1,municipal,06,06004,Coquimatlán,organismo de agua,COMISION DE AGUA POTABLE Y ALCANTARILLADO,high,state:ucA 1/1;level:name-rules;muni:inegi,"COMISIÓN DE AGUA POTABLE Y ALCANTARILLADO DEL MUNICIPIO DE COQUIMATLÁN, COLIMA",,,,1
2239,state|26||organismo|COMISION DE ECOLOGIA Y DESARROLLO SUSTENTABLE,2,state,26,,,organismo,COMISION DE ECOLOGIA Y DESARROLLO SUSTENTABLE,high,state:ucA 7/7;level:name-rules,COMISIÓN DE ECOLOGÍA Y DESARROLLO SUSTENTABLE DEL ESTADO DE SONORA,,,,7
2240,state|27||organismo de agua|COMISION DE AGUA Y SANEAMIENTO,3,state,27,,,organismo de agua,COMISION DE AGUA Y SANEAMIENTO,high,state:ucA 37/37;level:name-rules,COMISIÓN ESTATAL DE AGUA Y SANEAMIENTO DE TABASCO,,,,37
2241,state|09||organismo|CONSEJERIA JURIDICA Y DE SERVICIOS LEGALES,2,state,09,,,organismo,CONSEJERIA JURIDICA Y DE SERVICIOS LEGALES,high,state:ucA 12/12;level:name-rules,CONSEJERÍA JURÍDICA Y DE SERVICIOS LEGALES DEL DISTRITO FEDERAL,,,,12
2242,state|15||organismo|CONSEJO PARA EL DESARROLLO INTEGRAL DE LOS PUEBLOS INDIGENAS,1,state,15,,,organismo,CONSEJO PARA EL DESARROLLO INTEGRAL DE LOS PUEBLOS INDIGENAS,high,state:ucA 1/1;level:name-rules,CONSEJO ESTATAL PARA EL DESARROLLO INTEGRAL DE LOS PUEBLOS INDÍGENAS DEL ESTADO DE MÉXICO,,,,1
2244,state|19||organismo|CORPORACION PARA EL DESARROLLO TURISTICO,2,state,19,,,organismo,CORPORACION PARA EL DESARROLLO TURISTICO,high,state:ucA 11/11;level:name-rules,CORPORACIÓN PARA EL DESARROLLO TURÍSTICO DE NUEVO LEÓN,,,,11
2245,,,federal,,,,organismo,DICONSA SUCURSAL ESTATAL MICHOACAN,n/a,level:ucAfed 2/2,DICONSA S.A. DE C.V. SUCURSAL ESTATAL MICHOACÁN,,,,2
2246,state|14||organismo|FIDEICOMISO DE LA ALIANZA PARA EL CAMPO,1,state,14,,,organismo,FIDEICOMISO DE LA ALIANZA PARA EL CAMPO,high,state:ucA 4/4;level:name-rules,FIDEICOMISO DE LA ALIANZA PARA EL CAMPO EN EL ESTADO DE JALISCO,,,,4
2247,state|05||organismo|FIDEICOMISO PARA EL DESARROLLO REGIONAL NORESTE NO 2048,1,state,05,,,organismo,FIDEICOMISO PARA EL DESARROLLO REGIONAL NORESTE NO 2048,high,state:ucA 1/1;level:name-rules,FIDEICOMISO PARA EL DESARROLLO REGIONAL NORESTE No.2048  ( FIDENORESTE ),,,,1
2248,state|26||organismo|FONDO DE OPERACION DE OBRAS SI,1,state,26,,,organismo,FONDO DE OPERACION DE OBRAS SI,high,state:ucA 1/1;level:name-rules,"FONDO DE OPERACIÓN DE OBRAS, SONORA SÍ",,,,1
2249,municipal|18|18020|ayuntamiento|,3,municipal,18,18020,Bahía de Banderas,ayuntamiento,,high,state:ucA 6/6;level:name-rules;muni:inegi;singleton-body,"H. AYUNTAMIENTO CONSTITUCIONAL DE BAHÍA DE BANDERAS, NAYARIT",,,,6
2250,municipal|24|24011|ayuntamiento|,3,municipal,24,24011,Ciudad Fernández,ayuntamiento,,high,state:ucA 1/1;level:name-rules;muni:inegi;singleton-body,"H. AYUNTAMIENTO CONSTITUCIONAL DE CIUDAD FERNÁNDEZ, SAN LUIS POTOSÍ",,,,1
2251,municipal|15|15033|ayuntamiento|,2,municipal,15,15033,Ecatepec de Morelos,ayuntamiento,,high,state:ucA 10/10;level:name-rules;muni:inegi;singleton-body,"H. AYUNTAMIENTO CONSTITUCIONAL DE ECATEPEC DE MORELOS, ESTADO DE  MÉXICO",,,,10
2252,municipal|27|27009|ayuntamiento|,3,municipal,27,27009,Jalapa,ayuntamiento,,high,state:ucA 1/1;level:name-rules;muni:inegi;singleton-body,"H. AYUNTAMIENTO CONSTITUCIONAL DE JALAPA, TABASCO",,,,1
2253,municipal|12|12079|ayuntamiento|,1,municipal,12,12079,José Joaquín de Herrera,ayuntamiento,,high,state:ucA 1/1;level:name-rules;muni:inegi;singleton-body,"H. AYUNTAMIENTO CONSTITUCIONAL DE JOSÉ JOAQUÍN DE HERRERA, GUERRERO",,,,1
2254,municipal|07|07052|ayuntamiento|,1,municipal,07,07052,Las Margaritas,ayuntamiento,,high,state:ucA 1/1;level:name-rules;muni:inegi;singleton-body,"H. AYUNTAMIENTO CONSTITUCIONAL DE LAS MARGARITAS, CHIAPAS",,,,1
2255,municipal|15|15052|ayuntamiento|,1,municipal,15,15052,Malinalco,ayuntamiento,,high,state:ucA 1/1;level:name-rules;muni:inegi;singleton-body,"H. AYUNTAMIENTO CONSTITUCIONAL DE MALINALCO, ESTADO DE MÉXICO",,,,1
2256,municipal|27|27013|ayuntamiento|,2,municipal,27,27013,Nacajuca,ayuntamiento,,high,state:ucA 1/1;level:name-rules;muni:inegi;singleton-body,"H. AYUNTAMIENTO CONSTITUCIONAL DE NACAJUCA, TABASCO",,,,1
2257,municipal|27|27014|ayuntamiento|,3,municipal,27,27014,Paraíso,ayuntamiento,,high,state:ucA 1/1;level:name-rules;muni:inegi;singleton-body,"H. AYUNTAMIENTO CONSTITUCIONAL DE PARAÍSO, TABASCO",,,,1
2258,municipal|15|15099|ayuntamiento|,3,municipal,15,15099,Texcoco,ayuntamiento,,high,state:ucA 4/4;level:name-rules;muni:inegi;singleton-body,H. AYUNTAMIENTO CONSTITUCIONAL DE TEXCOCO  ESTADO DE MÉXICO,,,,4
2259,municipal|21|21187|ayuntamiento|,2,municipal,21,21187,Tlaxco,ayuntamiento,,high,state:ucA 1/1;level:name-rules;muni:inegi;singleton-body,"H. AYUNTAMIENTO CONSTITUCIONAL DE TLAXCO, PUEBLA",,,,1
2260,municipal|31|31102|ayuntamiento|,2,municipal,31,31102,Valladolid,ayuntamiento,,high,state:ucA 3/3;level:name-rules;muni:inegi;singleton-body,"H. AYUNTAMIENTO CONSTITUCIONAL DE VALLADOLID, YUCATÁN",,,,3
2261,municipal|12|12072|ayuntamiento|,1,municipal,12,12072,Zapotitlán Tablas,ayuntamiento,,high,state:ucA 1/1;level:name-rules;muni:inegi;singleton-body,"H. AYUNTAMIENTO CONSTITUCIONAL DE ZAPOTITLÁN TABLAS, GUERRERO",,,,1
2262,municipal|24|24053|ayuntamiento|,2,municipal,24,24053,Axtla de Terrazas,ayuntamiento,,high,state:ucA 4/4;level:name-rules;muni:inegi;singleton-body,"H. AYUNTAMIENTO MUNICIPAL CONSTITUCIONAL DE AXTLA DE TERRAZAS, SAN LUIS POTOSÍ",,,,4
2263,municipal|21|21049|ayuntamiento|,2,municipal,21,21049,Chiconcuautla,ayuntamiento,,high,state:ucA 3/3;level:name-rules;muni:inegi;singleton-body,"H. AYUNTAMIENTO MUNICIPAL CONSTITUCIONAL DE CHICONCUAUTLA, PUEBLA",,,,3
2264,municipal|07|07018|ayuntamiento|,1,municipal,07,07018,Coapilla,ayuntamiento,,high,state:ucA 1/1;level:name-rules;muni:inegi;singleton-body,"H. AYUNTAMIENTO MUNICIPAL CONSTITUCIONAL DE COAPILLA, CHIAPAS",,,,1
2265,municipal|30|30046|ayuntamiento|,2,municipal,30,30046,Cosautlán de Carvajal,ayuntamiento,,high,state:ucA 1/1;level:name-rules;muni:inegi;singleton-body,"H. AYUNTAMIENTO MUNICIPAL CONSTITUCIONAL DE COSAUTLÁN DE CARVAJAL, VERACRUZ",,,,1
2266,municipal|21|21067|ayuntamiento|,2,municipal,21,21067,Guadalupe Victoria,ayuntamiento,,high,state:ucA 2/2;level:name-rules;muni:inegi;singleton-body,"H. AYUNTAMIENTO MUNICIPAL CONSTITUCIONAL DE GUADALUPE VICTORIA, PUEBLA",,,,2
2267,municipal|21|21057|ayuntamiento|,2,municipal,21,21057,Honey,ayuntamiento,,high,state:ucA 1/1;level:name-rules;muni:inegi;singleton-body,"H. AYUNTAMIENTO MUNICIPAL CONSTITUCIONAL DE HONEY, PUEBLA",,,,1
2268,municipal|21|21070|ayuntamiento|,2,municipal,21,21070,Huatlatlauca,ayuntamiento,,high,state:ucA 2/2;level:name-rules;muni:inegi;singleton-body,"H. AYUNTAMIENTO MUNICIPAL CONSTITUCIONAL DE HUATLATLAUCA, PUEBLA",,,,2
2269,municipal|30|30088|ayuntamiento|,1,municipal,30,30088,Jalcomulco,ayuntamiento,,high,state:ucA 1/1;level:name-rules;muni:inegi;singleton-body,"H. AYUNTAMIENTO MUNICIPAL CONSTITUCIONAL DE JALCOMULCO, VERACRUZ",,,,1
2270,municipal|07|07059|ayuntamiento|,2,municipal,07,07059,Ocosingo,ayuntamiento,,high,state:ucA 1/1;level:name-rules;muni:inegi;singleton-body,"H. AYUNTAMIENTO MUNICIPAL CONSTITUCIONAL DE OCOSINGO, CHIAPAS",,,,1
2271,municipal|21|21106|ayuntamiento|,1,municipal,21,21106,Ocoyucan,ayuntamiento,,high,state:ucA 1/1;level:name-rules;muni:inegi;singleton-body,"H. AYUNTAMIENTO MUNICIPAL CONSTITUCIONAL DE OCOYUCAN, PUEBLA",,,,1
2272,municipal|24|24023|ayuntamiento|,3,municipal,24,24023,Rayón,ayuntamiento,,high,state:ucA 1/1;level:name-rules;muni:inegi;singleton-body,"H. AYUNTAMIENTO MUNICIPAL CONSTITUCIONAL DE RAYÓN, SAN LUIS POTOSÍ",,,,1
2273,municipal|13|13053|ayuntamiento|,2,municipal,13,13053,San Bartolo Tutotepec,ayuntamiento,,high,state:ucA 1/1;level:name-rules;muni:inegi;singleton-body,"H. AYUNTAMIENTO MUNICIPAL CONSTITUCIONAL DE SAN BARTOLO TUTOTEPEC, HIDALGO",,,,1
2274,municipal|07|07091|ayuntamiento|,1,municipal,07,07091,Tapilula,ayuntamiento,,high,state:ucA 1/1;level:name-rules;muni:inegi;singleton-body,"H. AYUNTAMIENTO MUNICIPAL CONSTITUCIONAL DE TAPILULA, CHIAPAS",,,,1
2275,municipal|21|21173|ayuntamiento|,2,municipal,21,21173,Teteles de Ávila Castillo,ayuntamiento,,high,state:ucA 1/1;level:name-rules;muni:inegi;singleton-body,"H. AYUNTAMIENTO MUNICIPAL CONSTITUCIONAL DE TETELES DE ÁVILA CASTILLO, PUEBLA",,,,1
2276,municipal|21|21196|ayuntamiento|,2,municipal,21,21196,Xayacatlán de Bravo,ayuntamiento,,high,state:ucA 1/1;level:name-rules;muni:inegi;singleton-body,"H. AYUNTAMIENTO MUNICIPAL CONSTITUCIONAL DE XAYACATLÁN DE BRAVO, PUEBLA",,,,1
2277,municipal|24|24054|ayuntamiento|,1,municipal,24,24054,Xilitla,ayuntamiento,,high,state:ucA 2/2;level:name-rules;muni:inegi;singleton-body,"H. AYUNTAMIENTO MUNICIPAL CONSTITUCIONAL DE XILITLA, SAN LUIS POTOSÍ",,,,2
2278,municipal|21|21208|ayuntamiento|,2,municipal,21,21208,Zacatlán,ayuntamiento,,high,state:ucA 1/1;level:name-rules;muni:inegi;singleton-body,"H. AYUNTAMIENTO MUNICIPAL CONSTITUCIONAL DE ZACATLÁN, PUEBLA",,,,1
2279,municipal|21|21212|ayuntamiento|,3,municipal,21,21212,Zautla,ayuntamiento,,high,state:ucA 2/2;level:name-rules;muni:inegi;singleton-body,"H. AYUNTAMIENTO MUNICIPAL CONSTITUCIONAL DE ZAUTLA, PUEBLA",,,,2
2280,municipal|18|18001|ayuntamiento|,2,municipal,18,18001,Acaponeta,ayuntamiento,,high,state:ucA 1/1;level:name-rules;muni:inegi;singleton-body,"H. AYUNTAMIENTO MUNICIPAL DE ACAPONETA, NAYARIT",,,,1
2281,municipal|08|08009|ayuntamiento|,2,municipal,08,08009,Bocoyna,ayuntamiento,,high,state:ucA 1/1;level:name-rules;muni:inegi;singleton-body,"H. AYUNTAMIENTO MUNICIPAL DE BOCOYNA, CHIHUAHUA",,,,1
2282,municipal|31|31006|ayuntamiento|,2,municipal,31,31006,Buctzotz,ayuntamiento,,high,state:ucA 2/2;level:name-rules;muni:inegi;singleton-body,"H. AYUNTAMIENTO MUNICIPAL DE BUCTZOTZ, YUCATÁN",,,,2
2283,municipal|26|26017|ayuntamiento|,1,municipal,26,26017,Caborca,ayuntamiento,,high,state:ucA 1/1;level:name-rules;muni:inegi;singleton-body,"H. AYUNTAMIENTO MUNICIPAL DE CABORCA, SONORA",,,,1
2284,municipal|31|31008|ayuntamiento|,2,municipal,31,31008,Calotmul,ayuntamiento,,high,state:ucA 1/1;level:name-rules;muni:inegi;singleton-body,"H. AYUNTAMIENTO MUNICIPAL DE CALOTMUL, YUCATÁN",,,,1
2285,municipal|01|01003|ayuntamiento|,2,municipal,01,01003,Calvillo,ayuntamiento,,high,state:ucA 2/2;level:name-rules;muni:inegi;singleton-body,H. AYUNTAMIENTO MUNICIPAL DE CALVILLO ESTADO DE AGUASCALIENTES,,,,2
2286,municipal|31|31019|ayuntamiento|,2,municipal,31,31019,Chemax,ayuntamiento,,high,state:ucA 2/2;level:name-rules;muni:inegi;singleton-body,"H. AYUNTAMIENTO MUNICIPAL DE CHEMAX, YUCATÁN",,,,2
2287,municipal|14|14027|ayuntamiento|,1,municipal,14,14027,Cuautitlán de García Barragán,ayuntamiento,,high,state:ucA 3/3;level:name-rules;muni:inegi;singleton-body,"H. AYUNTAMIENTO MUNICIPAL DE CUAUTITLÁN DE GARCÍA BARRAGÁN, JALISCO",,,,3
2288,municipal|29|29048|ayuntamiento|,2,municipal,29,29048,La Magdalena Tlaltelulco,ayuntamiento,,high,state:ucA 2/2;level:name-rules;muni:inegi;singleton-body,"H. AYUNTAMIENTO MUNICIPAL DE LA MAGDALENA TLALTELULCO, TLAXCALA",,,,2
2289,municipal|15|15054|ayuntamiento|,2,municipal,15,15054,Metepec,ayuntamiento,,high,state:ucA 8/8;level:name-rules;muni:inegi;singleton-body,"H. AYUNTAMIENTO MUNICIPAL DE METEPEC, ESTADO DE MÉXICO",,,,8
2290,municipal|14|14061|ayuntamiento|,1,municipal,14,14061,Mezquitic,ayuntamiento,,high,state:ucA 2/2;level:name-rules;muni:inegi;singleton-body,"H. AYUNTAMIENTO MUNICIPAL DE MEZQUITIC, JALISCO",,,,2
2291,municipal|26|26053|ayuntamiento|,1,municipal,26,26053,San Felipe de Jesús,ayuntamiento,,high,state:ucA 1/1;level:name-rules;muni:inegi;singleton-body,"H. AYUNTAMIENTO MUNICIPAL DE SAN FELIPE DE JESÚS, SONORA",,,,1
2292,municipal|28|28038|ayuntamiento|,3,municipal,28,28038,Tampico,ayuntamiento,,high,state:ucA 4/4;level:name-rules;muni:inegi;singleton-body,H. AYUNTAMIENTO MUNICIPAL DE TAMPICO TAMAULIPAS,,,,4
2293,municipal|10|10037|ayuntamiento|,1,municipal,10,10037,Topia,ayuntamiento,,high,state:ucA 1/1;level:name-rules;muni:inegi;singleton-body,"H. AYUNTAMIENTO MUNICIPAL DE TOPÍA, DURANGO",,,,1
2294,municipal|08|08065|ayuntamiento|,2,municipal,08,08065,Urique,ayuntamiento,,high,state:ucA 2/2;level:name-rules;muni:inegi;singleton-body,"H. AYUNTAMIENTO MUNICIPAL DE URIQUE, CHIHUAHUA",,,,2
2295,municipal|08|08066|ayuntamiento|,2,municipal,08,08066,Uruachi,ayuntamiento,,high,state:ucA 1/1;level:name-rules;muni:inegi;singleton-body,"H. AYUNTAMIENTO MUNICIPAL DE URUACHI, CHIHUAHUA",,,,1
2296,municipal|16|16102|ayuntamiento|,3,municipal,16,16102,Uruapan,ayuntamiento,,high,state:ucA 7/7;level:name-rules;muni:inegi;singleton-body,"H. AYUNTAMIENTO MUNICIPAL DE URUAPAN DEL PROGRESO, MICHOACÁN",,,,7
2297,state|15||organismo|INSTITUTO DE EDUCACION MEDIA SUPERIOR Y SUPERIOR A DISTANCIA,1,state,15,,,organismo,INSTITUTO DE EDUCACION MEDIA SUPERIOR Y SUPERIOR A DISTANCIA,high,state:ucA 4/4;level:name-rules,INSTITUTO DE EDUCACIÓN MEDIA SUPERIOR Y SUPERIOR A DISTANCIA DEL ESTADO DE MÉXICO,,,,4
2298,state|31||organismo|INSTITUTO DE INFRAESTRUCTURA CARRETERA,2,state,31,,,organismo,INSTITUTO DE INFRAESTRUCTURA CARRETERA,high,state:ucA 8/8;level:name-rules,INSTITUTO DE INFRAESTRUCTURA CARRETERA DE YUCATÁN,,,,8
2299,state|30||organismo|INSTITUTO DE INFRAESTRUCTURA FISICA DE ESCUELAS,1,state,30,,,organismo,INSTITUTO DE INFRAESTRUCTURA FISICA DE ESCUELAS,high,state:ucA 22/22;level:name-rules,INSTITUTO DE INFRAESTRUCTURA FÍSICA DE ESCUELAS DEL ESTADO DE VERACRUZ,,,,22
2300,state|11||infraestructura educativa|INSTITUTO DE INFRAESTRUCTURA FISICA EDUCATIVA,2,state,11,,,infraestructura educativa,INSTITUTO DE INFRAESTRUCTURA FISICA EDUCATIVA,high,state:ucA 3/3;level:name-rules,INSTITUTO DE INFRAESTRUCTURA FÍSICA EDUCATIVA DE GUANAJUATO,,,,3
2301,state|23||infraestructura educativa|INSTITUTO DE INFRAESTRUCTURA FISICA EDUCATIVA,2,state,23,,,infraestructura educativa,INSTITUTO DE INFRAESTRUCTURA FISICA EDUCATIVA,high,state:uc9 7/7;level:uc9 7/7,INSTITUTO DE INFRAESTRUCTURA FÍSICA EDUCATIVA DEL ESTADO DE QUINTANA ROO,,,,110
2302,state|12||organismo|INSTITUTO DE VIVIENDA Y SUELO URBANO,1,state,12,,,organismo,INSTITUTO DE VIVIENDA Y SUELO URBANO,high,state:ucA 2/2;level:name-rules,INSTITUTO DE VIVIENDA Y SUELO URBANO DEL ESTADO DE GUERRERO,,,,2
2303,state|13||infraestructura educativa|INSTITUTO DE LA INFRAESTRUCTURA FISICA EDUCATIVA,2,state,13,,,infraestructura educativa,INSTITUTO DE LA INFRAESTRUCTURA FISICA EDUCATIVA,medium,state:uc9 98/98;level:uc9 98/98;gentilicio-stripped,INSTITUTO HIDALGUENSE DE LA INFRAESTRUCTURA FÍSICA EDUCATIVA,,,,99
2304,municipal|01|01001|organismo|INSTITUTO MUNICIPAL DE VIVIENDA,1,municipal,01,01001,Aguascalientes,organismo,INSTITUTO MUNICIPAL DE VIVIENDA,high,state:ucA 1/1;level:name-rules;muni:inegi,INSTITUTO MUNICIPAL DE VIVIENDA DE AGUASCALIENTES,,,,1
2305,state|31||organismo|INSTITUTO PARA LA CONSTRUCCION Y CONSERVACION DE OBRA PUBLICA,2,state,31,,,organismo,INSTITUTO PARA LA CONSTRUCCION Y CONSERVACION DE OBRA PUBLICA,high,state:uc9 3/3;level:uc9 3/3,INSTITUTO PARA LA CONSTRUCCIÓN Y CONSERVACIÓN DE OBRA PÚBLICA EN YUCATÁN,,,,37
2306,state|03||organismo|INSTITUTO DE CULTURA,1,state,03,,,organismo,INSTITUTO DE CULTURA,medium,state:ucA 2/2;level:name-rules;gentilicio-stripped,INSTITUTO SUDCALIFORNIANO DE CULTURA,,,,2
2307,state|03||infraestructura educativa|INSTITUTO DE LA INFRAESTRUCTURA FISICA EDUCATIVA,3,state,03,,,infraestructura educativa,INSTITUTO DE LA INFRAESTRUCTURA FISICA EDUCATIVA,medium,state:ucA 18/18;level:name-rules;gentilicio-stripped,INSTITUTO SUDCALIFORNIANO DE LA INFRAESTRUCTURA FÍSICA EDUCATIVA DE BAJA CALIFORNIA SUR,,,,18
2308,state|03||tecnologico superior (estatal)|INSTITUTO TECNOLOGICO SUPERIOR DE MULEGE,1,state,03,,,tecnologico superior (estatal),INSTITUTO TECNOLOGICO SUPERIOR DE MULEGE,high,state:ucA 2/2;state-subsystem;level:name-rules,"INSTITUTO TECNOLÓGICO SUPERIOR DE MULEGÉ, BAJA CALIFORNIA SUR",,,,2
2309,municipal|08|08017|organismo de agua|JUNTA MUNICIPAL DE AGUAS Y SANEAMIENTO,1,municipal,08,08017,Cuauhtémoc,organismo de agua,JUNTA MUNICIPAL DE AGUAS Y SANEAMIENTO,high,state:ucA 4/4;level:name-rules;muni:inegi,"JUNTA MUNICIPAL DE AGUAS Y SANEAMIENTO DE CUAUHTÉMOC, CHIHUAHUA",,,,4
2310,municipal|11|11030|ayuntamiento|,2,municipal,11,11030,San Felipe,ayuntamiento,,high,state:ucA 3/3;level:name-rules;muni:inegi;singleton-body,"MUNICIPIO DE SAN FELIPE, GUANAJUATO",,,,3
2311,state|02||secretaria|OFICIALIA MAYOR,1,state,02,,,secretaria,OFICIALIA MAYOR,high,state:ucA 8/8;level:name-rules,OFICIALÍA MAYOR DEL GOBIERNO DEL ESTADO DE BAJA CALIFORNIA,,,,8
2312,state|15||organismo de agua|ORGANISMO PUBLICO DESCENTRALIZADO PARA LA PRESTACION DE LOS SERVICIOS DE AGUA POTABLE ALCANTARILLADO Y SANEAMIENTO DEL MPIO DE TULTITLAN,1,state,15,,,organismo de agua,ORGANISMO PUBLICO DESCENTRALIZADO PARA LA PRESTACION DE LOS SERVICIOS DE AGUA POTABLE ALCANTARILLADO Y SANEAMIENTO DEL MPIO DE TULTITLAN,high,state:ucA 1/1;level:name-rules,"ORGANISMO PÚBLICO DESCENTRALIZADO PARA LA PRESTACIÓN DE LOS SERVICIOS DE AGUA POTABLE, ALCANTARILLADO Y SANEAMIENTO DEL MPIO DE TULTITLÁN, EDO MEX",,,,1
2313,state|30||poder judicial|,3,state,30,,,poder judicial,,high,state:ucA 1/1;level:name-rules;singleton-body,PODER JUDICIAL DEL ESTADO DE VERACRUZ,,,,1
2314,state|15||secretaria|SECRETARIA DE DESARROLLO SOCIAL,1,state,15,,,secretaria,SECRETARIA DE DESARROLLO SOCIAL,high,state:ucA 1/1;level:name-rules,SECRETARÌA DE DESARROLLO SOCIAL DEL ESTADO DE MÉXICO,,,,1
2315,state|04||secretaria|SECRETARIA DE DESARROLLO URBANO Y OBRAS PUBLICAS,3,state,04,,,secretaria,SECRETARIA DE DESARROLLO URBANO Y OBRAS PUBLICAS,high,state:ucA 12/12;level:name-rules,SECRETARÍA DE DESARROLLO URBANO Y OBRAS PÚBLICAS DEL ESTADO DE CAMPECHE,,,,12
2316,state|08||secretaria|SECRETARIA DE HACIENDA,2,state,08,,,secretaria,SECRETARIA DE HACIENDA,high,state:ucA 5/5;level:name-rules,SECRETARÍA DE HACIENDA DEL ESTADO DE CHIHUAHUA,,,,5
2317,municipal|11|11025|organismo de agua|SISTEMA DE AGUA POTABLE ALCANTARILLADO Y SANEAMIENTO,2,municipal,11,11025,Purísima del Rincón,organismo de agua,SISTEMA DE AGUA POTABLE ALCANTARILLADO Y SANEAMIENTO,high,state:ucA 2/2;level:name-rules;muni:inegi,"SISTEMA DE AGUA POTABLE, ALCANTARILLADO Y SANEAMIENTO DEL MUNICIPIO DE PURÍSIMA DEL RINCÓN. GUANAJUATO",,,,2
2318,state|22||dif estatal|,2,state,22,,,dif estatal,,high,state:ucA 4/4;level:name-rules;singleton-body,SISTEMA PARA EL DESARROLLO INTEGRAL DE LA FAMILIA DEL ESTADO DE QUERÉTARO,,,,4
2319,state|31||organismo|SISTEMA PARA EL FINANCIAMIENTO DEL DESARROLLO,1,state,31,,,organismo,SISTEMA PARA EL FINANCIAMIENTO DEL DESARROLLO,high,state:ucA 1/1;level:name-rules,SISTEMA PARA EL FINANCIAMIENTO DEL DESARROLLO DEL ESTADO DE YUCATÁN,,,,1
2320,state|25||organismo|SUPREMO TRIBUNAL DE JUSTICIA,2,state,25,,,organismo,SUPREMO TRIBUNAL DE JUSTICIA,high,state:ucA 1/1;level:name-rules,SUPREMO TRIBUNAL DE JUSTICIA DEL ESTADO DE SINALOA,,,,1
2321,state|20||universidad estatal|UNIVERSIDAD DEL MAR,2,state,20,,,universidad estatal,UNIVERSIDAD DEL MAR,high,state:ucA 3/3;level:name-rules,UNIVERSIDAD DEL MAR DEL ESTADO DE OAXACA,,,,3
2322,state|21||universidad tecnologica|UNIVERSIDAD TECNOLOGICA DE XICOTEPEC DE JUAREZ,3,state,21,,,universidad tecnologica,UNIVERSIDAD TECNOLOGICA DE XICOTEPEC DE JUAREZ,medium,state:text;state-subsystem;level:name-rules,"UNIVERSIDAD TECNOLÓGICA DE XICOTEPEC DE JUÁREZ, PUEBLA",,,,4
2323,state|31||universidad tecnologica|UNIVERSIDAD TECNOLOGICA METROPOLITANA,2,state,31,,,universidad tecnologica,UNIVERSIDAD TECNOLOGICA METROPOLITANA,medium,state:text;state-subsystem;level:name-rules,UNIVERSIDAD TECNOLÓGICA METROPOLITANA DEL ESTADO DE YUCATÁN,,,,2
2324,state|02||colegio de bachilleres|COLEGIO DE BACHILLERES,2,state,02,,,colegio de bachilleres,COLEGIO DE BACHILLERES,high,state:state_code;level:gobierno_nivel,BC-Colegio de Bachilleres del Estado de Baja California,BC,GE,BC,10
2325,state|32||organismo|INSTITUTO ELECTORAL,1,state,32,,,organismo,INSTITUTO ELECTORAL,high,state:state_code;level:gobierno_nivel,ZAC-Instituto Electoral del Estado de Zacatecas,ZAC,GE,ZAC,7
2326,state|26||organismo|INSTITUTO DE FORMACION DOCENTE,1,state,26,,,organismo,INSTITUTO DE FORMACION DOCENTE,high,state:state_code;level:gobierno_nivel,SON-Instituto de Formación Docente del Estado de Sonora,SON,GE,SON,17
2327,state|13||organismo|INSTITUTO DE CAPACITACION PARA EL TRABAJO,2,state,13,,,organismo,INSTITUTO DE CAPACITACION PARA EL TRABAJO,high,state:state_code;level:gobierno_nivel,HGO-Instituto de Capacitación para el Trabajo del Estado de Hidalgo,HGO,GE,HGO,55
2328,state|32||organismo de agua|SECRETARIA DEL AGUA Y MEDIO AMBIENTE,2,state,32,,,organismo de agua,SECRETARIA DEL AGUA Y MEDIO AMBIENTE,high,state:state_code;level:gobierno_nivel,ZAC-Secretaría del Agua y Medio Ambiente,ZAC,GE,ZAC,155
2329,,,federal,,,,hospital,HOSPITAL REGIONAL DE ALTA ESPECIALIDAD DE IXTAPALUCA,n/a,level:gobierno_nivel,Hospital Regional de Alta Especialidad de Ixtapaluca,HRAEI,APF,,1521
2330,municipal|26|26048|ayuntamiento|,3,municipal,26,26048,Puerto Peñasco,ayuntamiento,,high,state:state_code;level:gobierno_nivel;muni:inegi;singleton-body,SON-Presidencia Municipal de Puerto Peñasco,SON,GM,SON,97
2331,,,federal,,,,organismo,TECNOLOGICO NACIONAL DE MEXICO,n/a,level:gobierno_nivel,Tecnológico Nacional de México,TECNM,APF,,258
2332,state|20||secretaria|SECRETARIA DEL MEDIO AMBIENTE ENERGIAS Y DESARROLLO SUSTENTABLE,1,state,20,,,secretaria,SECRETARIA DEL MEDIO AMBIENTE ENERGIAS Y DESARROLLO SUSTENTABLE,high,state:state_code;level:gobierno_nivel,"OAX-Secretaría del Medio Ambiente, Energías y Desarrollo Sustentable",OAX,GE,OAX,13
2333,municipal|16|16028|ayuntamiento|,1,municipal,16,16028,Churintzio,ayuntamiento,,high,state:state_code;level:gobierno_nivel;muni:inegi;singleton-body,MICH-Presidencia Municipal de Churintzio,MICH,GM,MICH,36
2334,municipal|16|16113|ayuntamiento|,1,municipal,16,16113,José Sixto Verduzco,ayuntamiento,,high,state:state_code;level:gobierno_nivel;muni:inegi;singleton-body,MICH-Presidencia Municipal de José Sixto Verduzco,MICH,GM,MICH,46
2335,municipal|16|16106|ayuntamiento|,1,municipal,16,16106,Yurécuaro,ayuntamiento,,high,state:state_code;level:gobierno_nivel;muni:inegi;singleton-body,MICH-Presidencia Municipal de Yurécuaro,MICH,GM,MICH,30
2336,municipal|15|15039|ayuntamiento|,1,municipal,15,15039,Ixtapaluca,ayuntamiento,,high,state:state_code;level:gobierno_nivel;muni:inegi;singleton-body,MEX-Presidencia Municipal de Ixtapaluca,MEX,GM,MEX,559
2337,state|09||secretaria|SECRETARIA DE CULTURA,1,state,09,,,secretaria,SECRETARIA DE CULTURA,high,state:state_code;level:gobierno_nivel,CDMX-Secretaría de Cultura,CDMX,GE,CDMX,118
2338,state|31||organismo|INSTITUTO PARA LA CONSTRUCCION Y CONSERVACION DE OBRA PUBLICA,2,state,31,,,organismo,INSTITUTO PARA LA CONSTRUCCION Y CONSERVACION DE OBRA PUBLICA,high,state:state_code;level:gobierno_nivel,YUC-Instituto para la Construcción y Conservación de Obra Pública en Yucatán,YUC,GE,YUC,181
2339,municipal|21|21168|ayuntamiento|,1,municipal,21,21168,Tepexco,ayuntamiento,,high,state:state_code;level:gobierno_nivel;muni:inegi;singleton-body,PUE-Presidencia Municipal de Tepexco,PUE,GM,PUE,13
2340,state|31||organismo|JUNTA DE ELECTRIFICACION,2,state,31,,,organismo,JUNTA DE ELECTRIFICACION,high,state:state_code;level:gobierno_nivel,YUC-Junta de Electrificación de Yucatán,YUC,GE,YUC,229
2341,municipal|14|14101|ayuntamiento|,1,municipal,14,14101,Tonalá,ayuntamiento,,high,state:state_code;level:gobierno_nivel;muni:inegi;singleton-body,JAL-Presidencia Municipal de Tonalá,JAL,GM,JAL,220
2342,,,federal,,,,organismo,AGENCIA ESPACIAL MEXICANA,n/a,level:gobierno_nivel,Agencia Espacial Mexicana,AEM,APF,,189
2343,state|22||organismo|LA PROCURADURIA ESTATAL DE PROTECCION AL MEDIO AMBIENTE Y DESARROLLO URBANO,1,state,22,,,organismo,LA PROCURADURIA ESTATAL DE PROTECCION AL MEDIO AMBIENTE Y DESARROLLO URBANO,high,state:state_code;level:gobierno_nivel,QRO-La Procuraduría Estatal de Protección al Medio Ambiente y Desarrollo Urbano,QRO,GE,QRO,25
2344,municipal|27|27002|ayuntamiento|,3,municipal,27,27002,Cárdenas,ayuntamiento,,high,state:state_code;level:gobierno_nivel;muni:inegi;singleton-body,TAB-Presidencia Municipal de Cárdenas,TAB,GM,TAB,162
2345,municipal|22|22004|ayuntamiento|,1,municipal,22,22004,Cadereyta de Montes,ayuntamiento,,high,state:state_code;level:gobierno_nivel;muni:inegi;singleton-body,QRO-Presidencia Municipal de Cadereyta de Montes,QRO,GM,QRO,55
2346,state|22||organismo|INSTITUTO DE LA MUJER,1,state,22,,,organismo,INSTITUTO DE LA MUJER,medium,state:state_code;level:gobierno_nivel;gentilicio-stripped,QRO-Instituto Queretano de la Mujer,QRO,GE,QRO,169
2347,state|23||secretaria|SECRETARIA DE ECOLOGIA Y MEDIO AMBIENTE,1,state,23,,,secretaria,SECRETARIA DE ECOLOGIA Y MEDIO AMBIENTE,high,state:name-prefix;level:gobierno_nivel,Q ROO-Secretaría de Ecología y Medio Ambiente,Q ROO,GE,,33
2348,municipal|15|15031|ayuntamiento|,1,municipal,15,15031,Chimalhuacán,ayuntamiento,,high,state:state_code;level:gobierno_nivel;muni:inegi;singleton-body,MEX-Presidencia Municipal de Chimalhuacán,MEX,GM,MEX,348
2349,municipal|21|21191|ayuntamiento|,1,municipal,21,21191,Tulcingo,ayuntamiento,,high,state:state_code;level:gobierno_nivel;muni:inegi;singleton-body,PUE-Presidencia Municipal de Tulcingo,PUE,GM,PUE,34
2350,state|21||organismo|INSTITUTO DE LAS MUJERES,2,state,21,,,organismo,INSTITUTO DE LAS MUJERES,medium,state:state_code;level:gobierno_nivel;gentilicio-stripped,PUE-Instituto Poblano de las Mujeres,PUE,GE,PUE,257
2351,,,federal,,,,organismo,CENTRO NACIONAL DE EXCELENCIA TECNOLOGICA EN SALUD,n/a,level:gobierno_nivel,Centro Nacional de Excelencia Tecnológica en Salud,CENETEC,APF,,142
2352,municipal|11|11002|organismo de agua|JUNTA MUNICIPAL DE AGUA POTABLE Y ALCANTARILLADO,1,municipal,11,11002,Acámbaro,organismo de agua,JUNTA MUNICIPAL DE AGUA POTABLE Y ALCANTARILLADO,high,state:state_code;level:gobierno_nivel;muni:inegi,GTO-Junta Municipal de Agua Potable y Alcantarillado de Acambaro,GTO,GM,GTO,26
2353,state|04||organismo|INSTITUTO DE LA VIVIENDA,2,state,04,,,organismo,INSTITUTO DE LA VIVIENDA,high,state:state_code;level:gobierno_nivel,CAMP-Instituto de la Vivienda del Estado de Campeche,CAMP,GE,CAMP,56
2354,municipal|22|22017|ayuntamiento|,2,municipal,22,22017,Tequisquiapan,ayuntamiento,,high,state:state_code;level:gobierno_nivel;muni:inegi;singleton-body,QRO-Presidencia Municipal de Tequisquiapan,QRO,GM,QRO,89
2355,municipal|25|25015|ayuntamiento|,2,municipal,25,25015,Salvador Alvarado,ayuntamiento,,high,state:state_code;level:gobierno_nivel;muni:inegi;singleton-body,SIN-Presidencia Municipal de Salvador Alvarado,SIN,GM,SIN,49
2356,municipal|21|21144|ayuntamiento|,1,municipal,21,21144,San Salvador Huixcolotla,ayuntamiento,,high,state:state_code;level:gobierno_nivel;muni:inegi;singleton-body,PUE-Presidencia Municipal de San Salvador Huixcolotla,PUE,GM,PUE,4
2357,municipal|21|21053|ayuntamiento|,1,municipal,21,21053,Chignahuapan,ayuntamiento,,high,state:state_code;level:gobierno_nivel;muni:inegi;singleton-body,PUE-Presidencia Municipal de Chignahuapan,PUE,GM,PUE,86
2358,municipal|15|15002|ayuntamiento|,1,municipal,15,15002,Acolman,ayuntamiento,,high,state:state_code;level:gobierno_nivel;muni:inegi;singleton-body,MEX-Presidencia Municipal de Acolman,MEX,GM,MEX,21
2359,municipal|15|15108|ayuntamiento|,1,municipal,15,15108,Tultepec,ayuntamiento,,high,state:state_code;level:gobierno_nivel;muni:inegi;singleton-body,MEX-Presidencia Municipal de Tultepec,MEX,GM,MEX,16
2360,municipal|19|19014|ayuntamiento|,1,municipal,19,19014,Doctor Arroyo,ayuntamiento,,high,state:state_code;level:gobierno_nivel;muni:inegi;singleton-body,NL-Presidencia Municipal de Dr. Arroyo,NL,GM,NL,46
2361,municipal|21|21113|ayuntamiento|,1,municipal,21,21113,Piaxtla,ayuntamiento,,high,state:state_code;level:gobierno_nivel;muni:inegi;singleton-body,PUE-Presidencia Municipal de Piaxtla,PUE,GM,PUE,40
2362,municipal|15|15090|ayuntamiento|,2,municipal,15,15090,Tenango del Valle,ayuntamiento,,high,state:state_code;level:gobierno_nivel;muni:inegi;singleton-body,MEX-Presidencia Municipal de Tenango del Valle,MEX,GM,MEX,10
2363,municipal|21|21169|ayuntamiento|,1,municipal,21,21169,Tepexi de Rodríguez,ayuntamiento,,high,state:state_code;level:gobierno_nivel;muni:inegi;singleton-body,PUE-Presidencia Municipal de Tepexi de Rodríguez,PUE,GM,PUE,60
2364,municipal|25|25007|ayuntamiento|,2,municipal,25,25007,Choix,ayuntamiento,,high,state:state_code;level:gobierno_nivel;muni:inegi;singleton-body,SIN-Presidencia Municipal de Choix,SIN,GM,SIN,13
2365,state|03||secretaria|SECRETARIA DE EDUCACION PUBLICA,1,state,03,,,secretaria,SECRETARIA DE EDUCACION PUBLICA,high,state:state_code;level:gobierno_nivel,BCS-Secretaría de Educación Pública,BCS,GE,BCS,174
2366,municipal|16|16015|ayuntamiento|,1,municipal,16,16015,Coalcomán de Vázquez Pallares,ayuntamiento,,high,state:state_code;level:gobierno_nivel;muni:inegi;singleton-body,MICH-Presidencia Municipal de Coalcomán de Vázquez Pallares,MICH,GM,MICH,38
2367,,,federal,16,,,organismo,EL COLEGIO,n/a,state:text;level:gobierno_nivel,"El Colegio de Michoacán, A.C.",COLMICH,APF,,4868
2368,municipal|16|TXT:ORGANISMO OPERADOR DE AGUA POTABLE Y ALCANTARILLADO|organismo de agua|ORGANISMO OPERADOR DE AGUA POTABLE Y ALCANTARILLADO,1,municipal,16,TXT:ORGANISMO OPERADOR DE AGUA POTABLE Y ALCANTARILLADO,,organismo de agua,ORGANISMO OPERADOR DE AGUA POTABLE Y ALCANTARILLADO,low,state:state_code;level:gobierno_nivel;muni:unresolved,MICH-Organismo Operador De Agua Potable y Alcantarillado,MICH,GM,MICH,1
2369,state|10||organismo|COMISION DE SUELO Y VIVIENDA,1,state,10,,,organismo,COMISION DE SUELO Y VIVIENDA,high,state:state_code;level:gobierno_nivel,DGO-Comisión Estatal de Suelo y Vivienda de Durango,DGO,GE,DGO,42
2370,state|07||secretaria|SECRETARIA TECNICA DE INFRAESTRUCTURA Y PLANEACION,1,state,07,,,secretaria,SECRETARIA TECNICA DE INFRAESTRUCTURA Y PLANEACION,high,state:state_code;level:gobierno_nivel,CHIS-Secretaría Técnica de Infraestructura y Planeación,CHIS,GE,CHIS,15
2371,municipal|23|23009|ayuntamiento|,3,municipal,23,23009,Tulum,ayuntamiento,,high,state:name-prefix;level:gobierno_nivel;muni:inegi;singleton-body,Q ROO-Presidencia Municipal de Tulum,Q ROO,GM,,115
2372,,,federal,,,,organismo,SEGUROS DE CREDITO A LA VIVIENDA SHF,n/a,level:gobierno_nivel,"Seguros de Crédito a la Vivienda SHF, S.A. de C.V.",SCVSHF,APF,,84
2373,state|30||tecnologico superior (estatal)|INSTITUTO TECNOLOGICO SUPERIOR DE TANTOYUCA,2,state,30,,,tecnologico superior (estatal),INSTITUTO TECNOLOGICO SUPERIOR DE TANTOYUCA,high,state:state_code;level:gobierno_nivel,VER-Instituto Tecnológico Superior de Tantoyuca,VER,GE,VER,7
2374,municipal|15|15062|ayuntamiento|,1,municipal,15,15062,Ocoyoacac,ayuntamiento,,high,state:state_code;level:gobierno_nivel;muni:inegi;singleton-body,MEX-Presidencia Municipal de Ocoyoacac,MEX,GM,MEX,23
2375,state|15||universidad estatal|UNIVERSIDAD ESTATAL DEL VALLE DE TOLUCA,2,state,15,,,universidad estatal,UNIVERSIDAD ESTATAL DEL VALLE DE TOLUCA,high,state:state_code;level:gobierno_nivel,MEX-Universidad Estatal del Valle de Toluca,MEX,GE,MEX,182
2376,municipal|21|21200|ayuntamiento|,1,municipal,21,21200,Xochiapulco,ayuntamiento,,high,state:state_code;level:gobierno_nivel;muni:inegi;singleton-body,PUE-Presidencia Municipal de Xochiapulco,PUE,GM,PUE,7
2377,municipal|21|21131|ayuntamiento|,1,municipal,21,21131,San Juan Atzompa,ayuntamiento,,high,state:state_code;level:gobierno_nivel;muni:inegi;singleton-body,PUE-Presidencia Municipal de San Juan Atzompa,PUE,GM,PUE,9
2378,municipal|16|16104|ayuntamiento|,1,municipal,16,16104,Villamar,ayuntamiento,,high,state:state_code;level:gobierno_nivel;muni:inegi;singleton-body,MICH-Presidencia Municipal de Villamar,MICH,GM,MICH,36
2379,municipal|16|16052|ayuntamiento|,1,municipal,16,16052,Lázaro Cárdenas,ayuntamiento,,high,state:state_code;level:gobierno_nivel;muni:inegi;singleton-body,MICH-Presidencia Municipal de Lázaro Cárdenas,MICH,GM,MICH,18
2380,municipal|25|25016|ayuntamiento|,2,municipal,25,25016,San Ignacio,ayuntamiento,,high,state:state_code;level:gobierno_nivel;muni:inegi;singleton-body,SIN-Presidencia Municipal de San Ignacio,SIN,GM,SIN,53
2381,municipal|11|11008|ayuntamiento|,1,municipal,11,11008,Manuel Doblado,ayuntamiento,,high,state:state_code;level:gobierno_nivel;muni:inegi;singleton-body,GTO-Presidencia Municipal de Manuel Doblado,GTO,GM,GTO,28
2382,municipal|21|21092|ayuntamiento|,1,municipal,21,21092,Juan N. Méndez,ayuntamiento,,high,state:state_code;level:gobierno_nivel;muni:inegi;singleton-body,PUE-Presidencia Municipal de Juan N. Méndez,PUE,GM,PUE,5
2383,state|17||organismo|CENTRO DE INVESTIGACION Y DOCENCIA EN HUMANIDADES,1,state,17,,,organismo,CENTRO DE INVESTIGACION Y DOCENCIA EN HUMANIDADES,high,state:state_code;level:gobierno_nivel,MOR-Centro de Investigación y Docencia en Humanidades del Estado de Morelos,MOR,GE,MOR,20
2384,municipal|21|21217|ayuntamiento|,1,municipal,21,21217,Zoquitlán,ayuntamiento,,high,state:state_code;level:gobierno_nivel;muni:inegi;singleton-body,PUE-Presidencia Municipal de Zoquitlán,PUE,GM,PUE,45
2385,state|19||dif estatal|,3,state,19,,,dif estatal,,high,state:state_code;level:gobierno_nivel;singleton-body,NL-Sistema para el Desarrollo Integral de la Familia de Nuevo León,NL,GE,NL,1
2386,municipal|13|13036|ayuntamiento|,1,municipal,13,13036,San Agustín Metzquititlán,ayuntamiento,,high,state:state_code;level:gobierno_nivel;muni:inegi;singleton-body,HGO-Presidencia Municipal de San Agustín Metzquititlán,HGO,GM,HGO,35
2387,state|21||servicios de salud|,2,state,21,,,servicios de salud,,high,state:state_code;level:gobierno_nivel;singleton-body,PUE-Servicios de Salud del Estado de Puebla,PUE,GE,PUE,137
2388,municipal|16|16085|ayuntamiento|,1,municipal,16,16085,Tangancícuaro,ayuntamiento,,high,state:state_code;level:gobierno_nivel;muni:inegi;singleton-body,MICH-Presidencia Municipal de Tangancícuaro,MICH,GM,MICH,23
2389,state|17||universidad tecnologica|UNIVERSIDAD TECNOLOGICA DEL SUR,2,state,17,,,universidad tecnologica,UNIVERSIDAD TECNOLOGICA DEL SUR,high,state:state_code;level:gobierno_nivel,MOR-Universidad Tecnológica del Sur,MOR,GE,MOR,36
2390,state|09||secretaria|CONTRALORIA GENERAL,1,state,09,,,secretaria,CONTRALORIA GENERAL,high,state:state_code;level:gobierno_nivel,CDMX-Contraloría General del Distrito Federal,CDMX,GE,CDMX,22
2391,municipal|27|27011|ayuntamiento|,2,municipal,27,27011,Jonuta,ayuntamiento,,high,state:state_code;level:gobierno_nivel;muni:inegi;singleton-body,TAB-Presidencia Municipal de Jonuta,TAB,GM,TAB,25
2392,municipal|21|21073|ayuntamiento|,1,municipal,21,21073,Huehuetlán el Chico,ayuntamiento,,high,state:state_code;level:gobierno_nivel;muni:inegi;singleton-body,PUE-Presidencia Municipal de Huehuetlán el Chico,PUE,GM,PUE,24
2393,municipal|21|21085|ayuntamiento|,1,municipal,21,21085,Izúcar de Matamoros,ayuntamiento,,high,state:state_code;level:gobierno_nivel;muni:inegi;singleton-body,PUE-Presidencia Municipal de Izúcar de Matamoros,PUE,GM,PUE,108
2394,state|30||secretaria|SECRETARIA DE PROTECCION CIVIL,1,state,30,,,secretaria,SECRETARIA DE PROTECCION CIVIL,high,state:state_code;level:gobierno_nivel,VER-Secretaría de Protección Civil,VER,GE,VER,6
2395,state|27||secretaria de salud|,2,state,27,,,secretaria de salud,,high,state:state_code;level:gobierno_nivel;singleton-body,TAB-Secretaría de Salud,TAB,GE,TAB,547
2396,municipal|13|13024|ayuntamiento|,2,municipal,13,13024,Huasca de Ocampo,ayuntamiento,,high,state:state_code;level:gobierno_nivel;muni:inegi;singleton-body,HGO-Presidencia Municipal de Huasca de Ocampo,HGO,GM,HGO,3
2397,municipal|14|14053|ayuntamiento|,1,municipal,14,14053,Lagos de Moreno,ayuntamiento,,high,state:state_code;level:gobierno_nivel;muni:inegi;singleton-body,JAL-Presidencia Municipal de Lagos de Moreno,JAL,GM,JAL,46
2398,state|27||secretaria|SECRETARIA DE DESARROLLO ECONOMICO Y TURISMO,1,state,27,,,secretaria,SECRETARIA DE DESARROLLO ECONOMICO Y TURISMO,high,state:state_code;level:gobierno_nivel,TAB-Secretaría de Desarrollo Económico y Turismo,TAB,GE,TAB,10
2399,municipal|21|21020|ayuntamiento|,1,municipal,21,21020,Atoyatempan,ayuntamiento,,high,state:state_code;level:gobierno_nivel;muni:inegi;singleton-body,PUE-Presidencia Municipal de Atoyatempan,PUE,GM,PUE,13
2400,municipal|13|13022|ayuntamiento|,1,municipal,13,13022,Epazoyucan,ayuntamiento,,high,state:state_code;level:gobierno_nivel;muni:inegi;singleton-body,HGO-Presidencia Municipal de Epazoyucan,HGO,GM,HGO,2
2401,state|12||universidad tecnologica|UNIVERSIDAD TECNOLOGICA DE LA COSTA GRANDE,2,state,12,,,universidad tecnologica,UNIVERSIDAD TECNOLOGICA DE LA COSTA GRANDE,high,state:state_code;level:gobierno_nivel,GRO-Universidad Tecnológica de la Costa Grande de Guerrero,GRO,GE,GRO,21
2402,municipal|21|21165|ayuntamiento|,1,municipal,21,21165,Tepemaxalco,ayuntamiento,,high,state:state_code;level:gobierno_nivel;muni:inegi;singleton-body,PUE-Presidencia Municipal de Tepemaxalco,PUE,GM,PUE,5
2403,municipal|13|13041|ayuntamiento|,2,municipal,13,13041,Mixquiahuala de Juárez,ayuntamiento,,high,state:state_code;level:gobierno_nivel;muni:inegi;singleton-body,HGO-Presidencia Municipal de Mixquiahuala de Juárez,HGO,GM,HGO,4
2404,municipal|19|19001|ayuntamiento|,1,municipal,19,19001,Abasolo,ayuntamiento,,high,state:state_code;level:gobierno_nivel;muni:inegi;singleton-body,NL-Presidencia Municipal de Abasolo,NL,GM,NL,17
2405,municipal|13|13066|ayuntamiento|,1,municipal,13,13066,Villa de Tezontepec,ayuntamiento,,high,state:state_code;level:gobierno_nivel;muni:inegi;singleton-body,HGO-Presidencia Municipal de Villa de Tezontepec,HGO,GM,HGO,20
2406,municipal|20|20098|ayuntamiento|,1,municipal,20,20098,San Andrés Teotilálpam,ayuntamiento,,high,state:state_code;level:gobierno_nivel;muni:inegi;singleton-body,OAX-Presidencia Municipal de San Andrés Teotilálpam,OAX,GM,OAX,4
2407,municipal|07|07020|ayuntamiento|,1,municipal,07,07020,La Concordia,ayuntamiento,,high,state:state_code;level:gobierno_nivel;muni:inegi;singleton-body,CHIS-Presidencia Municipal de La Concordia,CHIS,GM,CHIS,5
2408,municipal|20|20242|ayuntamiento|,1,municipal,20,20242,San Martín Peras,ayuntamiento,,high,state:state_code;level:gobierno_nivel;muni:inegi;singleton-body,OAX-Presidencia Municipal de San Martín Peras,OAX,GM,OAX,6
2409,municipal|16|16006|ayuntamiento|,2,municipal,16,16006,Apatzingán,ayuntamiento,,high,state:state_code;level:gobierno_nivel;muni:inegi;singleton-body,MICH-Presidencia Municipal de Apatzingán,MICH,GM,MICH,4
2410,municipal|32|32029|ayuntamiento|,1,municipal,32,32029,Miguel Auza,ayuntamiento,,high,state:state_code;level:gobierno_nivel;muni:inegi;singleton-body,ZAC-Presidencia Municipal de Miguel Auza,ZAC,GM,ZAC,41
2411,municipal|05|05012|ayuntamiento|,1,municipal,05,05012,Guerrero,ayuntamiento,,high,state:state_code;text-state-overruled:12;level:gobierno_nivel;muni:inegi;singleton-body,COAH-Presidencia Municipal de Guerrero,COAH,GM,COAH,1
2412,municipal|22|22016|ayuntamiento|,2,municipal,22,22016,San Juan del Río,ayuntamiento,,high,state:state_code;level:gobierno_nivel;muni:inegi;singleton-body,QRO-Presidencia Municipal de San Juan del Río,QRO,GM,QRO,141
2413,state|27||secretaria|SECRETARIA DE PLANEACION Y FINANZAS,1,state,27,,,secretaria,SECRETARIA DE PLANEACION Y FINANZAS,high,state:state_code;level:gobierno_nivel,TAB-Secretaría de Planeación y Finanzas,TAB,GE,TAB,13
2414,municipal|16|16102|organismo de agua|COMISION DE AGUA POTABLE ALCANTARILLADO Y SANEAMIENTO,1,municipal,16,16102,Uruapan,organismo de agua,COMISION DE AGUA POTABLE ALCANTARILLADO Y SANEAMIENTO,high,state:state_code;level:gobierno_nivel;muni:inegi,"MICH-COMISIÓN DE AGUA POTABLE, ALCANTARILLADO Y SANEAMIENTO DEL MUNICIPIO DE URUAPAN",MICH,GM,MICH,16
2415,municipal|09|09008|organismo|ALCALDIA,1,municipal,09,09008,La Magdalena Contreras,organismo,ALCALDIA,high,state:state_code;level:gobierno_nivel;muni:inegi,CDMX-Alcaldía de La Magdalena Contreras,CDMX,GM,CDMX,54
2416,municipal|13|13084|ayuntamiento|,2,municipal,13,13084,Zimapán,ayuntamiento,,high,state:state_code;level:gobierno_nivel;muni:inegi;singleton-body,HGO-Presidencia Municipal de Zimapán,HGO,GM,HGO,76
2417,municipal|17|17031|ayuntamiento|,1,municipal,17,17031,Zacatepec,ayuntamiento,,high,state:state_code;level:gobierno_nivel;muni:inegi;singleton-body,MOR-Presidencia Municipal de Zacatepec,MOR,GM,MOR,22
2418,state|24||organismo|INSTITUTO DE CAPACITACION PARA EL TRABAJO,1,state,24,,,organismo,INSTITUTO DE CAPACITACION PARA EL TRABAJO,high,state:state_code;level:gobierno_nivel,SLP-Instituto de Capacitación para el Trabajo del Estado,SLP,GE,SLP,2
2419,state|17||organismo|INSTITUTO DE LA MUJER,2,state,17,,,organismo,INSTITUTO DE LA MUJER,high,state:state_code;level:gobierno_nivel,MOR-Instituto de la Mujer para el Estado de Morelos,MOR,GE,MOR,12
2420,state|09||secretaria|SECRETARIA DE DESARROLLO URBANO Y VIVIENDA,1,state,09,,,secretaria,SECRETARIA DE DESARROLLO URBANO Y VIVIENDA,high,state:state_code;level:gobierno_nivel,CDMX-Secretaría de Desarrollo Urbano y Vivienda,CDMX,GE,CDMX,12
2421,municipal|20|20446|ayuntamiento|,1,municipal,20,20446,Santa María Yucuhiti,ayuntamiento,,high,state:state_code;level:gobierno_nivel;muni:inegi;singleton-body,OAX-Presidencia Municipal de Santa María Yucuhiti,OAX,GM,OAX,5
2422,state|15||organismo|FIDEICOMISO PARA EL DESARROLLO DE PARQUES Y ZONAS INDUSTRIALES,2,state,15,,,organismo,FIDEICOMISO PARA EL DESARROLLO DE PARQUES Y ZONAS INDUSTRIALES,high,state:state_code;level:gobierno_nivel,MEX-Fideicomiso para el Desarrollo de Parques y Zonas Industriales en el Estado de México,MEX,GE,MEX,2
2423,municipal|15|15065|ayuntamiento|,1,municipal,15,15065,Otumba,ayuntamiento,,high,state:state_code;level:gobierno_nivel;muni:inegi;singleton-body,MEX-Presidencia Municipal de Otumba,MEX,GM,MEX,10
2424,municipal|32|32023|ayuntamiento|,2,municipal,32,32023,Juchipila,ayuntamiento,,high,state:state_code;level:gobierno_nivel;muni:inegi;singleton-body,ZAC-Presidencia Municipal de Juchipila,ZAC,GM,ZAC,56
2425,,,federal,,,,organismo,ADMINISTRACION DEL PATRIMONIO DE LA BENEFICENCIA PUBLICA,n/a,level:gobierno_nivel,Administración del Patrimonio de la Beneficencia Pública,APBP,APF,,58
2426,state|15||tecnologico superior (estatal)|TECNOLOGICO DE ESTUDIOS SUPERIORES DEL ORIENTE,2,state,15,,,tecnologico superior (estatal),TECNOLOGICO DE ESTUDIOS SUPERIORES DEL ORIENTE,high,state:state_code;level:gobierno_nivel,MEX-Tecnológico de Estudios Superiores del Oriente del Estado de México,MEX,GE,MEX,38
2427,municipal|12|12038|ayuntamiento|,1,municipal,12,12038,Zihuatanejo de Azueta,ayuntamiento,,high,state:state_code;level:gobierno_nivel;muni:inegi;singleton-body,GRO-Presidencia Municipal de Zihuatanejo de Azueta,GRO,GM,GRO,71
2428,municipal|29|29026|ayuntamiento|,1,municipal,29,29026,Santa Cruz Tlaxcala,ayuntamiento,,high,state:state_code;level:gobierno_nivel;muni:inegi;singleton-body,TLAX-Presidencia Municipal de Santa Cruz Tlaxcala,TLAX,GM,TLAX,4
2429,state|21||universidad intercultural|UNIVERSIDAD INTERCULTURAL,2,state,21,,,universidad intercultural,UNIVERSIDAD INTERCULTURAL,high,state:state_code;level:gobierno_nivel,PUE-Universidad Intercultural del Estado de Puebla,PUE,GE,PUE,84
2430,municipal|31|31071|ayuntamiento|,1,municipal,31,31071,Sudzal,ayuntamiento,,high,state:state_code;level:gobierno_nivel;muni:inegi;singleton-body,YUC-Presidencia Municipal de Sudzal,YUC,GM,YUC,1
2431,municipal|15|15059|ayuntamiento|,1,municipal,15,15059,Nextlalpan,ayuntamiento,,high,state:state_code;level:gobierno_nivel;muni:inegi;singleton-body,MEX-Presidencia Municipal de Nextlalpan,MEX,GM,MEX,24
2432,municipal|32|32038|ayuntamiento|,1,municipal,32,32038,Pinos,ayuntamiento,,high,state:state_code;level:gobierno_nivel;muni:inegi;singleton-body,ZAC-Presidencia Municipal de Pinos,ZAC,GM,ZAC,1
2433,state|32||organismo|INSTITUTO DE CULTURA FISICA Y DEPORTE,1,state,32,,,organismo,INSTITUTO DE CULTURA FISICA Y DEPORTE,high,state:state_code;level:gobierno_nivel,ZAC-Instituto de Cultura Física y Deporte del Estado de Zacatecas,ZAC,GE,ZAC,4
2434,municipal|16|16007|ayuntamiento|,1,municipal,16,16007,Aporo,ayuntamiento,,high,state:state_code;level:gobierno_nivel;muni:inegi;singleton-body,MICH-Presidencia Municipal de Aporo,MICH,GM,MICH,19
2435,municipal|19|19037|ayuntamiento|,1,municipal,19,19037,Mina,ayuntamiento,,high,state:state_code;level:gobierno_nivel;muni:inegi;singleton-body,NL-Presidencia Municipal de Mina,NL,GM,NL,3
2436,municipal|21|21072|ayuntamiento|,1,municipal,21,21072,Huehuetla,ayuntamiento,,high,state:state_code;level:gobierno_nivel;muni:inegi;singleton-body,PUE-Presidencia Municipal de Huehuetla,PUE,GM,PUE,16
2437,municipal|06|06007|organismo de agua|COMISION DE AGUA POTABLE DRENAJE Y ALCANTARILLADO,1,municipal,06,06007,Manzanillo,organismo de agua,COMISION DE AGUA POTABLE DRENAJE Y ALCANTARILLADO,high,state:state_code;level:gobierno_nivel;muni:inegi,COL-Comisión de Agua Potable Drenaje y Alcantarillado de Manzanillo,COL,GM,COL,15
2438,municipal|18|18016|ayuntamiento|,1,municipal,18,18016,Tecuala,ayuntamiento,,high,state:state_code;level:gobierno_nivel;muni:inegi;singleton-body,NAY-Presidencia Municipal de Tecuala,NAY,GM,NAY,35
2439,municipal|15|15083|ayuntamiento|,1,municipal,15,15083,Temamatla,ayuntamiento,,high,state:state_code;level:gobierno_nivel;muni:inegi;singleton-body,MEX-Presidencia Municipal de Temamatla,MEX,GM,MEX,22
2440,municipal|21|21210|ayuntamiento|,2,municipal,21,21210,Zapotitlán de Méndez,ayuntamiento,,high,state:state_code;level:gobierno_nivel;muni:inegi;singleton-body,PUE-Presidencia Municipal de Zapotitlán de Méndez,PUE,GM,PUE,6
2441,municipal|24|24039|ayuntamiento|,3,municipal,24,24039,Tampamolón Corona,ayuntamiento,,high,state:state_code;level:gobierno_nivel;muni:inegi;singleton-body,SLP-Presidencia Municipal de Tampamolón Corona,SLP,GM,SLP,49
2442,municipal|16|16112|ayuntamiento|,1,municipal,16,16112,Zitácuaro,ayuntamiento,,high,state:state_code;level:gobierno_nivel;muni:inegi;singleton-body,MICH-Presidencia Municipal de Zitácuaro,MICH,GM,MICH,72
2443,state|05||organismo|COMISION DE VIVIENDA,1,state,05,,,organismo,COMISION DE VIVIENDA,high,state:state_code;level:gobierno_nivel,COAH-Comisión Estatal de Vivienda,COAH,GE,COAH,65
2444,municipal|31|31086|ayuntamiento|,1,municipal,31,31086,Tepakán,ayuntamiento,,high,state:state_code;level:gobierno_nivel;muni:inegi;singleton-body,YUC-Presidencia Municipal de Tepakán,YUC,GM,YUC,2
2445,municipal|14|14004|ayuntamiento|,1,municipal,14,14004,Amacueca,ayuntamiento,,high,state:state_code;level:gobierno_nivel;muni:inegi;singleton-body,JAL-Presidencia Municipal de Amacueca,JAL,GM,JAL,1
2446,municipal|16|16110|ayuntamiento|,1,municipal,16,16110,Zinapécuaro,ayuntamiento,,high,state:state_code;level:gobierno_nivel;muni:inegi;singleton-body,MICH-Presidencia Municipal de Zinapécuaro,MICH,GM,MICH,35
2447,municipal|24|24003|ayuntamiento|,1,municipal,24,24003,Aquismón,ayuntamiento,,high,state:state_code;level:gobierno_nivel;muni:inegi;singleton-body,SLP-Presidencia Municipal de Aquismón,SLP,GM,SLP,39
2448,municipal|07|07065|ayuntamiento|,3,municipal,07,07065,Palenque,ayuntamiento,,high,state:state_code;level:gobierno_nivel;muni:inegi;singleton-body,CHIS-Presidencia Municipal de Palenque,CHIS,GM,CHIS,41
2449,municipal|31|31062|ayuntamiento|,1,municipal,31,31062,Sacalum,ayuntamiento,,high,state:state_code;level:gobierno_nivel;muni:inegi;singleton-body,YUC-Presidencia Municipal de Sacalum,YUC,GM,YUC,1
2450,municipal|27|27014|ayuntamiento|,3,municipal,27,27014,Paraíso,ayuntamiento,,high,state:state_code;level:gobierno_nivel;muni:inegi;singleton-body,TAB-Presidencia Municipal de Paraíso,TAB,GM,TAB,38
2451,municipal|15|15099|ayuntamiento|,3,municipal,15,15099,Texcoco,ayuntamiento,,high,state:state_code;level:gobierno_nivel;muni:inegi;singleton-body,MEX-Presidencia Municipal de Texcoco,MEX,GM,MEX,4
2452,municipal|12|12029|organismo de agua|COMISION DE AGUA POTABLE Y ALCANTARILLADO,1,municipal,12,12029,Chilpancingo de los Bravo,organismo de agua,COMISION DE AGUA POTABLE Y ALCANTARILLADO,high,state:state_code;level:gobierno_nivel;muni:inegi,GRO-Comision de Agua Potable y Alcantarillado de Chilpancingo,GRO,GM,GRO,26
2453,municipal|30|30158|ayuntamiento|,1,municipal,30,30158,Tecolutla,ayuntamiento,,high,state:state_code;level:gobierno_nivel;muni:inegi;singleton-body,VER-Presidencia Municipal de Tecolutla,VER,GM,VER,15
2454,municipal|16|16034|organismo de agua|SISTEMA DE AGUA POTABLE DRENAJE Y ALCANTARILLADO DE CIUDAD,1,municipal,16,16034,Hidalgo,organismo de agua,SISTEMA DE AGUA POTABLE DRENAJE Y ALCANTARILLADO DE CIUDAD,high,state:state_code;level:gobierno_nivel;muni:inegi,"MICH-Sistema de Agua Potable, Drenaje y Alcantarillado (S.A.P.A.) de Ciudad Hidalgo",MICH,GM,MICH,9
2455,municipal|20|20005|ayuntamiento|,1,municipal,20,20005,Asunción Ixtaltepec,ayuntamiento,,high,state:state_code;level:gobierno_nivel;muni:inegi;singleton-body,OAX-Presidencia Municipal de Asunción Ixtaltepec,OAX,GM,OAX,1
2456,municipal|24|24058|ayuntamiento|,1,municipal,24,24058,El Naranjo,ayuntamiento,,high,state:state_code;level:gobierno_nivel;muni:inegi;singleton-body,SLP-Presidencia Municipal de El Naranjo,SLP,GM,SLP,16
2457,municipal|26|26067|ayuntamiento|,1,municipal,26,26067,Villa Hidalgo,ayuntamiento,,high,state:state_code;level:gobierno_nivel;muni:inegi;singleton-body,SON-Presidencia Municipal de Villa Hidalgo,SON,GM,SON,2
2458,municipal|15|15032|ayuntamiento|,2,municipal,15,15032,Donato Guerra,ayuntamiento,,high,state:state_code;level:gobierno_nivel;muni:inegi;singleton-body,MEX-Presidencia Municipal de Donato Guerra,MEX,GM,MEX,46
2459,municipal|16|16044|ayuntamiento|,1,municipal,16,16044,Jiménez,ayuntamiento,,high,state:state_code;level:gobierno_nivel;muni:inegi;singleton-body,MICH-Presidencia Municipal de Jiménez,MICH,GM,MICH,96
2460,municipal|08|08065|ayuntamiento|,2,municipal,08,08065,Urique,ayuntamiento,,high,state:state_code;level:gobierno_nivel;muni:inegi;singleton-body,CHIH-Presidencia Municipal de Urique,CHIH,GM,CHIH,26
2461,municipal|21|21103|ayuntamiento|,1,municipal,21,21103,Nicolás Bravo,ayuntamiento,,high,state:state_code;level:gobierno_nivel;muni:inegi;singleton-body,PUE-Presidencia Municipal de Nicolás Bravo,PUE,GM,PUE,33
2462,municipal|17|17030|ayuntamiento|,1,municipal,17,17030,Yecapixtla,ayuntamiento,,high,state:state_code;level:gobierno_nivel;muni:inegi;singleton-body,MOR-Presidencia Municipal de Yecapixtla,MOR,GM,MOR,9
2463,state|24||organismo|INSTITUTO DE VIVIENDA,2,state,24,,,organismo,INSTITUTO DE VIVIENDA,high,state:state_code;level:gobierno_nivel,SLP-Instituto de Vivienda,SLP,GE,SLP,11
2464,municipal|21|21109|ayuntamiento|,1,municipal,21,21109,Pahuatlán,ayuntamiento,,high,state:state_code;level:gobierno_nivel;muni:inegi;singleton-body,PUE-Presidencia Municipal de Pahuatlán,PUE,GM,PUE,15
2465,municipal|12|12021|ayuntamiento|,1,municipal,12,12021,Coyuca de Benítez,ayuntamiento,,high,state:state_code;level:gobierno_nivel;muni:inegi;singleton-body,GRO-Presidencia Municipal de Coyuca de Benítez,GRO,GM,GRO,1
2466,municipal|16|16003|ayuntamiento|,1,municipal,16,16003,Álvaro Obregón,ayuntamiento,,high,state:state_code;level:gobierno_nivel;muni:inegi;singleton-body,MICH-Presidencia Municipal de Álvaro Obregón,MICH,GM,MICH,18
2467,state|22||organismo|UNIDAD DE SERVICIOS PARA LA EDUCACION BASICA,2,state,22,,,organismo,UNIDAD DE SERVICIOS PARA LA EDUCACION BASICA,high,state:state_code;level:gobierno_nivel,QRO-Unidad de Servicios para la Educación Básica del Estado de Querétaro,QRO,GE,QRO,159
2468,municipal|21|21029|ayuntamiento|,1,municipal,21,21029,Caxhuacan,ayuntamiento,,high,state:state_code;level:gobierno_nivel;muni:inegi;singleton-body,PUE-Presidencia Municipal de Caxhuacan,PUE,GM,PUE,3
2469,municipal|16|16048|ayuntamiento|,1,municipal,16,16048,Lagunillas,ayuntamiento,,high,state:state_code;level:gobierno_nivel;muni:inegi;singleton-body,MICH-Presidencia Municipal de Lagunillas,MICH,GM,MICH,25
2470,municipal|21|21091|ayuntamiento|,1,municipal,21,21091,Juan Galindo,ayuntamiento,,high,state:state_code;level:gobierno_nivel;muni:inegi;singleton-body,PUE-Presidencia Municipal de Juan Galindo,PUE,GM,PUE,29
2471,state|23||universidad tecnologica|UNIVERSIDAD TECNOLOGICA DE CHETUMAL,1,state,23,,,universidad tecnologica,UNIVERSIDAD TECNOLOGICA DE CHETUMAL,high,state:name-prefix;level:gobierno_nivel,Q ROO-Universidad Tecnológica de Chetumal,Q ROO,GE,,76
2472,state|27||organismo|COMISION DE RADIO Y TELEVISION,1,state,27,,,organismo,COMISION DE RADIO Y TELEVISION,high,state:state_code;level:gobierno_nivel,TAB-Comisión de Radio y Televisión de Tabasco,TAB,GE,TAB,16
2473,state|10||secretaria|SECRETARIA DE EDUCACION,1,state,10,,,secretaria,SECRETARIA DE EDUCACION,high,state:state_code;level:gobierno_nivel,DGO-Secretaría de Educación,DGO,GE,DGO,59
2474,municipal|12|12018|ayuntamiento|,1,municipal,12,12018,Copala,ayuntamiento,,high,state:state_code;level:gobierno_nivel;muni:inegi;singleton-body,GRO-Presidencia Municipal de Copala,GRO,GM,GRO,2
2475,municipal|21|21203|ayuntamiento|,1,municipal,21,21203,Xochitlán Todos Santos,ayuntamiento,,high,state:state_code;level:gobierno_nivel;muni:inegi;singleton-body,PUE-Presidencia Municipal de Xochitlán Todos Santos,PUE,GM,PUE,13
2476,municipal|14|TXT:SISTEMA INTERMUNICIPAL DE MANEJO DE RESIDUOS|organismo|SISTEMA INTERMUNICIPAL DE MANEJO DE RESIDUOS,1,municipal,14,TXT:SISTEMA INTERMUNICIPAL DE MANEJO DE RESIDUOS,,organismo,SISTEMA INTERMUNICIPAL DE MANEJO DE RESIDUOS,low,state:state_code;level:gobierno_nivel;muni:unresolved,JAL-Sistema Intermunicipal de Manejo de Residuos,JAL,GM,JAL,5
2477,municipal|13|13009|ayuntamiento|,2,municipal,13,13009,El Arenal,ayuntamiento,,high,state:state_code;level:gobierno_nivel;muni:inegi;singleton-body,HGO-Presidencia Municipal de El Arenal,HGO,GM,HGO,5
2478,municipal|17|17004|organismo de agua|SISTEMA OPERADOR DE AGUA POTABLE Y SANEAMIENTO,1,municipal,17,17004,Ayala,organismo de agua,SISTEMA OPERADOR DE AGUA POTABLE Y SANEAMIENTO,high,state:state_code;level:gobierno_nivel;muni:inegi,MOR-Sistema Operador de Agua Potable y Saneamiento del Municipio de Ayala,MOR,GM,MOR,9
2479,municipal|31|31093|ayuntamiento|,2,municipal,31,31093,Tixkokob,ayuntamiento,,high,state:state_code;level:gobierno_nivel;muni:inegi;singleton-body,YUC-Presidencia Municipal de Tixkokob,YUC,GM,YUC,3
2480,municipal|14|14015|ayuntamiento|,1,municipal,14,14015,Autlán de Navarro,ayuntamiento,,high,state:state_code;level:gobierno_nivel;muni:inegi;singleton-body,JAL-Presidencia Municipal de Autlán de Navarro,JAL,GM,JAL,3
2481,state|15||organismo|INSTITUTO DE INFORMACION E INVESTIGACION GEOGRAFICA ESTADISTICA Y CATASTRAL,2,state,15,,,organismo,INSTITUTO DE INFORMACION E INVESTIGACION GEOGRAFICA ESTADISTICA Y CATASTRAL,high,state:state_code;level:gobierno_nivel,"MEX-Instituto de Información e Investigación Geográfica, Estadística y Catastral del Estado de México",MEX,GE,MEX,7
2482,state|15||universidad intercultural|UNIVERSIDAD INTERCULTURAL,2,state,15,,,universidad intercultural,UNIVERSIDAD INTERCULTURAL,high,state:state_code;level:gobierno_nivel,MEX-Universidad Intercultural del Estado de México,MEX,GE,MEX,44
2483,municipal|16|16095|ayuntamiento|,1,municipal,16,16095,Tocumbo,ayuntamiento,,high,state:state_code;level:gobierno_nivel;muni:inegi;singleton-body,MICH-Presidencia Municipal de Tocumbo,MICH,GM,MICH,10
2484,state|19||universidad tecnologica|UNIVERSIDAD TECNOLOGICA GRAL MARIANO ESCOBEDO,3,state,19,,,universidad tecnologica,UNIVERSIDAD TECNOLOGICA GRAL MARIANO ESCOBEDO,high,state:state_code;level:gobierno_nivel,NL-Universidad Tecnológica Gral. Mariano Escobedo,NL,GE,NL,29
2485,municipal|19|19004|ayuntamiento|,1,municipal,19,19004,Allende,ayuntamiento,,high,state:state_code;level:gobierno_nivel;muni:inegi;singleton-body,NL-Presidencia Municipal de Allende,NL,GM,NL,17
2486,municipal|21|21013|ayuntamiento|,1,municipal,21,21013,Altepexi,ayuntamiento,,high,state:state_code;level:gobierno_nivel;muni:inegi;singleton-body,PUE-Presidencia Municipal de Altepexi,PUE,GM,PUE,9
2487,municipal|10|10018|organismo de agua|SISTEMA DESCENTRALIZADO DE AGUA POTABLE Y ALCANTARILLADO DGO,1,municipal,10,10018,El Oro,organismo de agua,SISTEMA DESCENTRALIZADO DE AGUA POTABLE Y ALCANTARILLADO DGO,high,state:state_code;level:gobierno_nivel;muni:inegi,"DGO-SISTEMA DESCENTRALIZADO DE AGUA POTABLE Y ALCANTARILLADO DEL MUNICIPIO DE EL ORO, DGO.",DGO,GM,DGO,18
2488,state|23||secretaria|SECRETARIA DE LA CONTRALORIA,1,state,23,,,secretaria,SECRETARIA DE LA CONTRALORIA,high,state:name-prefix;level:gobierno_nivel,Q ROO-Secretaría de la Contraloría,Q ROO,GE,,8
2489,state|02||organismo|COMISION DE SERVICIOS PUBLICOS DE MEXICALI,2,state,02,,,organismo,COMISION DE SERVICIOS PUBLICOS DE MEXICALI,high,state:state_code;level:gobierno_nivel,BC-Comisión Estatal de Servicios Públicos de Mexicali,BC,GE,BC,62
2490,municipal|08|08056|ayuntamiento|,1,municipal,08,08056,Valle del Rosario,ayuntamiento,,high,state:state_code;level:gobierno_nivel;muni:inegi;singleton-body,CHIH-Presidencia Municipal de Rosario,CHIH,GM,CHIH,6
2491,municipal|29|29037|ayuntamiento|,1,municipal,29,29037,Ziltlaltépec de Trinidad Sánchez Santos,ayuntamiento,,high,state:state_code;level:gobierno_nivel;muni:inegi;singleton-body,TLAX-Presidencia Municipal de Ziltlaltépec de Trinidad Sánchez Santos,TLAX,GM,TLAX,11
2492,state|27||organismo|INSTITUTO DE SEGURIDAD SOCIAL,2,state,27,,,organismo,INSTITUTO DE SEGURIDAD SOCIAL,high,state:state_code;level:gobierno_nivel,TAB-Instituto de Seguridad Social del Estado de Tabasco,TAB,GE,TAB,2
2493,state|23||organismo|PROCURADURIA DE PROTECCION AL AMBIENTE,1,state,23,,,organismo,PROCURADURIA DE PROTECCION AL AMBIENTE,high,state:name-prefix;level:gobierno_nivel,Q ROO-Procuraduría de Protección al Ambiente,Q ROO,GE,,20
2494,municipal|15|15096|ayuntamiento|,2,municipal,15,15096,Tequixquiac,ayuntamiento,,high,state:state_code;level:gobierno_nivel;muni:inegi;singleton-body,MEX-Presidencia Municipal de Tequixquiac,MEX,GM,MEX,4
2495,state|22||organismo|FIDEICOMISO PROMOTOR DEL EMPLEO,1,state,22,,,organismo,FIDEICOMISO PROMOTOR DEL EMPLEO,high,state:state_code;level:gobierno_nivel,QRO-Fideicomiso Promotor del Empleo,QRO,GE,QRO,1
2496,municipal|16|16091|ayuntamiento|,1,municipal,16,16091,Tingüindín,ayuntamiento,,high,state:state_code;level:gobierno_nivel;muni:inegi;singleton-body,MICH-Presidencia Municipal de Ting³indín,MICH,GM,MICH,35
2497,state|23||secretaria|SECRETARIA DE INFRAESTRUCTURA Y TRANSPORTE,2,state,23,,,secretaria,SECRETARIA DE INFRAESTRUCTURA Y TRANSPORTE,high,state:name-prefix;level:gobierno_nivel,Q ROO-Secretaría de Infraestructura y Transporte,Q ROO,GE,,107
2498,state|21||organismo|BENEMERITA UNIVERSIDAD AUTONOMA,2,state,21,,,organismo,BENEMERITA UNIVERSIDAD AUTONOMA,high,state:state_code;level:gobierno_nivel,PUE-Benemérita Universidad Autónoma de Puebla,PUE,GE,PUE,45
2499,state|30||tecnologico superior (estatal)|INSTITUTO TECNOLOGICO SUPERIOR DE JESUS CARRANZA,1,state,30,,,tecnologico superior (estatal),INSTITUTO TECNOLOGICO SUPERIOR DE JESUS CARRANZA,high,state:state_code;level:gobierno_nivel,VER-Instituto Tecnológico Superior de Jesús Carranza,VER,GE,VER,1
2500,municipal|16|16080|ayuntamiento|,1,municipal,16,16080,Senguio,ayuntamiento,,high,state:state_code;level:gobierno_nivel;muni:inegi;singleton-body,MICH-Presidencia Municipal de Senguio,MICH,GM,MICH,12
2501,municipal|15|15029|ayuntamiento|,1,municipal,15,15029,Chicoloapan,ayuntamiento,,high,state:state_code;level:gobierno_nivel;muni:inegi;singleton-body,MEX-Presidencia Municipal de Chicoloapan,MEX,GM,MEX,18
2502,municipal|16|16011|ayuntamiento|,1,municipal,16,16011,Briseñas,ayuntamiento,,high,state:state_code;level:gobierno_nivel;muni:inegi;singleton-body,MICH-Presidencia Municipal de Briseñas,MICH,GM,MICH,26
2503,municipal|24|TXT:ORGANISMO OPERADOR AGUA POTABLE|organismo de agua|ORGANISMO OPERADOR AGUA POTABLE,1,municipal,24,TXT:ORGANISMO OPERADOR AGUA POTABLE,,organismo de agua,ORGANISMO OPERADOR AGUA POTABLE,low,state:state_code;level:gobierno_nivel;muni:unresolved,SLP-ORGANISMO OPERADOR AGUA POTABLE (RIOVERDE),SLP,GM,SLP,24
2504,municipal|16|16017|ayuntamiento|,1,municipal,16,16017,Contepec,ayuntamiento,,high,state:state_code;level:gobierno_nivel;muni:inegi;singleton-body,MICH-Presidencia Municipal de Contepec,MICH,GM,MICH,5
2505,municipal|11|11041|organismo de agua|SISTEMA MUNICIPAL DE AGUA POTABLE Y ALCANTARILLADO,1,municipal,11,11041,Uriangato,organismo de agua,SISTEMA MUNICIPAL DE AGUA POTABLE Y ALCANTARILLADO,high,state:state_code;level:gobierno_nivel;muni:inegi,GTO-SISTEMA MUNICIPAL DE AGUA POTABLE Y ALCANTARILLADO DE URIANGATO,GTO,GM,GTO,12
2506,municipal|16|16061|ayuntamiento|,1,municipal,16,16061,Ocampo,ayuntamiento,,high,state:state_code;level:gobierno_nivel;muni:inegi;singleton-body,MICH-Presidencia Municipal de Ocampo,MICH,GM,MICH,13
2507,state|10||secretaria|SECRETARIA DE DESARROLLO ECONOMICO,1,state,10,,,secretaria,SECRETARIA DE DESARROLLO ECONOMICO,high,state:state_code;level:gobierno_nivel,DGO-Secretaría de Desarrollo Económico,DGO,GE,DGO,42
2508,municipal|06|06003|organismo de agua|COMISION DE AGUA POTABLE Y ALCANTARILLADO Y SANEAMIENTO,2,municipal,06,06003,Comala,organismo de agua,COMISION DE AGUA POTABLE Y ALCANTARILLADO Y SANEAMIENTO,high,state:state_code;level:gobierno_nivel;muni:inegi,COL-Comisión de Agua Potable y Alcantarillado y Saneamiento del municipio de Comala,COL,GM,COL,5
2509,municipal|17|17026|ayuntamiento|,1,municipal,17,17026,Tlayacapan,ayuntamiento,,high,state:state_code;level:gobierno_nivel;muni:inegi;singleton-body,MOR-Presidencia Municipal de Tlayacapan,MOR,GM,MOR,28
2510,municipal|17|17013|ayuntamiento|,1,municipal,17,17013,Jonacatepec de Leandro Valle,ayuntamiento,,high,state:state_code;level:gobierno_nivel;muni:inegi;singleton-body,MOR-Presidencia Municipal de Jonacatepec,MOR,GM,MOR,12
2511,municipal|16|16090|ayuntamiento|,1,municipal,16,16090,Tingambato,ayuntamiento,,high,state:state_code;level:gobierno_nivel;muni:inegi;singleton-body,MICH-Presidencia Municipal de Tingambato,MICH,GM,MICH,7
2512,municipal|17|17004|ayuntamiento|,1,municipal,17,17004,Ayala,ayuntamiento,,high,state:state_code;level:gobierno_nivel;muni:inegi;singleton-body,MOR-Presidencia Municipal de Ayala,MOR,GM,MOR,7
2513,,,federal,,,,organismo,CENTRO NACIONAL DE LA TRANSFUSION SANGUINEA,n/a,level:gobierno_nivel,Centro Nacional de la Transfusión Sanguínea,CNTS,APF,,379
2514,municipal|13|13034|ayuntamiento|,1,municipal,13,13034,Lolotla,ayuntamiento,,high,state:state_code;level:gobierno_nivel;muni:inegi;singleton-body,HGO-Presidencia Municipal de Lolotla,HGO,GM,HGO,31
2515,municipal|27|27016|ayuntamiento|,2,municipal,27,27016,Teapa,ayuntamiento,,high,state:state_code;level:gobierno_nivel;muni:inegi;singleton-body,TAB-Presidencia Municipal de Teapa,TAB,GM,TAB,15
2516,municipal|16|16093|ayuntamiento|,2,municipal,16,16093,Tlalpujahua,ayuntamiento,,high,state:state_code;level:gobierno_nivel;muni:inegi;singleton-body,MICH-Presidencia Municipal de Tlalpujahua,MICH,GM,MICH,5
2517,state|09||poder judicial|,1,state,09,,,poder judicial,,high,state:state_code;level:gobierno_nivel;singleton-body,CDMX-Tribunal Superior de Justicia del Distrito Federal,CDMX,GE,CDMX,9
2518,municipal|20|20150|ayuntamiento|,1,municipal,20,20150,San Francisco Telixtlahuaca,ayuntamiento,,high,state:state_code;level:gobierno_nivel;muni:inegi;singleton-body,OAX-Presidencia Municipal de San Francisco Telixtlahuaca,OAX,GM,OAX,3
2519,municipal|15|15051|ayuntamiento|,2,municipal,15,15051,Lerma,ayuntamiento,,high,state:state_code;level:gobierno_nivel;muni:inegi;singleton-body,MEX-Presidencia Municipal de Lerma,MEX,GM,MEX,8
2520,municipal|32|32015|ayuntamiento|,1,municipal,32,32015,El Plateado de Joaquín Amaro,ayuntamiento,,high,state:state_code;level:gobierno_nivel;muni:inegi;singleton-body,ZAC-Presidencia Municipal de El Plateado de Joaquín Amaro,ZAC,GM,ZAC,64
2521,municipal|15|15107|ayuntamiento|,1,municipal,15,15107,Tonatico,ayuntamiento,,high,state:state_code;level:gobierno_nivel;muni:inegi;singleton-body,MEX-Presidencia Municipal de Tonatico,MEX,GM,MEX,15
2522,municipal|13|13065|ayuntamiento|,1,municipal,13,13065,Tetepango,ayuntamiento,,high,state:state_code;level:gobierno_nivel;muni:inegi;singleton-body,HGO-Presidencia Municipal de Tetepango,HGO,GM,HGO,19
2523,municipal|05|05009|ayuntamiento|,1,municipal,05,05009,Francisco I. Madero,ayuntamiento,,high,state:state_code;level:gobierno_nivel;muni:inegi;singleton-body,COAH-Presidencia Municipal de Francisco I. Madero,COAH,GM,COAH,1
2524,municipal|29|29060|ayuntamiento|,2,municipal,29,29060,Santa Isabel Xiloxoxtla,ayuntamiento,,high,state:state_code;level:gobierno_nivel;muni:inegi;singleton-body,TLAX-Presidencia Municipal de Santa Isabel Xiloxoxtla,TLAX,GM,TLAX,2
2525,municipal|21|21123|ayuntamiento|,1,municipal,21,21123,San Felipe Tepatlán,ayuntamiento,,high,state:state_code;level:gobierno_nivel;muni:inegi;singleton-body,PUE-Presidencia Municipal de San Felipe Tepatlán,PUE,GM,PUE,15
2526,municipal|32|32036|ayuntamiento|,1,municipal,32,32036,Ojocaliente,ayuntamiento,,high,state:state_code;level:gobierno_nivel;muni:inegi;singleton-body,ZAC-Presidencia Municipal de Ojocaliente,ZAC,GM,ZAC,53
2527,municipal|15|15035|ayuntamiento|,1,municipal,15,15035,Huehuetoca,ayuntamiento,,high,state:state_code;level:gobierno_nivel;muni:inegi;singleton-body,MEX-Presidencia Municipal de Huehuetoca,MEX,GM,MEX,2
2528,municipal|15|15027|ayuntamiento|,1,municipal,15,15027,Chapultepec,ayuntamiento,,high,state:state_code;level:gobierno_nivel;muni:inegi;singleton-body,MEX-Presidencia Municipal de Chapultepec,MEX,GM,MEX,9
2529,municipal|15|15116|ayuntamiento|,1,municipal,15,15116,Zacazonapan,ayuntamiento,,high,state:state_code;level:gobierno_nivel;muni:inegi;singleton-body,MEX-Presidencia Municipal de Zacazonapan,MEX,GM,MEX,17
2530,municipal|21|21007|ayuntamiento|,1,municipal,21,21007,Ahuatlán,ayuntamiento,,high,state:state_code;level:gobierno_nivel;muni:inegi;singleton-body,PUE-Presidencia Municipal de Ahuatlán,PUE,GM,PUE,9
2531,municipal|21|21133|ayuntamiento|,1,municipal,21,21133,San Martín Totoltepec,ayuntamiento,,high,state:state_code;level:gobierno_nivel;muni:inegi;singleton-body,PUE-Presidencia Municipal de San Martín Totoltepec,PUE,GM,PUE,9
2532,state|31||dif estatal|,1,state,31,,,dif estatal,,high,state:state_code;level:gobierno_nivel;singleton-body,YUC-Sistema para el Desarrollo Integral de la Familia,YUC,GE,YUC,10
2533,municipal|21|21005|ayuntamiento|,1,municipal,21,21005,Acteopan,ayuntamiento,,high,state:state_code;level:gobierno_nivel;muni:inegi;singleton-body,PUE-Presidencia Municipal de Acteopan,PUE,GM,PUE,8
2534,municipal|21|21004|ayuntamiento|,1,municipal,21,21004,Acatzingo,ayuntamiento,,high,state:state_code;level:gobierno_nivel;muni:inegi;singleton-body,PUE-Presidencia Municipal de Acatzingo,PUE,GM,PUE,69
2535,municipal|16|16041|ayuntamiento|,1,municipal,16,16041,Irimbo,ayuntamiento,,high,state:state_code;level:gobierno_nivel;muni:inegi;singleton-body,MICH-Presidencia Municipal de Irimbo,MICH,GM,MICH,34
2536,municipal|16|16036|ayuntamiento|,1,municipal,16,16036,Huandacareo,ayuntamiento,,high,state:state_code;level:gobierno_nivel;muni:inegi;singleton-body,MICH-Presidencia Municipal de Huandacareo,MICH,GM,MICH,18
2537,state|24||tecnologico superior (estatal)|INSTITUTO TECNOLOGICO SUPERIOR,2,state,24,,,tecnologico superior (estatal),INSTITUTO TECNOLOGICO SUPERIOR,high,state:state_code;level:gobierno_nivel,SLP-Instituto Tecnológico Superior de San Luis Potosí,SLP,GE,SLP,2
2538,state|10||secretaria|SECRETARIA DE TURISMO,1,state,10,,,secretaria,SECRETARIA DE TURISMO,high,state:state_code;level:gobierno_nivel,DGO-Secretaría de Turismo,DGO,GE,DGO,2
2539,municipal|12|12066|ayuntamiento|,1,municipal,12,12066,Tlapa de Comonfort,ayuntamiento,,high,state:state_code;level:gobierno_nivel;muni:inegi;singleton-body,GRO-Presidencia Municipal de Tlapa de Comonfort,GRO,GM,GRO,12
2540,municipal|21|21178|ayuntamiento|,1,municipal,21,21178,Tlacuilotepec,ayuntamiento,,high,state:state_code;level:gobierno_nivel;muni:inegi;singleton-body,PUE-Presidencia Municipal de Tlacuilotepec,PUE,GM,PUE,31
2541,municipal|16|16097|ayuntamiento|,1,municipal,16,16097,Turicato,ayuntamiento,,high,state:state_code;level:gobierno_nivel;muni:inegi;singleton-body,MICH-Presidencia Municipal de Turicato,MICH,GM,MICH,7
2542,municipal|21|21108|ayuntamiento|,1,municipal,21,21108,Oriental,ayuntamiento,,high,state:state_code;level:gobierno_nivel;muni:inegi;singleton-body,PUE-Presidencia Municipal de Oriental,PUE,GM,PUE,20
2543,state|22||universidad politecnica|UNIVERSIDAD POLITECNICA,1,state,22,,,universidad politecnica,UNIVERSIDAD POLITECNICA,high,state:state_code;level:gobierno_nivel,QRO-Universidad Politécnica de Querétaro,QRO,GE,QRO,437
2544,municipal|32|32033|ayuntamiento|,1,municipal,32,32033,Moyahua de Estrada,ayuntamiento,,high,state:state_code;level:gobierno_nivel;muni:inegi;singleton-body,ZAC-Presidencia Municipal de Moyahua de Estrada,ZAC,GM,ZAC,12
2545,state|05||secretaria|SECRETARIA DE INCLUSION Y DESARROLLO SOCIAL,1,state,05,,,secretaria,SECRETARIA DE INCLUSION Y DESARROLLO SOCIAL,high,state:state_code;level:gobierno_nivel,COAH-Secretaría de Inclusión y Desarrollo Social,COAH,GE,COAH,112
2546,municipal|21|21089|ayuntamiento|,1,municipal,21,21089,Jopala,ayuntamiento,,high,state:state_code;level:gobierno_nivel;muni:inegi;singleton-body,PUE-Presidencia Municipal de Jopala,PUE,GM,PUE,13
2547,municipal|13|13070|ayuntamiento|,1,municipal,13,13070,Tlahuelilpan,ayuntamiento,,high,state:state_code;level:gobierno_nivel;muni:inegi;singleton-body,HGO-Presidencia Municipal de Tlahuelilpan,HGO,GM,HGO,2
2548,municipal|17|17028|ayuntamiento|,2,municipal,17,17028,Xochitepec,ayuntamiento,,high,state:state_code;level:gobierno_nivel;muni:inegi;singleton-body,MOR-Presidencia Municipal de Xochitepec,MOR,GM,MOR,6
2549,municipal|15|15067|ayuntamiento|,2,municipal,15,15067,Otzolotepec,ayuntamiento,,high,state:state_code;level:gobierno_nivel;muni:inegi;singleton-body,MEX-Presidencia Municipal de Otzolotepec,MEX,GM,MEX,9
2550,municipal|08|08006|ayuntamiento|,1,municipal,08,08006,Bachíniva,ayuntamiento,,high,state:state_code;level:gobierno_nivel;muni:inegi;singleton-body,CHIH-Presidencia Municipal de Bachíniva,CHIH,GM,CHIH,2
2551,municipal|16|16109|ayuntamiento|,1,municipal,16,16109,Zináparo,ayuntamiento,,high,state:state_code;level:gobierno_nivel;muni:inegi;singleton-body,MICH-Presidencia Municipal de Zináparo,MICH,GM,MICH,6
2552,municipal|16|16062|organismo de agua|COMITE DE AGUA POTABLE ALCANTARILLADO Y SANEAMIENTO,1,municipal,16,16062,Pajacuarán,organismo de agua,COMITE DE AGUA POTABLE ALCANTARILLADO Y SANEAMIENTO,high,state:state_code;level:gobierno_nivel;muni:inegi,MICH-Comité de Agua Potable Alcantarillado y Saneamiento del Pajacuaran,MICH,GM,MICH,1
2553,municipal|21|21197|ayuntamiento|,1,municipal,21,21197,Xicotepec,ayuntamiento,,high,state:state_code;level:gobierno_nivel;muni:inegi;singleton-body,PUE-Presidencia Municipal de Xicotepec,PUE,GM,PUE,70
2554,municipal|15|15011|ayuntamiento|,2,municipal,15,15011,Atenco,ayuntamiento,,high,state:state_code;level:gobierno_nivel;muni:inegi;singleton-body,MEX-Presidencia Municipal de Atenco,MEX,GM,MEX,4
2555,municipal|21|21171|ayuntamiento|,1,municipal,21,21171,Tepeyahualco de Cuauhtémoc,ayuntamiento,,high,state:state_code;level:gobierno_nivel;muni:inegi;singleton-body,PUE-Presidencia Municipal de Tepeyahualco de Cuauhtémoc,PUE,GM,PUE,12
2556,municipal|13|13075|ayuntamiento|,1,municipal,13,13075,Tolcayuca,ayuntamiento,,high,state:state_code;level:gobierno_nivel;muni:inegi;singleton-body,HGO-Presidencia Municipal de Tolcayuca,HGO,GM,HGO,7
2557,municipal|17|17012|ayuntamiento|,1,municipal,17,17012,Jojutla,ayuntamiento,,high,state:state_code;level:gobierno_nivel;muni:inegi;singleton-body,MOR-Presidencia Municipal de Jojutla,MOR,GM,MOR,11
2558,state|30||organismo|INSTITUTO DEL DEPORTE,1,state,30,,,organismo,INSTITUTO DEL DEPORTE,medium,state:state_code;level:gobierno_nivel;gentilicio-stripped,VER-Instituto Veracruzano del Deporte,VER,GE,VER,8
2559,municipal|11|11011|ayuntamiento|,1,municipal,11,11011,Cortazar,ayuntamiento,,high,state:state_code;level:gobierno_nivel;muni:inegi;singleton-body,GTO-Presidencia Municipal de Cortazar,GTO,GM,GTO,31
2560,municipal|18|18005|ayuntamiento|,1,municipal,18,18005,Huajicori,ayuntamiento,,high,state:state_code;level:gobierno_nivel;muni:inegi;singleton-body,NAY-Presidencia Municipal de Huajicori,NAY,GM,NAY,20
2561,municipal|16|16009|ayuntamiento|,1,municipal,16,16009,Ario,ayuntamiento,,high,state:state_code;level:gobierno_nivel;muni:inegi;singleton-body,MICH-Presidencia Municipal de Ario,MICH,GM,MICH,8
2562,state|07||fiscalia/procuraduria|PROCURADURIA GENERAL DE JUSTICIA,1,state,07,,,fiscalia/procuraduria,PROCURADURIA GENERAL DE JUSTICIA,high,state:state_code;level:gobierno_nivel,CHIS-Procuraduría General de Justicia,CHIS,GE,CHIS,1
2563,municipal|15|15110|ayuntamiento|,1,municipal,15,15110,Valle de Bravo,ayuntamiento,,high,state:state_code;level:gobierno_nivel;muni:inegi;singleton-body,MEX-Presidencia Municipal de Valle de Bravo,MEX,GM,MEX,3
2564,state|04||colegio de bachilleres|COLEGIO DE BACHILLERES,1,state,04,,,colegio de bachilleres,COLEGIO DE BACHILLERES,high,state:state_code;level:gobierno_nivel,CAMP-Colegio de Bachilleres del Estado de Campeche,CAMP,GE,CAMP,15
2565,municipal|25|25003|ayuntamiento|,2,municipal,25,25003,Badiraguato,ayuntamiento,,high,state:state_code;level:gobierno_nivel;muni:inegi;singleton-body,SIN-Presidencia Municipal de Badiraguato,SIN,GM,SIN,5
2566,municipal|20|20264|ayuntamiento|,1,municipal,20,20264,San Miguel Chicahua,ayuntamiento,,high,state:state_code;level:gobierno_nivel;muni:inegi;singleton-body,OAX-Presidencia Municipal de San Miguel Chicahua,OAX,GM,OAX,1
2567,municipal|16|16040|ayuntamiento|,1,municipal,16,16040,Indaparapeo,ayuntamiento,,high,state:state_code;level:gobierno_nivel;muni:inegi;singleton-body,MICH-Presidencia Municipal de Indaparapeo,MICH,GM,MICH,18
2568,municipal|17|17015|ayuntamiento|,1,municipal,17,17015,Miacatlán,ayuntamiento,,high,state:state_code;level:gobierno_nivel;muni:inegi;singleton-body,MOR-Presidencia Municipal de Miacatlán,MOR,GM,MOR,37
2569,municipal|15|15009|ayuntamiento|,2,municipal,15,15009,Amecameca,ayuntamiento,,high,state:state_code;level:gobierno_nivel;muni:inegi;singleton-body,MEX-Presidencia Municipal de Amecameca,MEX,GM,MEX,8
2570,municipal|15|15106|ayuntamiento|,2,municipal,15,15106,Toluca,ayuntamiento,,high,state:state_code;level:gobierno_nivel;muni:inegi;singleton-body,MEX-Presidencia Municipal de Toluca,MEX,GM,MEX,69
2571,municipal|13|13082|ayuntamiento|,1,municipal,13,13082,Zapotlán de Juárez,ayuntamiento,,high,state:state_code;level:gobierno_nivel;muni:inegi;singleton-body,HGO-Presidencia Municipal de Zapotlán de Juárez,HGO,GM,HGO,2
2572,state|10||cecyte|COLEGIO DE ESTUDIOS CIENTIFICOS Y TECNOLOGICOS,1,state,10,,,cecyte,COLEGIO DE ESTUDIOS CIENTIFICOS Y TECNOLOGICOS,high,state:state_code;level:gobierno_nivel,DGO-Colegio de Estudios Científicos y Tecnológicos del Estado de Durango,DGO,GE,DGO,159
2573,municipal|11|11003|organismo de agua|SISTEMA DE AGUA POTABLE Y ALCANTARILLADO,1,municipal,11,11003,San Miguel de Allende,organismo de agua,SISTEMA DE AGUA POTABLE Y ALCANTARILLADO,high,state:state_code;level:gobierno_nivel;muni:inegi,GTO-Sistema de Agua Potable y Alcantarillado de San Miguel de Allende,GTO,GM,GTO,22
2574,municipal|13|13007|ayuntamiento|,1,municipal,13,13007,Almoloya,ayuntamiento,,high,state:state_code;level:gobierno_nivel;muni:inegi;singleton-body,HGO-Presidencia Municipal de Almoloya,HGO,GM,HGO,2
2575,municipal|29|29053|ayuntamiento|,1,municipal,29,29053,San Juan Huactzinco,ayuntamiento,,high,state:state_code;level:gobierno_nivel;muni:inegi;singleton-body,TLAX-Presidencia Municipal de San Juan Huactzinco,TLAX,GM,TLAX,1
2576,municipal|21|21126|ayuntamiento|,1,municipal,21,21126,San Jerónimo Tecuanipan,ayuntamiento,,high,state:state_code;level:gobierno_nivel;muni:inegi;singleton-body,PUE-Presidencia Municipal de San Jerónimo Tecuanipan,PUE,GM,PUE,4
2577,municipal|08|08038|ayuntamiento|,1,municipal,08,08038,Julimes,ayuntamiento,,high,state:state_code;level:gobierno_nivel;muni:inegi;singleton-body,CHIH-Presidencia Municipal de Julimes,CHIH,GM,CHIH,6
2578,municipal|13|13018|ayuntamiento|,1,municipal,13,13018,Chapulhuacán,ayuntamiento,,high,state:state_code;level:gobierno_nivel;muni:inegi;singleton-body,HGO-Presidencia Municipal de Chapulhuacán,HGO,GM,HGO,3
2579,municipal|20|20302|ayuntamiento|,1,municipal,20,20302,San Pedro Atoyac,ayuntamiento,,high,state:state_code;level:gobierno_nivel;muni:inegi;singleton-body,OAX-Presidencia Municipal de San Pedro Atoyac,OAX,GM,OAX,3
2580,municipal|21|21063|ayuntamiento|,1,municipal,21,21063,Esperanza,ayuntamiento,,high,state:state_code;level:gobierno_nivel;muni:inegi;singleton-body,PUE-Presidencia Municipal de Esperanza,PUE,GM,PUE,22
2581,municipal|11|11021|organismo de agua|SISTEMA MUNICIPAL DE AGUA POTABLE Y ALCANTARILLADO,1,municipal,11,11021,Moroleón,organismo de agua,SISTEMA MUNICIPAL DE AGUA POTABLE Y ALCANTARILLADO,high,state:state_code;level:gobierno_nivel;muni:inegi,GTO-Sistema Municipal de Agua Potable y Alcantarillado de Moroleón,GTO,GM,GTO,20
2582,municipal|16|16072|ayuntamiento|,1,municipal,16,16072,Queréndaro,ayuntamiento,,high,state:state_code;level:gobierno_nivel;muni:inegi;singleton-body,MICH-Presidencia Municipal de Queréndaro,MICH,GM,MICH,13
2583,state|15||tecnologico superior (estatal)|TECNOLOGICO DE ESTUDIOS SUPERIORES DE TIANGUISTENCO,2,state,15,,,tecnologico superior (estatal),TECNOLOGICO DE ESTUDIOS SUPERIORES DE TIANGUISTENCO,high,state:state_code;level:gobierno_nivel,MEX-Tecnológico de Estudios Superiores de Tianguistenco,MEX,GE,MEX,2
2584,municipal|15|15046|ayuntamiento|,1,municipal,15,15046,Jilotzingo,ayuntamiento,,high,state:state_code;level:gobierno_nivel;muni:inegi;singleton-body,MEX-Presidencia Municipal de Jilotzingo,MEX,GM,MEX,3
2585,municipal|27|27006|ayuntamiento|,2,municipal,27,27006,Cunduacán,ayuntamiento,,high,state:state_code;level:gobierno_nivel;muni:inegi;singleton-body,TAB-Presidencia Municipal de Cunduacán,TAB,GM,TAB,52
2586,municipal|15|15025|organismo de agua|SERVICIOS DE AGUA POTABLE ALCANTARILLADO Y SANEAMIENTO,2,municipal,15,15025,Chalco,organismo de agua,SERVICIOS DE AGUA POTABLE ALCANTARILLADO Y SANEAMIENTO,high,state:state_code;level:gobierno_nivel;muni:inegi,"MEX-Servicios de Agua Potable, Alcantarillado y Saneamiento del municipio de Chalco",MEX,GM,MEX,1
2587,state|26||organismo|INSTITUTO DE LA JUVENTUD,1,state,26,,,organismo,INSTITUTO DE LA JUVENTUD,medium,state:state_code;level:gobierno_nivel;gentilicio-stripped,SON-Instituto Sonorense de la Juventud,SON,GE,SON,1
2588,state|15||secretaria|SECRETARIA DE FINANZAS,2,state,15,,,secretaria,SECRETARIA DE FINANZAS,high,state:state_code;level:gobierno_nivel,MEX-Secretaría de Finanzas,MEX,GE,MEX,991
2589,state|22||universidad politecnica|UNIVERSIDAD POLITECNICA DE SANTA ROSA JAUREGUI,2,state,22,,,universidad politecnica,UNIVERSIDAD POLITECNICA DE SANTA ROSA JAUREGUI,high,state:state_code;level:gobierno_nivel,QRO-Universidad Politécnica de Santa Rosa Jáuregui,QRO,GE,QRO,9
2590,municipal|24|24027|ayuntamiento|,1,municipal,24,24027,San Ciro de Acosta,ayuntamiento,,high,state:state_code;level:gobierno_nivel;muni:inegi;singleton-body,SLP-Presidencia Municipal de San Ciro de Acosta,SLP,GM,SLP,35
2591,state|32||organismo|INSTITUTO DE SEGURIDAD Y SERVICIOS SOCIALES PARA LOS TRABAJADORES,1,state,32,,,organismo,INSTITUTO DE SEGURIDAD Y SERVICIOS SOCIALES PARA LOS TRABAJADORES,high,state:state_code;level:gobierno_nivel,ZAC-Instituto de Seguridad y Servicios Sociales para los Trabajadores del Estado,ZAC,GE,ZAC,1
2592,municipal|21|21208|organismo de agua|SISTEMA OPERADOR DE LOS SERVICIOS DE AGUA POTABLE Y ALCANTARILLADO,1,municipal,21,21208,Zacatlán,organismo de agua,SISTEMA OPERADOR DE LOS SERVICIOS DE AGUA POTABLE Y ALCANTARILLADO,high,state:state_code;level:gobierno_nivel;muni:inegi,PUE-Sistema Operador de los Servicios de Agua Potable y Alcantarillado del municipio de Zacatlán,PUE,GM,PUE,6
2593,municipal|15|15058|organismo de agua|ORGANISMO DESCENTRALIZADO DEL AGUA POTABLE,1,municipal,15,15058,Nezahualcóyotl,organismo de agua,ORGANISMO DESCENTRALIZADO DEL AGUA POTABLE,high,state:state_code;level:gobierno_nivel;muni:inegi,MEX-ORGANISMO DESCENTRALIZADO DEL AGUA POTABLE DE NEZAHUALCOYOTL,MEX,GM,MEX,10
2594,state|30||secretaria|SECRETARIA DE EDUCACION,2,state,30,,,secretaria,SECRETARIA DE EDUCACION,high,state:state_code;level:gobierno_nivel,VER-Secretaría de Educación,VER,GE,VER,164
2595,municipal|17|17010|ayuntamiento|,1,municipal,17,17010,Jantetelco,ayuntamiento,,high,state:state_code;level:gobierno_nivel;muni:inegi;singleton-body,MOR-Presidencia Municipal de Jantetelco,MOR,GM,MOR,50
2596,,,federal,,,,organismo,CONSEJO NACIONAL PARA EL DESARROLLO Y LA INCLUSION DE LAS PERSONAS CON DISCAPACIDAD,n/a,level:gobierno_nivel,Consejo Nacional para el Desarrollo y la Inclusión de las Personas con Discapacidad,CONADIS,APF,,137
2597,state|20||organismo de agua|SERVICIOS DE AGUA POTABLE Y ALCANTARILLADO,1,state,20,,,organismo de agua,SERVICIOS DE AGUA POTABLE Y ALCANTARILLADO,high,state:state_code;level:gobierno_nivel,OAX-Servicios de Agua Potable y Alcantarillado de Oaxaca,OAX,GE,OAX,63
2598,municipal|20|20137|ayuntamiento|,1,municipal,20,20137,San Francisco Cahuacuá,ayuntamiento,,high,state:state_code;level:gobierno_nivel;muni:inegi;singleton-body,OAX-Presidencia Municipal de San Francisco Cahuacuá,OAX,GM,OAX,1
2599,state|23||organismo|INSTITUTO DE CAPACITACION PARA EL TRABAJO,1,state,23,,,organismo,INSTITUTO DE CAPACITACION PARA EL TRABAJO,high,state:name-prefix;level:gobierno_nivel,Q ROO-Instituto de Capacitación para el Trabajo,Q ROO,GE,,4
2600,municipal|21|21010|ayuntamiento|,1,municipal,21,21010,Ajalpan,ayuntamiento,,high,state:state_code;level:gobierno_nivel;muni:inegi;singleton-body,PUE-Presidencia Municipal de Ajalpan,PUE,GM,PUE,145
2601,state|13||secretaria|SECRETARIA DE DESARROLLO SOCIAL,2,state,13,,,secretaria,SECRETARIA DE DESARROLLO SOCIAL,high,state:state_code;level:gobierno_nivel,HGO-Secretaría de Desarrollo Social,HGO,GE,HGO,112
2602,municipal|21|21071|ayuntamiento|,1,municipal,21,21071,Huauchinango,ayuntamiento,,high,state:state_code;level:gobierno_nivel;muni:inegi;singleton-body,PUE-Presidencia Municipal de Huauchinango,PUE,GM,PUE,202
2603,state|14||organismo|SISTEMA DE TREN ELECTRICO URBANO,1,state,14,,,organismo,SISTEMA DE TREN ELECTRICO URBANO,high,state:state_code;level:gobierno_nivel,JAL-Sistema de Tren Eléctrico Urbano,JAL,GE,JAL,4
2604,,,federal,,,,organismo,FONATUR TREN MAYA,n/a,level:gobierno_nivel,"FONATUR Tren Maya, S.A. de C.V.",FONATUR TREN MAYA,APF,,1073
2605,municipal|32|32040|ayuntamiento|,2,municipal,32,32040,Sain Alto,ayuntamiento,,high,state:state_code;level:gobierno_nivel;muni:inegi;singleton-body,ZAC-Presidencia Municipal de Sain Alto,ZAC,GM,ZAC,62
2606,municipal|17|17007|ayuntamiento|,2,municipal,17,17007,Cuernavaca,ayuntamiento,,high,state:state_code;level:gobierno_nivel;muni:inegi;singleton-body,MOR-Presidencia Municipal de Cuernavaca,MOR,GM,MOR,191
2607,municipal|28|28032|ayuntamiento|,4,municipal,28,28032,Reynosa,ayuntamiento,,high,state:name-prefix;level:gobierno_nivel;muni:inegi;singleton-body,TAMPS-Presidencia Municipal de Reynosa,TAMPS,GM,,358
2608,municipal|15|15109|ayuntamiento|,3,municipal,15,15109,Tultitlán,ayuntamiento,,high,state:state_code;level:gobierno_nivel;muni:inegi;singleton-body,MEX-Presidencia Municipal de Tultitlán,MEX,GM,MEX,33
2609,municipal|14|14125|ayuntamiento|,1,municipal,14,14125,San Ignacio Cerro Gordo,ayuntamiento,,high,state:state_code;level:gobierno_nivel;muni:inegi;singleton-body,JAL-Presidencia Municipal de San Ignacio Cerro Gordo,JAL,GM,JAL,35
2610,municipal|20|20014|ayuntamiento|,1,municipal,20,20014,Ciudad Ixtepec,ayuntamiento,,high,state:state_code;level:gobierno_nivel;muni:inegi;singleton-body,OAX-Presidencia Municipal de Ciudad Ixtepec,OAX,GM,OAX,28
2611,municipal|27|27015|ayuntamiento|,2,municipal,27,27015,Tacotalpa,ayuntamiento,,high,state:state_code;level:gobierno_nivel;muni:inegi;singleton-body,TAB-Presidencia Municipal de Tacotalpa,TAB,GM,TAB,42
2612,municipal|30|30092|ayuntamiento|,1,municipal,30,30092,Xico,ayuntamiento,,high,state:state_code;level:gobierno_nivel;muni:inegi;singleton-body,VER-Presidencia Municipal de Xico,VER,GM,VER,30
2613,state|09||dif estatal|,1,state,09,,,dif estatal,,high,state:state_code;level:gobierno_nivel;singleton-body,CDMX-Sistema para el Desarrollo Integral de la Familia del Distrito Federal,CDMX,GE,CDMX,16
2614,municipal|17|17011|ayuntamiento|,1,municipal,17,17011,Jiutepec,ayuntamiento,,high,state:state_code;level:gobierno_nivel;muni:inegi;singleton-body,MOR-Presidencia Municipal de Jiutepec,MOR,GM,MOR,152
2615,,,federal,,,,organismo,INSTITUTO NACIONAL PARA EL DESARROLLO DE CAPACIDADES DEL SECTOR RURAL,n/a,level:gobierno_nivel,"Instituto Nacional para el Desarrollo de Capacidades del Sector Rural, A.C.",INCARURAL,APF,,3686
2616,municipal|20|20385|ayuntamiento|,1,municipal,20,20385,Santa Cruz Xoxocotlán,ayuntamiento,,high,state:state_code;level:gobierno_nivel;muni:inegi;singleton-body,OAX-Presidencia Municipal de Santa Cruz Xoxocotlán,OAX,GM,OAX,3
2617,municipal|10|10028|ayuntamiento|,1,municipal,10,10028,San Juan del Río,ayuntamiento,,high,state:state_code;level:gobierno_nivel;muni:inegi;singleton-body,DGO-Presidencia Municipal de San Juan del Río,DGO,GM,DGO,97
2618,municipal|08|08021|ayuntamiento|,3,municipal,08,08021,Delicias,ayuntamiento,,high,state:state_code;level:gobierno_nivel;muni:inegi;singleton-body,CHIH-Presidencia Municipal de Delicias,CHIH,GM,CHIH,93
2619,municipal|05|05010|ayuntamiento|,1,municipal,05,05010,Frontera,ayuntamiento,,high,state:state_code;level:gobierno_nivel;muni:inegi;singleton-body,COAH-Presidencia Municipal de Frontera,COAH,GM,COAH,75
2620,state|18||servicios de salud|,3,state,18,,,servicios de salud,,high,state:state_code;level:gobierno_nivel;singleton-body,NAY-Servicios de Salud Pública de Nayarit,NAY,GE,NAY,172
2621,municipal|07|07078|ayuntamiento|,1,municipal,07,07078,San Cristóbal de las Casas,ayuntamiento,,high,state:state_code;level:gobierno_nivel;muni:inegi;singleton-body,CHIS-Presidencia Municipal de San Cristóbal de las Casas,CHIS,GM,CHIS,55
2622,municipal|21|21166|ayuntamiento|,1,municipal,21,21166,Tepeojuma,ayuntamiento,,high,state:state_code;level:gobierno_nivel;muni:inegi;singleton-body,PUE-Presidencia Municipal de Tepeojuma,PUE,GM,PUE,31
2623,municipal|21|21186|ayuntamiento|,1,municipal,21,21186,Tlatlauquitepec,ayuntamiento,,high,state:state_code;level:gobierno_nivel;muni:inegi;singleton-body,PUE-Presidencia Municipal de Tlatlauquitepec,PUE,GM,PUE,25
2624,state|27||organismo|INSTITUTO DE LA JUVENTUD INJUTAB,1,state,27,,,organismo,INSTITUTO DE LA JUVENTUD INJUTAB,high,state:state_code;level:gobierno_nivel,"TAB-Instituto de la Juventud de Tabasco, INJUTAB",TAB,GE,TAB,54
2625,municipal|21|21112|ayuntamiento|,1,municipal,21,21112,Petlalcingo,ayuntamiento,,high,state:state_code;level:gobierno_nivel;muni:inegi;singleton-body,PUE-Presidencia Municipal de Petlalcingo,PUE,GM,PUE,14
2626,state|11||secretaria|SECRETARIA DE OBRA PUBLICA,3,state,11,,,secretaria,SECRETARIA DE OBRA PUBLICA,high,state:state_code;level:gobierno_nivel,GTO-Secretaría de Obra Pública,GTO,GE,GTO,323
2627,municipal|21|21189|ayuntamiento|,1,municipal,21,21189,Tochtepec,ayuntamiento,,high,state:state_code;level:gobierno_nivel;muni:inegi;singleton-body,PUE-Presidencia Municipal de Tochtepec,PUE,GM,PUE,53
2628,municipal|21|21155|ayuntamiento|,1,municipal,21,21155,Tecomatlán,ayuntamiento,,high,state:state_code;level:gobierno_nivel;muni:inegi;singleton-body,PUE-Presidencia Municipal de Tecomatlán,PUE,GM,PUE,73
2629,municipal|32|32013|ayuntamiento|,1,municipal,32,32013,General Enrique Estrada,ayuntamiento,,high,state:state_code;level:gobierno_nivel;muni:inegi;singleton-body,ZAC-Presidencia Municipal de General Enrique Estrada,ZAC,GM,ZAC,54
2630,municipal|21|21134|ayuntamiento|,2,municipal,21,21134,San Matías Tlalancaleca,ayuntamiento,,high,state:state_code;level:gobierno_nivel;muni:inegi;singleton-body,PUE-Presidencia Municipal de San Matías Tlalancaleca,PUE,GM,PUE,6
2631,municipal|21|21130|ayuntamiento|,1,municipal,21,21130,San Juan Atenco,ayuntamiento,,high,state:state_code;level:gobierno_nivel;muni:inegi;singleton-body,PUE-Presidencia Municipal de San Juan Atenco,PUE,GM,PUE,9
2632,municipal|21|21159|ayuntamiento|,1,municipal,21,21159,Teopantlán,ayuntamiento,,high,state:state_code;level:gobierno_nivel;muni:inegi;singleton-body,PUE-Presidencia Municipal de Teopantlán,PUE,GM,PUE,6
2633,municipal|15|15018|ayuntamiento|,1,municipal,15,15018,Calimaya,ayuntamiento,,high,state:state_code;level:gobierno_nivel;muni:inegi;singleton-body,MEX-Presidencia Municipal de Calimaya,MEX,GM,MEX,13
2634,municipal|29|29010|ayuntamiento|,2,municipal,29,29010,Chiautempan,ayuntamiento,,high,state:state_code;level:gobierno_nivel;muni:inegi;singleton-body,TLAX-Presidencia Municipal de Chiautempan,TLAX,GM,TLAX,12
2635,municipal|13|13002|ayuntamiento|,2,municipal,13,13002,Acaxochitlán,ayuntamiento,,high,state:state_code;level:gobierno_nivel;muni:inegi;singleton-body,HGO-Presidencia Municipal de Acaxochitlán,HGO,GM,HGO,57
2636,municipal|10|10007|ayuntamiento|,1,municipal,10,10007,Gómez Palacio,ayuntamiento,,high,state:state_code;level:gobierno_nivel;muni:inegi;singleton-body,DGO-Presidencia Municipal de Gómez Palacio,DGO,GM,DGO,63
2637,municipal|15|15017|ayuntamiento|,1,municipal,15,15017,Ayapango,ayuntamiento,,high,state:state_code;level:gobierno_nivel;muni:inegi;singleton-body,MEX-Presidencia Municipal de Ayapango,MEX,GM,MEX,3
2638,state|16||tecnologico superior (estatal)|INSTITUTO TECNOLOGICO SUPERIOR DE CIUDAD HIDALGO,1,state,16,,,tecnologico superior (estatal),INSTITUTO TECNOLOGICO SUPERIOR DE CIUDAD HIDALGO,high,state:state_code;level:gobierno_nivel,MICH-Instituto Tecnológico Superior de Ciudad Hidalgo,MICH,GE,MICH,39
2639,municipal|21|21025|ayuntamiento|,1,municipal,21,21025,Ayotoxco de Guerrero,ayuntamiento,,high,state:state_code;text-state-overruled:12;level:gobierno_nivel;muni:inegi;singleton-body,PUE-Presidencia Municipal de Ayotoxco de Guerrero,PUE,GM,PUE,20
2640,municipal|21|21115|ayuntamiento|,1,municipal,21,21115,Quecholac,ayuntamiento,,high,state:state_code;level:gobierno_nivel;muni:inegi;singleton-body,PUE-Presidencia Municipal de Quecholac,PUE,GM,PUE,13
2641,municipal|19|19029|ayuntamiento|,1,municipal,19,19029,Hualahuises,ayuntamiento,,high,state:state_code;level:gobierno_nivel;muni:inegi;singleton-body,NL-Presidencia Municipal de Hualahuises,NL,GM,NL,21
2642,state|16||secretaria|SECRETARIA DE IGUALDAD SUSTANTIVA Y DESARROLLO DE LAS MUJERES,1,state,16,,,secretaria,SECRETARIA DE IGUALDAD SUSTANTIVA Y DESARROLLO DE LAS MUJERES,medium,state:state_code;level:gobierno_nivel;gentilicio-stripped,MICH-Secretaría de Igualdad Sustantiva y Desarrollo de las Mujeres Michoacanas,MICH,GE,MICH,192
2643,municipal|25|25016|organismo de agua|JUNTA MUN DE AGUA POT Y ALCANT,1,municipal,25,25016,San Ignacio,organismo de agua,JUNTA MUN DE AGUA POT Y ALCANT,high,state:state_code;level:gobierno_nivel;muni:inegi,SIN-JUNTA MUN. DE AGUA POT. Y ALCANT. DE SAN IGNACIO,SIN,GM,SIN,10
2644,municipal|31|31105|ayuntamiento|,1,municipal,31,31105,Yaxkukul,ayuntamiento,,high,state:state_code;level:gobierno_nivel;muni:inegi;singleton-body,YUC-Presidencia Municipal de Yaxkukul,YUC,GM,YUC,3
2645,municipal|25|25014|ayuntamiento|,1,municipal,25,25014,Rosario,ayuntamiento,,high,state:state_code;level:gobierno_nivel;muni:inegi;singleton-body,SIN-Presidencia Municipal de Rosario,SIN,GM,SIN,21
2646,municipal|28|28040|ayuntamiento|,2,municipal,28,28040,Valle Hermoso,ayuntamiento,,high,state:name-prefix;level:gobierno_nivel;muni:inegi;singleton-body,TAMPS-Presidencia Municipal de Valle Hermoso,TAMPS,GM,,3
2647,municipal|01|01004|ayuntamiento|,2,municipal,01,01004,Cosío,ayuntamiento,,high,state:state_code;level:gobierno_nivel;muni:inegi;singleton-body,AGS-Presidencia Municipal de Cosío,AGS,GM,AGS,25
2648,municipal|28|28041|organismo de agua|COMISION MUNICIPAL DE AGUA POTABLE Y ALCANTARILLADO,1,municipal,28,28041,Victoria,organismo de agua,COMISION MUNICIPAL DE AGUA POTABLE Y ALCANTARILLADO,high,state:name-prefix;level:gobierno_nivel;muni:inegi,"TAMPS-COMISIÓN MUNICIPAL DE AGUA POTABLE Y ALCANTARILLADO DEL MUNICIPIO DE VICTORIA, TAMAULIPAS",TAMPS,GM,,24
2649,state|24||colegio de bachilleres|COLEGIO DE BACHILLERES,1,state,24,,,colegio de bachilleres,COLEGIO DE BACHILLERES,high,state:state_code;level:gobierno_nivel,SLP-Colegio de Bachilleres,SLP,GE,SLP,4
2650,state|06||secretaria|SECRETARIA DE CULTURA,1,state,06,,,secretaria,SECRETARIA DE CULTURA,high,state:state_code;level:gobierno_nivel,COL-Secretaría de Cultura,COL,GE,COL,45
2651,municipal|30|30128|ayuntamiento|,1,municipal,30,30128,Perote,ayuntamiento,,high,state:state_code;level:gobierno_nivel;muni:inegi;singleton-body,VER-Presidencia Municipal de Perote,VER,GM,VER,52
2652,state|32||tecnologico superior (estatal)|INSTITUTO TECNOLOGICO SUPERIOR SUR,1,state,32,,,tecnologico superior (estatal),INSTITUTO TECNOLOGICO SUPERIOR SUR,high,state:state_code;level:gobierno_nivel,ZAC-Instituto Tecnológico Superior Zacatecas Sur,ZAC,GE,ZAC,1
2653,municipal|30|30025|ayuntamiento|,1,municipal,30,30025,Ayahualulco,ayuntamiento,,high,state:state_code;level:gobierno_nivel;muni:inegi;singleton-body,VER-Presidencia Municipal de Ayahualulco,VER,GM,VER,3
2654,municipal|30|30085|ayuntamiento|,1,municipal,30,30085,Ixtaczoquitlán,ayuntamiento,,high,state:state_code;level:gobierno_nivel;muni:inegi;singleton-body,VER-Presidencia Municipal de Ixtaczoquitlán,VER,GM,VER,45
2655,state|27||fiscalia/procuraduria|FISCALIA GENERAL,1,state,27,,,fiscalia/procuraduria,FISCALIA GENERAL,high,state:state_code;level:gobierno_nivel,TAB-Fiscalia General,TAB,GE,TAB,37
2656,municipal|24|24052|ayuntamiento|,1,municipal,24,24052,Villa Juárez,ayuntamiento,,high,state:state_code;level:gobierno_nivel;muni:inegi;singleton-body,SLP-Presidencia Municipal de Villa Juárez,SLP,GM,SLP,4
2657,state|15||tecnologico superior (estatal)|TECNOLOGICO DE ESTUDIOS SUPERIORES DE VILLA GUERRERO,2,state,15,,,tecnologico superior (estatal),TECNOLOGICO DE ESTUDIOS SUPERIORES DE VILLA GUERRERO,high,state:state_code;level:gobierno_nivel,MEX-Tecnológico de Estudios Superiores de Villa Guerrero,MEX,GE,MEX,30
2658,state|06||servicios de salud|,2,state,06,,,servicios de salud,,high,state:state_code;level:gobierno_nivel;singleton-body,COL-Servicios de Salud del Estado de Colima,COL,GE,COL,37
2659,municipal|26|26050|ayuntamiento|,1,municipal,26,26050,Rayón,ayuntamiento,,high,state:state_code;level:gobierno_nivel;muni:inegi;singleton-body,SON-Presidencia Municipal de Rayón,SON,GM,SON,2
2660,municipal|25|25004|organismo de agua|JUNTA MUNICIPAL DE AGUA POTABLE Y ALCANTARILLADO,2,municipal,25,25004,Concordia,organismo de agua,JUNTA MUNICIPAL DE AGUA POTABLE Y ALCANTARILLADO,high,state:state_code;level:gobierno_nivel;muni:inegi,SIN-Junta Municipal de Agua Potable y Alcantarillado de Concordia,SIN,GM,SIN,18
2661,municipal|04|04004|ayuntamiento|,3,municipal,04,04004,Champotón,ayuntamiento,,high,state:state_code;level:gobierno_nivel;muni:inegi;singleton-body,CAMP-Presidencia Municipal de Champotón,CAMP,GM,CAMP,2
2662,municipal|25|25005|ayuntamiento|,2,municipal,25,25005,Cosalá,ayuntamiento,,high,state:state_code;level:gobierno_nivel;muni:inegi;singleton-body,SIN-Presidencia Municipal de Cosalá,SIN,GM,SIN,43
2663,municipal|21|21167|ayuntamiento|,1,municipal,21,21167,Tepetzintla,ayuntamiento,,high,state:state_code;level:gobierno_nivel;muni:inegi;singleton-body,PUE-Presidencia Municipal de Tepetzintla,PUE,GM,PUE,9
2664,municipal|07|07035|ayuntamiento|,1,municipal,07,07035,Frontera Hidalgo,ayuntamiento,,high,state:state_code;level:gobierno_nivel;muni:inegi;singleton-body,CHIS-Presidencia Municipal de Frontera Hidalgo,CHIS,GM,CHIS,6
2665,municipal|08|08037|organismo|SISTEMA DE URBANIZACION MUNICIPAL ADICIONAL CD,1,municipal,08,08037,Juárez,organismo,SISTEMA DE URBANIZACION MUNICIPAL ADICIONAL CD,high,state:state_code;level:gobierno_nivel;muni:inegi,CHIH-SISTEMA DE URBANIZACIÓN MUNICIPAL ADICIONAL CD. JUÁREZ,CHIH,GM,CHIH,2
2666,municipal|28|28003|ayuntamiento|,3,municipal,28,28003,Altamira,ayuntamiento,,high,state:name-prefix;level:gobierno_nivel;muni:inegi;singleton-body,TAMPS-Presidencia Municipal de Altamira,TAMPS,GM,,6
2667,municipal|09|09004|organismo|ALCALDIA,1,municipal,09,09004,Cuajimalpa de Morelos,organismo,ALCALDIA,high,state:state_code;text-state-overruled:17;level:gobierno_nivel;muni:inegi,CDMX-Alcaldía de Cuajimalpa de Morelos,CDMX,GM,CDMX,35
2668,municipal|14|14003|ayuntamiento|,1,municipal,14,14003,Ahualulco de Mercado,ayuntamiento,,high,state:state_code;level:gobierno_nivel;muni:inegi;singleton-body,JAL-Presidencia Municipal de Ahualulco de Mercado,JAL,GM,JAL,27
2669,municipal|15|15111|ayuntamiento|,2,municipal,15,15111,Villa de Allende,ayuntamiento,,high,state:state_code;level:gobierno_nivel;muni:inegi;singleton-body,MEX-Presidencia Municipal de Villa de Allende,MEX,GM,MEX,107
2670,municipal|26|26020|ayuntamiento|,1,municipal,26,26020,Carbó,ayuntamiento,,high,state:state_code;level:gobierno_nivel;muni:inegi;singleton-body,SON-Presidencia Municipal de Carbó,SON,GM,SON,7
2671,municipal|20|20364|ayuntamiento|,2,municipal,20,20364,Santa Catarina Juquila,ayuntamiento,,high,state:state_code;level:gobierno_nivel;muni:inegi;singleton-body,OAX-Presidencia Municipal de Santa Catarina Juquila,OAX,GM,OAX,1
2672,municipal|21|21107|ayuntamiento|,1,municipal,21,21107,Olintla,ayuntamiento,,high,state:state_code;level:gobierno_nivel;muni:inegi;singleton-body,PUE-Presidencia Municipal de Olintla,PUE,GM,PUE,16
2673,state|20||universidad estatal|UNIVERSIDAD DEL PAPALOAPAN,2,state,20,,,universidad estatal,UNIVERSIDAD DEL PAPALOAPAN,high,state:state_code;level:gobierno_nivel,OAX-Universidad del Papaloapan,OAX,GE,OAX,21
2674,municipal|21|21037|ayuntamiento|,1,municipal,21,21037,Coyotepec,ayuntamiento,,high,state:state_code;level:gobierno_nivel;muni:inegi;singleton-body,PUE-Presidencia Municipal de Coyotepec,PUE,GM,PUE,9
2675,municipal|13|13047|ayuntamiento|,1,municipal,13,13047,Pacula,ayuntamiento,,high,state:state_code;level:gobierno_nivel;muni:inegi;singleton-body,HGO-Presidencia Municipal de Pacula,HGO,GM,HGO,26
2676,municipal|11|TXT:PATRONATO DE EXPLORA|organismo|PATRONATO DE EXPLORA,1,municipal,11,TXT:PATRONATO DE EXPLORA,,organismo,PATRONATO DE EXPLORA,low,state:state_code;level:gobierno_nivel;muni:unresolved,GTO-Patronato de Explora,GTO,GM,GTO,1
2677,municipal|20|20013|ayuntamiento|,1,municipal,20,20013,Ciénega de Zimatlán,ayuntamiento,,high,state:state_code;level:gobierno_nivel;muni:inegi;singleton-body,OAX-Presidencia Municipal de Ciénega de Zimatlán,OAX,GM,OAX,3
2678,municipal|16|16027|ayuntamiento|,1,municipal,16,16027,Chucándiro,ayuntamiento,,high,state:state_code;level:gobierno_nivel;muni:inegi;singleton-body,MICH-Presidencia Municipal de Chucándiro,MICH,GM,MICH,6
2679,municipal|32|32021|ayuntamiento|,1,municipal,32,32021,Jiménez del Teul,ayuntamiento,,high,state:state_code;level:gobierno_nivel;muni:inegi;singleton-body,ZAC-Presidencia Municipal de Jiménez del Teul,ZAC,GM,ZAC,22
2680,municipal|30|30026|ayuntamiento|,1,municipal,30,30026,Banderilla,ayuntamiento,,high,state:state_code;level:gobierno_nivel;muni:inegi;singleton-body,VER-Presidencia Municipal de Banderilla,VER,GM,VER,12
2681,municipal|04|04005|ayuntamiento|,1,municipal,04,04005,Hecelchakán,ayuntamiento,,high,state:state_code;level:gobierno_nivel;muni:inegi;singleton-body,CAMP-Presidencia Municipal de Hecelchakán,CAMP,GM,CAMP,23
2682,,,federal,,,,organismo,GRUPO AEROPORTUARIO DE LA CIUDAD DE MEXICO,n/a,level:gobierno_nivel,"Grupo Aeroportuario de la Ciudad de México, S.A. de C.V.",GACM,APF,,1035
2683,state|21||secretaria|SECRETARIA DE LA CONTRALORIA,1,state,21,,,secretaria,SECRETARIA DE LA CONTRALORIA,high,state:state_code;level:gobierno_nivel,PUE-Secretaría de la Contraloría,PUE,GE,PUE,34
2684,municipal|15|15079|ayuntamiento|,2,municipal,15,15079,Soyaniquilpan de Juárez,ayuntamiento,,high,state:state_code;level:gobierno_nivel;muni:inegi;singleton-body,MEX-Presidencia Municipal de Soyaniquilpan de Juárez,MEX,GM,MEX,6
2685,state|32||tecnologico superior (estatal)|INSTITUTO TECNOLOGICO SUPERIOR DE FRESNILLO,1,state,32,,,tecnologico superior (estatal),INSTITUTO TECNOLOGICO SUPERIOR DE FRESNILLO,high,state:state_code;level:gobierno_nivel,ZAC-Instituto Tecnológico Superior de Fresnillo,ZAC,GE,ZAC,30
2686,state|25||universidad estatal|UNIVERSIDAD AUTONOMA DE OCCIDENTE,1,state,25,,,universidad estatal,UNIVERSIDAD AUTONOMA DE OCCIDENTE,high,state:state_code;level:gobierno_nivel,SIN-Universidad Autónoma de Occidente,SIN,GE,SIN,32
2687,municipal|08|08042|ayuntamiento|,1,municipal,08,08042,Manuel Benavides,ayuntamiento,,high,state:state_code;level:gobierno_nivel;muni:inegi;singleton-body,CHIH-Presidencia Municipal de Manuel Benavides,CHIH,GM,CHIH,1
2688,municipal|11|11003|ayuntamiento|,1,municipal,11,11003,San Miguel de Allende,ayuntamiento,,high,state:state_code;level:gobierno_nivel;muni:inegi;singleton-body,GTO-Presidencia Municipal de San Miguel de Allende,GTO,GM,GTO,130
2689,,,federal,,,,organismo,INSTITUTO NACIONAL DEL EMPRENDEDOR,n/a,level:gobierno_nivel,Instituto Nacional del Emprendedor,INADEM,APF,,261
2690,municipal|10|10021|organismo de agua|SISTEMA DE AGUA,1,municipal,10,10021,Peñón Blanco,organismo de agua,SISTEMA DE AGUA,high,state:state_code;level:gobierno_nivel;muni:inegi,DGO-Sistema de Agua de Peñón Blanco,DGO,GM,DGO,18
2691,state|23||tecnologico superior (estatal)|INSTITUTO TECNOLOGICO SUPERIOR DE FELIPE CARRILLO PUERTO,1,state,23,,,tecnologico superior (estatal),INSTITUTO TECNOLOGICO SUPERIOR DE FELIPE CARRILLO PUERTO,high,state:name-prefix;level:gobierno_nivel,Q ROO-Instituto Tecnológico Superior de Felipe Carrillo Puerto,Q ROO,GE,,3
2692,municipal|26|26006|ayuntamiento|,1,municipal,26,26006,Arizpe,ayuntamiento,,high,state:state_code;level:gobierno_nivel;muni:inegi;singleton-body,SON-Presidencia Municipal de Arizpe,SON,GM,SON,8
2693,municipal|10|10021|ayuntamiento|,1,municipal,10,10021,Peñón Blanco,ayuntamiento,,high,state:state_code;level:gobierno_nivel;muni:inegi;singleton-body,DGO-Presidencia Municipal de Peñón Blanco,DGO,GM,DGO,40
2694,municipal|25|25014|organismo de agua|JUNTA MUNICIPAL DE AGUA POTABLE Y ALCANTARILLADO,2,municipal,25,25014,Rosario,organismo de agua,JUNTA MUNICIPAL DE AGUA POTABLE Y ALCANTARILLADO,high,state:state_code;level:gobierno_nivel;muni:inegi,SIN-Junta Municipal de Agua Potable y Alcantarillado de Rosario,SIN,GM,SIN,6
2695,municipal|21|21170|ayuntamiento|,1,municipal,21,21170,Tepeyahualco,ayuntamiento,,high,state:state_code;level:gobierno_nivel;muni:inegi;singleton-body,PUE-Presidencia Municipal de Tepeyahualco,PUE,GM,PUE,22
2696,municipal|08|08052|ayuntamiento|,2,municipal,08,08052,Ojinaga,ayuntamiento,,high,state:state_code;level:gobierno_nivel;muni:inegi;singleton-body,CHIH-Presidencia Municipal de Ojinaga,CHIH,GM,CHIH,20
2697,state|30||poder judicial|,3,state,30,,,poder judicial,,high,state:state_code;level:gobierno_nivel;singleton-body,VER-Poder Judicial,VER,GE,VER,13
2698,municipal|31|31041|ayuntamiento|,2,municipal,31,31041,Kanasín,ayuntamiento,,high,state:state_code;level:gobierno_nivel;muni:inegi;singleton-body,YUC-Presidencia Municipal de Kanasín,YUC,GM,YUC,12
2699,municipal|29|29030|ayuntamiento|,1,municipal,29,29030,Terrenate,ayuntamiento,,high,state:state_code;level:gobierno_nivel;muni:inegi;singleton-body,TLAX-Presidencia Municipal de Terrenate,TLAX,GM,TLAX,1
2700,state|08||universidad tecnologica|UNIVERSIDAD TECNOLOGICA PASO DEL NORTE,1,state,08,,,universidad tecnologica,UNIVERSIDAD TECNOLOGICA PASO DEL NORTE,high,state:state_code;level:gobierno_nivel,CHIH-Universidad Tecnológica Paso del Norte,CHIH,GE,CHIH,4
2701,state|10||organismo|INSTITUTO DE CULTURA,2,state,10,,,organismo,INSTITUTO DE CULTURA,high,state:state_code;level:gobierno_nivel,DGO-Instituto de Cultura del Estado de Durango,DGO,GE,DGO,3
2702,municipal|11|11020|organismo de agua|SISTEMA DE AGUA POTABLE Y ALCANTARILLADO EN LA ZONA RURAL,1,municipal,11,11020,León,organismo de agua,SISTEMA DE AGUA POTABLE Y ALCANTARILLADO EN LA ZONA RURAL,high,state:state_code;level:gobierno_nivel;muni:inegi,GTO-Sistema de Agua Potable y Alcantarillado en la Zona Rural del municipio de León,GTO,GM,GTO,4
2703,municipal|24|24023|ayuntamiento|,3,municipal,24,24023,Rayón,ayuntamiento,,high,state:state_code;level:gobierno_nivel;muni:inegi;singleton-body,SLP-Presidencia Municipal de Rayón,SLP,GM,SLP,1
2704,municipal|15|15057|organismo de agua|ORGANISMO DE AGUA POTABLE ALCANTARILLADO Y SANEAMIENTO,1,municipal,15,15057,Naucalpan de Juárez,organismo de agua,ORGANISMO DE AGUA POTABLE ALCANTARILLADO Y SANEAMIENTO,high,state:state_code;level:gobierno_nivel;muni:inegi,"MEX-Organismo de Agua Potable, Alcantarillado y Saneamiento de Naucalpan de Juárez",MEX,GM,MEX,32
2705,municipal|01|01010|ayuntamiento|,1,municipal,01,01010,El Llano,ayuntamiento,,high,state:state_code;level:gobierno_nivel;muni:inegi;singleton-body,AGS-Presidencia Municipal de El Llano,AGS,GM,AGS,42
2706,municipal|22|22002|ayuntamiento|,2,municipal,22,22002,Pinal de Amoles,ayuntamiento,,high,state:state_code;level:gobierno_nivel;muni:inegi;singleton-body,QRO-Presidencia Municipal de Pinal de Amoles,QRO,GM,QRO,26
2707,municipal|04|04008|ayuntamiento|,1,municipal,04,04008,Tenabo,ayuntamiento,,high,state:state_code;level:gobierno_nivel;muni:inegi;singleton-body,CAMP-Presidencia Municipal de Tenabo,CAMP,GM,CAMP,11
2708,state|22||servicios de salud|,2,state,22,,,servicios de salud,,high,state:state_code;level:gobierno_nivel;singleton-body,QRO-Servicios de Salud del Estado de Querétaro,QRO,GE,QRO,11
2709,municipal|16|16013|ayuntamiento|,1,municipal,16,16013,Carácuaro,ayuntamiento,,high,state:state_code;level:gobierno_nivel;muni:inegi;singleton-body,MICH-Presidencia Municipal de Carácuaro,MICH,GM,MICH,5
2710,municipal|21|21050|ayuntamiento|,1,municipal,21,21050,Chichiquila,ayuntamiento,,high,state:state_code;level:gobierno_nivel;muni:inegi;singleton-body,PUE-Presidencia Municipal de Chichiquila,PUE,GM,PUE,1
2711,municipal|21|21060|ayuntamiento|,1,municipal,21,21060,Domingo Arenas,ayuntamiento,,high,state:state_code;level:gobierno_nivel;muni:inegi;singleton-body,PUE-Presidencia Municipal de Domingo Arenas,PUE,GM,PUE,9
2712,municipal|15|15092|ayuntamiento|,1,municipal,15,15092,Teotihuacán,ayuntamiento,,high,state:state_code;level:gobierno_nivel;muni:inegi;singleton-body,MEX-Presidencia Municipal de Teotihuacán,MEX,GM,MEX,23
2713,municipal|21|21161|ayuntamiento|,1,municipal,21,21161,Tepanco de López,ayuntamiento,,high,state:state_code;level:gobierno_nivel;muni:inegi;singleton-body,PUE-Presidencia Municipal de Tepanco de López,PUE,GM,PUE,8
2714,,,federal,,,,organismo,INSTITUTO NACIONAL DEL SUELO SUSTENTABLE,n/a,level:gobierno_nivel,Instituto Nacional del Suelo Sustentable,INSUS,APF,,660
2715,state|11||organismo|COLEGIO NACIONAL DE EDUCACION PROFESIONAL TECNICA,1,state,11,,,organismo,COLEGIO NACIONAL DE EDUCACION PROFESIONAL TECNICA,high,state:state_code;level:gobierno_nivel,GTO-Colegio Nacional de Educación Profesional Técnica,GTO,GE,GTO,3
2716,state|27||tecnologico superior (estatal)|INSTITUTO TECNOLOGICO SUPERIOR DE COMALCALCO,1,state,27,,,tecnologico superior (estatal),INSTITUTO TECNOLOGICO SUPERIOR DE COMALCALCO,high,state:state_code;level:gobierno_nivel,TAB-Instituto Tecnológico Superior de Comalcalco,TAB,GE,TAB,18
2717,state|15||organismo|PROCURADURIA DE PROTECCION AL AMBIENTE,2,state,15,,,organismo,PROCURADURIA DE PROTECCION AL AMBIENTE,high,state:state_code;level:gobierno_nivel,MEX-Procuraduría de Protección al Ambiente del Estado de México,MEX,GE,MEX,4
2718,state|13||organismo|PARQUE NACIONAL DEL CHICO,1,state,13,,,organismo,PARQUE NACIONAL DEL CHICO,high,state:state_code;level:gobierno_nivel,HGO-Parque Nacional del Chico,HGO,GE,HGO,25
2719,municipal|21|21163|ayuntamiento|,1,municipal,21,21163,Tepatlaxco de Hidalgo,ayuntamiento,,high,state:state_code;text-state-overruled:13;level:gobierno_nivel;muni:inegi;singleton-body,PUE-Presidencia Municipal de Tepatlaxco de Hidalgo,PUE,GM,PUE,2
2720,municipal|25|25007|organismo de agua|JUNTA DE AGUA POTABLE Y ALCANTARILLADO,3,municipal,25,25007,Choix,organismo de agua,JUNTA DE AGUA POTABLE Y ALCANTARILLADO,high,state:state_code;level:gobierno_nivel;muni:inegi,SIN-JUNTA DE AGUA POTABLE Y ALCANTARILLADO DE CHOIX,SIN,GM,SIN,5
2721,municipal|08|08012|ayuntamiento|,1,municipal,08,08012,Carichí,ayuntamiento,,high,state:state_code;level:gobierno_nivel;muni:inegi;singleton-body,CHIH-Presidencia Municipal de Carichí,CHIH,GM,CHIH,3
2722,municipal|29|29001|ayuntamiento|,1,municipal,29,29001,Amaxac de Guerrero,ayuntamiento,,high,state:state_code;text-state-overruled:12;level:gobierno_nivel;muni:inegi;singleton-body,TLAX-Presidencia Municipal de Amaxac de Guerrero,TLAX,GM,TLAX,2
2723,state|13||universidad intercultural|UNIVERSIDAD INTERCULTURAL,2,state,13,,,universidad intercultural,UNIVERSIDAD INTERCULTURAL,high,state:state_code;level:gobierno_nivel,HGO-Universidad Intercultural del Estado de Hidalgo,HGO,GE,HGO,41
2724,state|10||secretaria|SECRETARIA DE CONTRALORIA,1,state,10,,,secretaria,SECRETARIA DE CONTRALORIA,high,state:state_code;level:gobierno_nivel,DGO-Secretaría de Contraloría,DGO,GE,DGO,10
2725,municipal|29|29042|ayuntamiento|,1,municipal,29,29042,Xicohtzinco,ayuntamiento,,high,state:state_code;level:gobierno_nivel;muni:inegi;singleton-body,TLAX-Presidencia Municipal de Xicohtzinco,TLAX,GM,TLAX,9
2726,municipal|08|08058|ayuntamiento|,1,municipal,08,08058,San Francisco de Conchos,ayuntamiento,,high,state:state_code;level:gobierno_nivel;muni:inegi;singleton-body,CHIH-Presidencia Municipal de San Francisco de Conchos,CHIH,GM,CHIH,2
2727,municipal|30|30132|ayuntamiento|,2,municipal,30,30132,Las Vigas de Ramírez,ayuntamiento,,high,state:state_code;level:gobierno_nivel;muni:inegi;singleton-body,VER-Presidencia Municipal de Las Vigas de Ramírez,VER,GM,VER,1
2728,municipal|11|11033|organismo de agua|JUNTA MUNICIPAL DE AGUA POTABLE Y ALCANTARILLADO,1,municipal,11,11033,San Luis de la Paz,organismo de agua,JUNTA MUNICIPAL DE AGUA POTABLE Y ALCANTARILLADO,high,state:state_code;level:gobierno_nivel;muni:inegi,GTO-Junta Municipal de Agua Potable y Alcantarillado de San Luis de la Paz,GTO,GM,GTO,8
2729,municipal|31|31101|ayuntamiento|,2,municipal,31,31101,Umán,ayuntamiento,,high,state:state_code;level:gobierno_nivel;muni:inegi;singleton-body,YUC-Presidencia Municipal de Umán,YUC,GM,YUC,3
2730,municipal|14|14024|ayuntamiento|,1,municipal,14,14024,Cocula,ayuntamiento,,high,state:state_code;level:gobierno_nivel;muni:inegi;singleton-body,JAL-Presidencia Municipal de Cocula,JAL,GM,JAL,4
2731,municipal|16|16075|ayuntamiento|,1,municipal,16,16075,Los Reyes,ayuntamiento,,high,state:state_code;level:gobierno_nivel;muni:inegi;singleton-body,MICH-Presidencia Municipal de Los Reyes,MICH,GM,MICH,49
2732,municipal|08|08027|ayuntamiento|,1,municipal,08,08027,Guachochi,ayuntamiento,,high,state:state_code;level:gobierno_nivel;muni:inegi;singleton-body,CHIH-Presidencia Municipal de Guachochi,CHIH,GM,CHIH,24
2733,state|21||tecnologico superior (estatal)|INSTITUTO TECNOLOGICO SUPERIOR DE HUAUCHINANGO,1,state,21,,,tecnologico superior (estatal),INSTITUTO TECNOLOGICO SUPERIOR DE HUAUCHINANGO,high,state:state_code;level:gobierno_nivel,PUE-Instituto Tecnológico Superior de Huauchinango,PUE,GE,PUE,1
2734,municipal|29|29014|ayuntamiento|,1,municipal,29,29014,Hueyotlipan,ayuntamiento,,high,state:state_code;level:gobierno_nivel;muni:inegi;singleton-body,TLAX-Presidencia Municipal de Hueyotlipan,TLAX,GM,TLAX,16
2735,municipal|30|30093|ayuntamiento|,1,municipal,30,30093,Jilotepec,ayuntamiento,,high,state:state_code;level:gobierno_nivel;muni:inegi;singleton-body,VER-Presidencia Municipal de Jilotepec,VER,GM,VER,3
2736,municipal|21|21080|ayuntamiento|,1,municipal,21,21080,Atlequizayan,ayuntamiento,,high,state:state_code;level:gobierno_nivel;muni:inegi;singleton-body,PUE-Presidencia Municipal de Atlequizayan,PUE,GM,PUE,12
2737,municipal|15|15048|ayuntamiento|,1,municipal,15,15048,Jocotitlán,ayuntamiento,,high,state:state_code;level:gobierno_nivel;muni:inegi;singleton-body,MEX-Presidencia Municipal de Jocotitlán,MEX,GM,MEX,22
2738,state|03||organismo|ADMINISTRACION PORTUARIA INTEGRAL,2,state,03,,,organismo,ADMINISTRACION PORTUARIA INTEGRAL,high,state:state_code;level:gobierno_nivel,BCS-Administración Portuaria Integral de Baja California Sur,BCS,GE,BCS,19
2739,municipal|29|29007|ayuntamiento|,2,municipal,29,29007,El Carmen Tequexquitla,ayuntamiento,,high,state:state_code;level:gobierno_nivel;muni:inegi;singleton-body,TLAX-Presidencia Municipal de El Carmen Tequexquitla,TLAX,GM,TLAX,8
2740,municipal|14|14108|ayuntamiento|,1,municipal,14,14108,Tuxpan,ayuntamiento,,high,state:state_code;level:gobierno_nivel;muni:inegi;singleton-body,JAL-Presidencia Municipal de Tuxpan,JAL,GM,JAL,11
2741,municipal|21|21213|ayuntamiento|,1,municipal,21,21213,Zihuateutla,ayuntamiento,,high,state:state_code;level:gobierno_nivel;muni:inegi;singleton-body,PUE-Presidencia Municipal de Zihuateutla,PUE,GM,PUE,13
2742,municipal|08|08029|ayuntamiento|,1,municipal,08,08029,Guadalupe y Calvo,ayuntamiento,,high,state:state_code;level:gobierno_nivel;muni:inegi;singleton-body,CHIH-Presidencia Municipal de Guadalupe y Calvo,CHIH,GM,CHIH,13
2743,municipal|30|30055|ayuntamiento|,1,municipal,30,30055,Chalma,ayuntamiento,,high,state:state_code;level:gobierno_nivel;muni:inegi;singleton-body,VER-Presidencia Municipal de Chalma,VER,GM,VER,2
2744,state|12||organismo|FIDEICOMISO INDUSTRIAL,1,state,12,,,organismo,FIDEICOMISO INDUSTRIAL,high,state:state_code;level:gobierno_nivel,GRO-Fideicomiso Guerrero Industrial,GRO,GE,GRO,7
2745,municipal|30|30199|ayuntamiento|,1,municipal,30,30199,Zaragoza,ayuntamiento,,high,state:state_code;level:gobierno_nivel;muni:inegi;singleton-body,VER-Presidencia Municipal de Zaragoza,VER,GM,VER,1
2746,municipal|21|21207|ayuntamiento|,1,municipal,21,21207,Zacapoaxtla,ayuntamiento,,high,state:state_code;level:gobierno_nivel;muni:inegi;singleton-body,PUE-Presidencia Municipal de Zacapoaxtla,PUE,GM,PUE,4
2747,state|08||secretaria de salud|,1,state,08,,,secretaria de salud,,high,state:state_code;level:gobierno_nivel;singleton-body,CHIH-Secretaria de Salud,CHIH,GE,CHIH,139
2748,municipal|21|21034|ayuntamiento|,2,municipal,21,21034,Coronango,ayuntamiento,,high,state:state_code;level:gobierno_nivel;muni:inegi;singleton-body,PUE-Presidencia Municipal de Coronango,PUE,GM,PUE,27
2749,municipal|16|16070|ayuntamiento|,1,municipal,16,16070,Purépero,ayuntamiento,,high,state:state_code;level:gobierno_nivel;muni:inegi;singleton-body,MICH-Presidencia Municipal de Purépero,MICH,GM,MICH,30
2750,state|21||tecnologico superior (estatal)|INSTITUTO TECNOLOGICO SUPERIOR DE VENUSTIANO CARRANZA,1,state,21,,,tecnologico superior (estatal),INSTITUTO TECNOLOGICO SUPERIOR DE VENUSTIANO CARRANZA,high,state:state_code;level:gobierno_nivel,PUE-Instituto Tecnológico Superior de Venustiano Carranza,PUE,GE,PUE,11
2751,municipal|24|24008|ayuntamiento|,2,municipal,24,24008,Cerritos,ayuntamiento,,high,state:state_code;level:gobierno_nivel;muni:inegi;singleton-body,SLP-Presidencia Municipal de Cerritos,SLP,GM,SLP,12
2752,municipal|21|21070|ayuntamiento|,2,municipal,21,21070,Huatlatlauca,ayuntamiento,,high,state:state_code;level:gobierno_nivel;muni:inegi;singleton-body,PUE-Presidencia Municipal de Huatlatlauca,PUE,GM,PUE,23
2753,municipal|30|30028|ayuntamiento|,1,municipal,30,30028,Boca del Río,ayuntamiento,,high,state:state_code;level:gobierno_nivel;muni:inegi;singleton-body,VER-Presidencia Municipal de Boca del Río,VER,GM,VER,33
2754,municipal|29|29044|ayuntamiento|,1,municipal,29,29044,Zacatelco,ayuntamiento,,high,state:state_code;level:gobierno_nivel;muni:inegi;singleton-body,TLAX-Presidencia Municipal de Zacatelco,TLAX,GM,TLAX,30
2755,state|26||tecnologico superior (estatal)|INSTITUTO TECNOLOGICO SUPERIOR DE CAJEME,1,state,26,,,tecnologico superior (estatal),INSTITUTO TECNOLOGICO SUPERIOR DE CAJEME,high,state:state_code;level:gobierno_nivel,SON-Instituto Tecnológico Superior de Cajeme,SON,GE,SON,18
2756,state|08||organismo|INSTITUTO DE EDUCACION PARA LOS ADULTOS,1,state,08,,,organismo,INSTITUTO DE EDUCACION PARA LOS ADULTOS,medium,state:state_code;level:gobierno_nivel;gentilicio-stripped,CHIH-Instituto Chihuahuense de Educación para los Adultos,CHIH,GE,CHIH,9
2757,municipal|32|32047|ayuntamiento|,1,municipal,32,32047,Teúl de González Ortega,ayuntamiento,,high,state:state_code;level:gobierno_nivel;muni:inegi;singleton-body,ZAC-Presidencia Municipal de Teúl de González Ortega,ZAC,GM,ZAC,1
2758,municipal|15|15050|ayuntamiento|,1,municipal,15,15050,Juchitepec,ayuntamiento,,high,state:state_code;level:gobierno_nivel;muni:inegi;singleton-body,MEX-Presidencia Municipal de Juchitepec,MEX,GM,MEX,39
2759,state|15||universidad politecnica|UNIVERSIDAD POLITECNICA DE TECAMAC,1,state,15,,,universidad politecnica,UNIVERSIDAD POLITECNICA DE TECAMAC,high,state:state_code;level:gobierno_nivel,MEX-Universidad Politécnica de Tecámac,MEX,GE,MEX,23
2760,municipal|28|28022|organismo de agua|JUNTA DE AGUAS Y DRENAJE DE LA CIUDAD,1,municipal,28,28022,Matamoros,organismo de agua,JUNTA DE AGUAS Y DRENAJE DE LA CIUDAD,high,state:name-prefix;level:gobierno_nivel;muni:inegi,TAMPS-JUNTA DE AGUAS Y DRENAJE DE LA CIUDAD DE MATAMOROS,TAMPS,GM,,27
2761,municipal|21|21185|ayuntamiento|,1,municipal,21,21185,Tlapanalá,ayuntamiento,,high,state:state_code;level:gobierno_nivel;muni:inegi;singleton-body,PUE-Presidencia Municipal de Tlapanalá,PUE,GM,PUE,14
2762,state|20||secretaria|SECRETARIA EJECUTIVA DEL CONSEJO DE COORDINACION PARA LA IMPLEMENTACION DEL SISTEMA ACUSATORIO,1,state,20,,,secretaria,SECRETARIA EJECUTIVA DEL CONSEJO DE COORDINACION PARA LA IMPLEMENTACION DEL SISTEMA ACUSATORIO,high,state:state_code;level:gobierno_nivel,OAX-Secretaría Ejecutiva del Consejo de Coordinación para la Implementación del Sistema Acusatorio en el estado de Oaxaca,OAX,GE,OAX,21
2763,municipal|30|30192|ayuntamiento|,1,municipal,30,30192,Vega de Alatorre,ayuntamiento,,high,state:state_code;level:gobierno_nivel;muni:inegi;singleton-body,VER-Presidencia Municipal de Vega de Alatorre,VER,GM,VER,2
2764,municipal|32|32012|ayuntamiento|,1,municipal,32,32012,Genaro Codina,ayuntamiento,,high,state:state_code;level:gobierno_nivel;muni:inegi;singleton-body,ZAC-Presidencia Municipal de Genaro Codina,ZAC,GM,ZAC,4
2765,state|20||secretaria|SECRETARIA DE TURISMO,1,state,20,,,secretaria,SECRETARIA DE TURISMO,high,state:state_code;level:gobierno_nivel,OAX-Secretaría de Turismo,OAX,GE,OAX,5
2766,municipal|21|21006|ayuntamiento|,1,municipal,21,21006,Ahuacatlán,ayuntamiento,,high,state:state_code;level:gobierno_nivel;muni:inegi;singleton-body,PUE-Presidencia Municipal de Ahuacatlán,PUE,GM,PUE,7
2767,state|02||organismo|INSTITUTO DE CULTURA,1,state,02,,,organismo,INSTITUTO DE CULTURA,high,state:state_code;level:gobierno_nivel,BC-Instituto de Cultura de Baja California,BC,GE,BC,20
2768,municipal|11|11025|organismo de agua|SISTEMA DE AGUA POTABLE ALCANTARILLADO Y SANEAMIENTO,2,municipal,11,11025,Purísima del Rincón,organismo de agua,SISTEMA DE AGUA POTABLE ALCANTARILLADO Y SANEAMIENTO,high,state:state_code;level:gobierno_nivel;muni:inegi,GTO-SISTEMA DE AGUA POTABLE ALCANTARILLADO Y SANEAMIENTO DE PURISIMA DEL RINCÓN,GTO,GM,GTO,13
2769,municipal|21|21212|ayuntamiento|,3,municipal,21,21212,Zautla,ayuntamiento,,high,state:state_code;level:gobierno_nivel;muni:inegi;singleton-body,PUE-Presidencia Municipal de Zautla,PUE,GM,PUE,31
2770,municipal|21|21160|ayuntamiento|,1,municipal,21,21160,Teotlalco,ayuntamiento,,high,state:state_code;level:gobierno_nivel;muni:inegi;singleton-body,PUE-Presidencia Municipal de Teotlalco,PUE,GM,PUE,15
2771,municipal|30|30187|ayuntamiento|,1,municipal,30,30187,Tonayán,ayuntamiento,,high,state:state_code;level:gobierno_nivel;muni:inegi;singleton-body,VER-Presidencia Municipal de Tonayán,VER,GM,VER,6
2772,municipal|18|18008|ayuntamiento|,2,municipal,18,18008,Xalisco,ayuntamiento,,high,state:state_code;level:gobierno_nivel;muni:inegi;singleton-body,NAY-Presidencia Municipal de Xalisco,NAY,GM,NAY,12
2773,state|11||poder judicial|,1,state,11,,,poder judicial,,high,state:state_code;level:gobierno_nivel;singleton-body,GTO-Poder Judicial,GTO,GE,GTO,9
2774,municipal|25|25004|ayuntamiento|,1,municipal,25,25004,Concordia,ayuntamiento,,high,state:state_code;level:gobierno_nivel;muni:inegi;singleton-body,SIN-Presidencia Municipal de Concordia,SIN,GM,SIN,15
2775,municipal|30|30177|ayuntamiento|,1,municipal,30,30177,Tlacolulan,ayuntamiento,,high,state:state_code;level:gobierno_nivel;muni:inegi;singleton-body,VER-Presidencia Municipal de Tlacolulan,VER,GM,VER,10
2776,municipal|21|21206|ayuntamiento|,1,municipal,21,21206,Zacapala,ayuntamiento,,high,state:state_code;level:gobierno_nivel;muni:inegi;singleton-body,PUE-Presidencia Municipal de Zacapala,PUE,GM,PUE,23
2777,municipal|21|21148|ayuntamiento|,1,municipal,21,21148,Santa Isabel Cholula,ayuntamiento,,high,state:state_code;level:gobierno_nivel;muni:inegi;singleton-body,PUE-Presidencia Municipal de Santa Isabel Cholula,PUE,GM,PUE,9
2778,municipal|28|28033|ayuntamiento|,3,municipal,28,28033,Río Bravo,ayuntamiento,,high,state:name-prefix;level:gobierno_nivel;muni:inegi;singleton-body,TAMPS-Presidencia Municipal de Río Bravo,TAMPS,GM,,87
2779,municipal|16|16107|ayuntamiento|,1,municipal,16,16107,Zacapu,ayuntamiento,,high,state:state_code;level:gobierno_nivel;muni:inegi;singleton-body,MICH-Presidencia Municipal de Zacapu,MICH,GM,MICH,27
2780,municipal|20|20360|ayuntamiento|,1,municipal,20,20360,Santa Ana Zegache,ayuntamiento,,high,state:state_code;level:gobierno_nivel;muni:inegi;singleton-body,OAX-Presidencia Municipal de Santa Ana Zegache,OAX,GM,OAX,4
2781,municipal|10|10009|ayuntamiento|,2,municipal,10,10009,Guanaceví,ayuntamiento,,high,state:state_code;level:gobierno_nivel;muni:inegi;singleton-body,DGO-Presidencia Municipal de Guanaceví,DGO,GM,DGO,28
2782,state|27||organismo|CIISJUPET,1,state,27,,,organismo,CIISJUPET,high,state:state_code;level:gobierno_nivel,TAB-CIISJUPET,TAB,GE,TAB,1
2783,municipal|10|10026|ayuntamiento|,2,municipal,10,10026,San Dimas,ayuntamiento,,high,state:state_code;level:gobierno_nivel;muni:inegi;singleton-body,DGO-Presidencia Municipal de San Dimas,DGO,GM,DGO,10
2784,state|09||organismo|INSTITUTO DE LAS MUJERES,1,state,09,,,organismo,INSTITUTO DE LAS MUJERES,high,state:state_code;level:gobierno_nivel,CDMX-Instituto de las Mujeres del Distrito Federal,CDMX,GE,CDMX,5
2785,state|32||organismo|INSTITUTO DE CULTURA,1,state,32,,,organismo,INSTITUTO DE CULTURA,medium,state:state_code;level:gobierno_nivel;gentilicio-stripped,ZAC-Instituto Zacatecano de Cultura,ZAC,GE,ZAC,18
2786,municipal|20|20208|ayuntamiento|,1,municipal,20,20208,San Juan Mixtepec,ayuntamiento,,high,state:state_code;level:gobierno_nivel;muni:inegi;singleton-body,OAX-Presidencia Municipal de San Juan Mixtepec -Dto. 08 -,OAX,GM,OAX,3
2787,municipal|16|16098|ayuntamiento|,1,municipal,16,16098,Tuxpan,ayuntamiento,,high,state:state_code;level:gobierno_nivel;muni:inegi;singleton-body,MICH-Presidencia Municipal de Tuxpan,MICH,GM,MICH,39
2788,state|04||organismo|INSTITUTO DE ACCESO A LA JUSTICIA,1,state,04,,,organismo,INSTITUTO DE ACCESO A LA JUSTICIA,high,state:state_code;level:gobierno_nivel,CAMP-Instituto de Acceso a la Justicia del Estado de Campeche,CAMP,GE,CAMP,9
2789,state|26||universidad tecnologica|UNIVERSIDAD TECNOLOGICA DE PUERTO PENASCO,1,state,26,,,universidad tecnologica,UNIVERSIDAD TECNOLOGICA DE PUERTO PENASCO,high,state:state_code;level:gobierno_nivel,SON-Universidad Tecnológica de Puerto Peñasco,SON,GE,SON,4
2790,state|01||organismo|INSTITUTO CULTURAL,2,state,01,,,organismo,INSTITUTO CULTURAL,high,state:state_code;level:gobierno_nivel,AGS-Instituto Cultural de Aguascalientes,AGS,GE,AGS,68
2791,municipal|30|30197|ayuntamiento|,1,municipal,30,30197,Yecuatla,ayuntamiento,,high,state:state_code;level:gobierno_nivel;muni:inegi;singleton-body,VER-Presidencia Municipal de Yecuatla,VER,GM,VER,15
2792,municipal|17|17032|ayuntamiento|,1,municipal,17,17032,Zacualpan de Amilpas,ayuntamiento,,high,state:state_code;level:gobierno_nivel;muni:inegi;singleton-body,MOR-Presidencia Municipal de Zacualpan,MOR,GM,MOR,6
2793,municipal|20|20205|ayuntamiento|,1,municipal,20,20205,San Juan Lalana,ayuntamiento,,high,state:state_code;level:gobierno_nivel;muni:inegi;singleton-body,OAX-Presidencia Municipal de San Juan Lalana,OAX,GM,OAX,6
2794,state|27||secretaria|SECRETARIA DE COMUNICACIONES Y TRANSPORTES,2,state,27,,,secretaria,SECRETARIA DE COMUNICACIONES Y TRANSPORTES,high,state:state_code;level:gobierno_nivel,TAB-Secretaría de Comunicaciones y Transportes,TAB,GE,TAB,2
2795,state|27||organismo|COORDINACION GENERAL DE DESARROLLO REGIONAL Y PROYECTOS ESTRATEGICOS,1,state,27,,,organismo,COORDINACION GENERAL DE DESARROLLO REGIONAL Y PROYECTOS ESTRATEGICOS,high,state:state_code;level:gobierno_nivel,TAB-Coordinación General de Desarrollo Regional y Proyectos Estratégicos,TAB,GE,TAB,25
2796,municipal|21|21052|ayuntamiento|,1,municipal,21,21052,Chigmecatitlán,ayuntamiento,,high,state:state_code;level:gobierno_nivel;muni:inegi;singleton-body,PUE-Presidencia Municipal de Chigmecatitlán,PUE,GM,PUE,2
2797,municipal|21|21097|ayuntamiento|,1,municipal,21,21097,Mixtla,ayuntamiento,,high,state:state_code;level:gobierno_nivel;muni:inegi;singleton-body,PUE-Presidencia Municipal de Mixtla,PUE,GM,PUE,8
2798,municipal|21|21158|ayuntamiento|,1,municipal,21,21158,Tenampulco,ayuntamiento,,high,state:state_code;level:gobierno_nivel;muni:inegi;singleton-body,PUE-Presidencia Municipal de Tenampulco,PUE,GM,PUE,1
2799,municipal|29|29036|ayuntamiento|,1,municipal,29,29036,Totolac,ayuntamiento,,high,state:state_code;level:gobierno_nivel;muni:inegi;singleton-body,TLAX-Presidencia Municipal de Totolac,TLAX,GM,TLAX,3
2800,municipal|31|31024|ayuntamiento|,1,municipal,31,31024,Chumayel,ayuntamiento,,high,state:state_code;level:gobierno_nivel;muni:inegi;singleton-body,YUC-Presidencia Municipal de Chumayel,YUC,GM,YUC,1
2801,state|14||organismo|FIDEICOMISO DE ALIANZA PARA EL CAMPO,1,state,14,,,organismo,FIDEICOMISO DE ALIANZA PARA EL CAMPO,high,state:state_code;level:gobierno_nivel,JAL-Fideicomiso de Alianza para el Campo en el Estado de Jalisco,JAL,GE,JAL,1
2802,municipal|19|19041|ayuntamiento|,1,municipal,19,19041,Pesquería,ayuntamiento,,high,state:state_code;level:gobierno_nivel;muni:inegi;singleton-body,NL-Presidencia Municipal de Pesquería,NL,GM,NL,2
2803,municipal|22|22012|ayuntamiento|,1,municipal,22,22012,Pedro Escobedo,ayuntamiento,,high,state:state_code;level:gobierno_nivel;muni:inegi;singleton-body,QRO-Presidencia Municipal de Pedro Escobedo,QRO,GM,QRO,41
2804,municipal|08|08008|ayuntamiento|,1,municipal,08,08008,Batopilas de Manuel Gómez Morín,ayuntamiento,,high,state:state_code;level:gobierno_nivel;muni:inegi;singleton-body,CHIH-Presidencia Municipal de Batopilas,CHIH,GM,CHIH,5
2805,municipal|13|13079|ayuntamiento|,1,municipal,13,13079,Xochicoatlán,ayuntamiento,,high,state:state_code;level:gobierno_nivel;muni:inegi;singleton-body,HGO-Presidencia Municipal de Xochicoatlán,HGO,GM,HGO,11
2806,municipal|21|21187|ayuntamiento|,2,municipal,21,21187,Tlaxco,ayuntamiento,,high,state:state_code;level:gobierno_nivel;muni:inegi;singleton-body,PUE-Presidencia Municipal de Tlaxco,PUE,GM,PUE,13
2807,state|24||organismo|INSTITUTO DE BELLAS ARTES,1,state,24,,,organismo,INSTITUTO DE BELLAS ARTES,medium,state:state_code;level:gobierno_nivel;gentilicio-stripped,SLP-Instituto Potosino de Bellas Artes,SLP,GE,SLP,3
2808,municipal|29|29008|ayuntamiento|,1,municipal,29,29008,Cuapiaxtla,ayuntamiento,,high,state:state_code;level:gobierno_nivel;muni:inegi;singleton-body,TLAX-Presidencia Municipal de Cuapiaxtla,TLAX,GM,TLAX,23
2809,state|02||cecyte|COLEGIO DE ESTUDIOS CIENTIFICOS Y TECNOLOGICOS,2,state,02,,,cecyte,COLEGIO DE ESTUDIOS CIENTIFICOS Y TECNOLOGICOS,high,state:state_code;level:gobierno_nivel,BC-Colegio de Estudios Científicos y Tecnológicos del Estado de Baja California,BC,GE,BC,5
2810,state|04||poder judicial|,1,state,04,,,poder judicial,,high,state:state_code;level:gobierno_nivel;singleton-body,CAMP-Poder Judicial,CAMP,GE,CAMP,38
2811,municipal|30|30195|ayuntamiento|,1,municipal,30,30195,Xoxocotla,ayuntamiento,,high,state:state_code;level:gobierno_nivel;muni:inegi;singleton-body,VER-Presidencia Municipal de Xoxocotla,VER,GM,VER,3
2812,municipal|16|16029|ayuntamiento|,1,municipal,16,16029,Churumuco,ayuntamiento,,high,state:state_code;level:gobierno_nivel;muni:inegi;singleton-body,MICH-Presidencia Municipal de Churumuco,MICH,GM,MICH,10
2813,municipal|17|17001|ayuntamiento|,1,municipal,17,17001,Amacuzac,ayuntamiento,,high,state:state_code;level:gobierno_nivel;muni:inegi;singleton-body,MOR-Presidencia Municipal de Amacuzac,MOR,GM,MOR,2
2814,municipal|21|21047|ayuntamiento|,1,municipal,21,21047,Chiautla,ayuntamiento,,high,state:state_code;level:gobierno_nivel;muni:inegi;singleton-body,PUE-Presidencia Municipal de Chiautla,PUE,GM,PUE,15
2815,state|20||organismo|COMISION DE CULTURA FISICA Y DEPORTE,1,state,20,,,organismo,COMISION DE CULTURA FISICA Y DEPORTE,high,state:state_code;level:gobierno_nivel,OAX-Comisión Estatal de Cultura Fisica y Deporte,OAX,GE,OAX,6
2816,municipal|29|29043|ayuntamiento|,1,municipal,29,29043,Yauhquemehcan,ayuntamiento,,high,state:state_code;level:gobierno_nivel;muni:inegi;singleton-body,TLAX-Presidencia Municipal de Yauhquemehcan,TLAX,GM,TLAX,50
2817,municipal|13|13056|ayuntamiento|,1,municipal,13,13056,Santiago Tulantepec de Lugo Guerrero,ayuntamiento,,high,state:state_code;level:gobierno_nivel;muni:inegi;singleton-body,HGO-Presidencia Municipal de Santiago Tulantepec de Lugo Guerrero,HGO,GM,HGO,4
2818,municipal|20|20517|ayuntamiento|,1,municipal,20,20517,Santo Domingo Tepuxtepec,ayuntamiento,,high,state:state_code;level:gobierno_nivel;muni:inegi;singleton-body,OAX-Presidencia Municipal de Santo Domingo Tepuxtepec,OAX,GM,OAX,2
2819,state|27||universidad politecnica|UNIVERSIDAD POLITECNICA DEL CENTRO,1,state,27,,,universidad politecnica,UNIVERSIDAD POLITECNICA DEL CENTRO,high,state:state_code;level:gobierno_nivel,TAB-Universidad Politécnica del Centro,TAB,GE,TAB,19
2820,municipal|21|21194|ayuntamiento|,1,municipal,21,21194,Venustiano Carranza,ayuntamiento,,high,state:state_code;level:gobierno_nivel;muni:inegi;singleton-body,PUE-Presidencia Municipal de Venustiano Carranza,PUE,GM,PUE,19
2821,municipal|01|01001|organismo|INSTITUTO MUNICIPAL DE LA MUJER,1,municipal,01,01001,Aguascalientes,organismo,INSTITUTO MUNICIPAL DE LA MUJER,high,state:state_code;level:gobierno_nivel;muni:inegi,AGS-Instituto Municipal de la Mujer de Aguascalientes,AGS,GM,AGS,5
2822,municipal|24|24009|ayuntamiento|,1,municipal,24,24009,Cerro de San Pedro,ayuntamiento,,high,state:state_code;level:gobierno_nivel;muni:inegi;singleton-body,SLP-Presidencia Municipal de Cerro de San Pedro,SLP,GM,SLP,6
2823,municipal|32|32043|ayuntamiento|,1,municipal,32,32043,Susticacán,ayuntamiento,,high,state:state_code;level:gobierno_nivel;muni:inegi;singleton-body,ZAC-Presidencia Municipal de Susticacán,ZAC,GM,ZAC,12
2824,state|31||universidad tecnologica|UNIVERSIDAD TECNOLOGICA REGIONAL DEL SUR,1,state,31,,,universidad tecnologica,UNIVERSIDAD TECNOLOGICA REGIONAL DEL SUR,high,state:state_code;level:gobierno_nivel,YUC-Universidad Tecnológica Regional del Sur,YUC,GE,YUC,4
2825,municipal|15|15041|ayuntamiento|,1,municipal,15,15041,Ixtapan del Oro,ayuntamiento,,high,state:state_code;level:gobierno_nivel;muni:inegi;singleton-body,MEX-Presidencia Municipal de Ixtapan del Oro,MEX,GM,MEX,1
2826,municipal|21|21087|ayuntamiento|,1,municipal,21,21087,Jolalpan,ayuntamiento,,high,state:state_code;level:gobierno_nivel;muni:inegi;singleton-body,PUE-Presidencia Municipal de Jolalpan,PUE,GM,PUE,9
2827,municipal|21|21033|ayuntamiento|,1,municipal,21,21033,Cohuecan,ayuntamiento,,high,state:state_code;level:gobierno_nivel;muni:inegi;singleton-body,PUE-Presidencia Municipal de Cohuecan,PUE,GM,PUE,6
2828,municipal|13|13061|ayuntamiento|,1,municipal,13,13061,Tepeapulco,ayuntamiento,,high,state:state_code;level:gobierno_nivel;muni:inegi;singleton-body,HGO-Presidencia Municipal de Tepeapulco,HGO,GM,HGO,59
2829,state|07||colegio de bachilleres|COLEGIO DE BACHILLERES,1,state,07,,,colegio de bachilleres,COLEGIO DE BACHILLERES,high,state:state_code;level:gobierno_nivel,CHIS-Colegio de Bachilleres de Chiapas,CHIS,GE,CHIS,117
2830,municipal|07|07025|ayuntamiento|,1,municipal,07,07025,Chapultenango,ayuntamiento,,high,state:state_code;level:gobierno_nivel;muni:inegi;singleton-body,CHIS-Presidencia Municipal de Chapultenango,CHIS,GM,CHIS,1
2831,municipal|13|13078|ayuntamiento|,2,municipal,13,13078,Xochiatipan,ayuntamiento,,high,state:state_code;level:gobierno_nivel;muni:inegi;singleton-body,HGO-Presidencia Municipal de Xochiatipan,HGO,GM,HGO,20
2832,municipal|30|30076|ayuntamiento|,1,municipal,30,30076,Ilamatlán,ayuntamiento,,high,state:state_code;level:gobierno_nivel;muni:inegi;singleton-body,VER-Presidencia Municipal de Ilamatlán,VER,GM,VER,6
2833,state|31||universidad tecnologica|UNIVERSIDAD TECNOLOGICA METROPOLITANA,2,state,31,,,universidad tecnologica,UNIVERSIDAD TECNOLOGICA METROPOLITANA,high,state:state_code;level:gobierno_nivel,YUC-Universidad Tecnológica Metropolitana,YUC,GE,YUC,52
2834,municipal|20|20390|ayuntamiento|,1,municipal,20,20390,Santa Lucía del Camino,ayuntamiento,,high,state:state_code;level:gobierno_nivel;muni:inegi;singleton-body,OAX-Presidencia Municipal de Santa Lucía del Camino,OAX,GM,OAX,1
2835,municipal|06|06005|ayuntamiento|,1,municipal,06,06005,Cuauhtémoc,ayuntamiento,,high,state:state_code;level:gobierno_nivel;muni:inegi;singleton-body,COL-Presidencia Municipal de Cuauhtémoc,COL,GM,COL,14
2836,municipal|17|17024|ayuntamiento|,1,municipal,17,17024,Tlaltizapán de Zapata,ayuntamiento,,high,state:state_code;level:gobierno_nivel;muni:inegi;singleton-body,MOR-Presidencia Municipal de Tlaltizapán,MOR,GM,MOR,1
2837,municipal|14|14078|ayuntamiento|,1,municipal,14,14078,San Miguel el Alto,ayuntamiento,,high,state:state_code;level:gobierno_nivel;muni:inegi;singleton-body,JAL-Presidencia Municipal de San Miguel el Alto,JAL,GM,JAL,3
2838,municipal|21|21139|ayuntamiento|,1,municipal,21,21139,San Pablo Anicano,ayuntamiento,,high,state:state_code;level:gobierno_nivel;muni:inegi;singleton-body,PUE-Presidencia Municipal de San Pablo Anicano,PUE,GM,PUE,22
2839,municipal|26|26044|ayuntamiento|,1,municipal,26,26044,Ónavas,ayuntamiento,,high,state:state_code;level:gobierno_nivel;muni:inegi;singleton-body,SON-Presidencia Municipal de Onavas,SON,GM,SON,5
2840,municipal|19|19047|ayuntamiento|,1,municipal,19,19047,Hidalgo,ayuntamiento,,high,state:state_code;text-state-overruled:13;level:gobierno_nivel;muni:inegi;singleton-body,NL-Presidencia Municipal de Hidalgo,NL,GM,NL,2
2841,state|04||dif estatal|,2,state,04,,,dif estatal,,high,state:state_code;level:gobierno_nivel;singleton-body,CAMP-Sistema para el Desarrollo Integral de la Familia del Estado de Campeche,CAMP,GE,CAMP,25
2842,state|30||organismo|ORGANO DE FISCALIZACION SUPERIOR,1,state,30,,,organismo,ORGANO DE FISCALIZACION SUPERIOR,high,state:state_code;level:gobierno_nivel,VER-Órgano de Fiscalización Superior del Estado,VER,GE,VER,14
2843,municipal|12|12062|ayuntamiento|,2,municipal,12,12062,Tlacoachistlahuaca,ayuntamiento,,high,state:state_code;level:gobierno_nivel;muni:inegi;singleton-body,GRO-Presidencia Municipal de Tlacoachistlahuaca,GRO,GM,GRO,2
2844,municipal|30|30094|ayuntamiento|,1,municipal,30,30094,Juan Rodríguez Clara,ayuntamiento,,high,state:state_code;level:gobierno_nivel;muni:inegi;singleton-body,VER-Presidencia Municipal de Juan Rodríguez Clara,VER,GM,VER,28
2845,municipal|16|16112|organismo de agua|SISTEMA DE AGUA POTABLE Y ALCANTARILLADO,1,municipal,16,16112,Zitácuaro,organismo de agua,SISTEMA DE AGUA POTABLE Y ALCANTARILLADO,high,state:state_code;level:gobierno_nivel;muni:inegi,MICH-Sistema de Agua Potable y Alcantarillado de Zitácuaro,MICH,GM,MICH,7
2846,state|15||universidad estatal|UNIVERSIDAD DEL BICENTENARIO,2,state,15,,,universidad estatal,UNIVERSIDAD DEL BICENTENARIO,medium,state:state_code;level:gobierno_nivel;gentilicio-stripped,MEX-Universidad Mexiquense del Bicentenario,MEX,GE,MEX,29
2847,municipal|21|21157|ayuntamiento|,1,municipal,21,21157,Tehuitzingo,ayuntamiento,,high,state:state_code;level:gobierno_nivel;muni:inegi;singleton-body,PUE-Presidencia Municipal de Tehuitzingo,PUE,GM,PUE,11
2848,municipal|31|31007|ayuntamiento|,1,municipal,31,31007,Cacalchén,ayuntamiento,,high,state:state_code;level:gobierno_nivel;muni:inegi;singleton-body,YUC-Presidencia Municipal de Cacalchén,YUC,GM,YUC,1
2849,state|27||hospital|HOSPITAL REGIONAL DE ALTA ESPECIALIDAD DE SALUD MENTAL,2,state,27,,,hospital,HOSPITAL REGIONAL DE ALTA ESPECIALIDAD DE SALUD MENTAL,high,state:state_code;level:gobierno_nivel,TAB-Hospital Regional de Alta Especialidad de Salud Mental,TAB,GE,TAB,14
2850,municipal|21|21032|ayuntamiento|,1,municipal,21,21032,Cohetzala,ayuntamiento,,high,state:state_code;level:gobierno_nivel;muni:inegi;singleton-body,PUE-Presidencia Municipal de Cohetzala,PUE,GM,PUE,9
2851,municipal|21|21190|ayuntamiento|,1,municipal,21,21190,Totoltepec de Guerrero,ayuntamiento,,high,state:state_code;text-state-overruled:12;level:gobierno_nivel;muni:inegi;singleton-body,PUE-Presidencia Municipal de Totoltepec de Guerrero,PUE,GM,PUE,7
2852,municipal|20|20210|ayuntamiento|,1,municipal,20,20210,San Juan Ñumí,ayuntamiento,,high,state:state_code;level:gobierno_nivel;muni:inegi;singleton-body,OAX-Presidencia Municipal de San Juan Ðumí,OAX,GM,OAX,4
2853,state|13||organismo|CONSEJO PARA LA CULTURA Y LAS ARTES,2,state,13,,,organismo,CONSEJO PARA LA CULTURA Y LAS ARTES,high,state:state_code;level:gobierno_nivel,HGO-Consejo Estatal para la Cultura y las Artes,HGO,GE,HGO,2
2854,municipal|29|29058|ayuntamiento|,1,municipal,29,29058,Santa Catarina Ayometla,ayuntamiento,,high,state:state_code;level:gobierno_nivel;muni:inegi;singleton-body,TLAX-Presidencia Municipal de Santa Catarina Ayometla,TLAX,GM,TLAX,6
2855,municipal|21|21196|ayuntamiento|,2,municipal,21,21196,Xayacatlán de Bravo,ayuntamiento,,high,state:state_code;level:gobierno_nivel;muni:inegi;singleton-body,PUE-Presidencia Municipal de Xayacatlán de Bravo,PUE,GM,PUE,11
2856,municipal|30|30009|ayuntamiento|,1,municipal,30,30009,Alto Lucero de Gutiérrez Barrios,ayuntamiento,,high,state:state_code;level:gobierno_nivel;muni:inegi;singleton-body,VER-Presidencia Municipal de Alto Lucero de Gutiérrez Barrios,VER,GM,VER,3
2857,state|17||poder judicial|,2,state,17,,,poder judicial,,high,state:state_code;level:gobierno_nivel;singleton-body,MOR-Poder Judicial,MOR,GE,MOR,6
2858,municipal|10|10039|ayuntamiento|,1,municipal,10,10039,Nuevo Ideal,ayuntamiento,,high,state:state_code;level:gobierno_nivel;muni:inegi;singleton-body,DGO-Presidencia Municipal de Nuevo Ideal,DGO,GM,DGO,2
2859,municipal|20|20113|ayuntamiento|,1,municipal,20,20113,San Baltazar Loxicha,ayuntamiento,,high,state:state_code;level:gobierno_nivel;muni:inegi;singleton-body,OAX-Presidencia Municipal de San Baltazar Loxicha,OAX,GM,OAX,1
2860,municipal|21|21176|ayuntamiento|,1,municipal,21,21176,Tilapa,ayuntamiento,,high,state:state_code;level:gobierno_nivel;muni:inegi;singleton-body,PUE-Presidencia Municipal de Tilapa,PUE,GM,PUE,39
2861,municipal|21|21138|ayuntamiento|,1,municipal,21,21138,San Nicolás de los Ranchos,ayuntamiento,,high,state:state_code;level:gobierno_nivel;muni:inegi;singleton-body,PUE-Presidencia Municipal de San Nicolás de los Ranchos,PUE,GM,PUE,7
2862,municipal|28|28037|ayuntamiento|,2,municipal,28,28037,Soto la Marina,ayuntamiento,,high,state:name-prefix;level:gobierno_nivel;muni:inegi;singleton-body,TAMPS-Presidencia Municipal de Soto la Marina,TAMPS,GM,,3
2863,state|10||universidad tecnologica|UNIVERSIDAD TECNOLOGICA,1,state,10,,,universidad tecnologica,UNIVERSIDAD TECNOLOGICA,high,state:state_code;level:gobierno_nivel,DGO-Universidad Tecnológica de Durango,DGO,GE,DGO,1
2864,municipal|26|26019|ayuntamiento|,1,municipal,26,26019,Cananea,ayuntamiento,,high,state:state_code;level:gobierno_nivel;muni:inegi;singleton-body,SON-Presidencia Municipal de Cananea,SON,GM,SON,6
2865,municipal|21|21150|ayuntamiento|,1,municipal,21,21150,Huehuetlán el Grande,ayuntamiento,,high,state:state_code;level:gobierno_nivel;muni:inegi;singleton-body,PUE-Presidencia Municipal de Huehuetlán el Grande,PUE,GM,PUE,6
2866,municipal|22|22010|ayuntamiento|,1,municipal,22,22010,Landa de Matamoros,ayuntamiento,,high,state:state_code;level:gobierno_nivel;muni:inegi;singleton-body,QRO-Presidencia Municipal de Landa de Matamoros,QRO,GM,QRO,29
2867,state|20||organismo|FIDEICOMISO PARA EL DESARROLLO LOGISTICO,1,state,20,,,organismo,FIDEICOMISO PARA EL DESARROLLO LOGISTICO,high,state:state_code;level:gobierno_nivel,OAX-Fideicomiso para el Desarrollo Logístico del Estado de Oaxaca,OAX,GE,OAX,15
2868,municipal|16|16094|ayuntamiento|,1,municipal,16,16094,Tlazazalca,ayuntamiento,,high,state:state_code;level:gobierno_nivel;muni:inegi;singleton-body,MICH-Presidencia Municipal de Tlazazalca,MICH,GM,MICH,2
2869,municipal|13|13043|ayuntamiento|,1,municipal,13,13043,Nicolás Flores,ayuntamiento,,high,state:state_code;level:gobierno_nivel;muni:inegi;singleton-body,HGO-Presidencia Municipal de Nicolás Flores,HGO,GM,HGO,13
2870,municipal|31|31099|ayuntamiento|,1,municipal,31,31099,Uayma,ayuntamiento,,high,state:state_code;level:gobierno_nivel;muni:inegi;singleton-body,YUC-Presidencia Municipal de Uayma,YUC,GM,YUC,1
2871,municipal|12|12019|ayuntamiento|,1,municipal,12,12019,Copalillo,ayuntamiento,,high,state:state_code;level:gobierno_nivel;muni:inegi;singleton-body,GRO-Presidencia Municipal de Copalillo,GRO,GM,GRO,3
2872,municipal|30|30156|ayuntamiento|,2,municipal,30,30156,Tatatila,ayuntamiento,,high,state:state_code;level:gobierno_nivel;muni:inegi;singleton-body,VER-Presidencia Municipal de Tatatila,VER,GM,VER,12
2873,state|10||organismo|BEBELECHE MUSEO INTERACTIVO,1,state,10,,,organismo,BEBELECHE MUSEO INTERACTIVO,high,state:state_code;level:gobierno_nivel,"DGO-Bebeleche, Museo Interactivo de Durango",DGO,GE,DGO,1
2874,municipal|20|20023|ayuntamiento|,1,municipal,20,20023,Cuilápam de Guerrero,ayuntamiento,,high,state:state_code;text-state-overruled:12;level:gobierno_nivel;muni:inegi;singleton-body,OAX-Presidencia Municipal de Cuilápam de Guerrero,OAX,GM,OAX,2
2875,municipal|21|21153|ayuntamiento|,1,municipal,21,21153,Tecali de Herrera,ayuntamiento,,high,state:state_code;level:gobierno_nivel;muni:inegi;singleton-body,PUE-Presidencia Municipal de Tecali de Herrera,PUE,GM,PUE,18
2876,state|05||tecnologico superior (estatal)|INSTITUTO TECNOLOGICO SUPERIOR DE SAN PEDRO DE LAS COLONIAS,1,state,05,,,tecnologico superior (estatal),INSTITUTO TECNOLOGICO SUPERIOR DE SAN PEDRO DE LAS COLONIAS,high,state:state_code;level:gobierno_nivel,COAH-Instituto Tecnológico Superior de San Pedro de las Colonias,COAH,GE,COAH,2
2877,municipal|32|32027|ayuntamiento|,1,municipal,32,32027,Melchor Ocampo,ayuntamiento,,high,state:state_code;level:gobierno_nivel;muni:inegi;singleton-body,ZAC-Presidencia Municipal de Melchor Ocampo,ZAC,GM,ZAC,3
2878,municipal|21|21141|ayuntamiento|,1,municipal,21,21141,San Pedro Yeloixtlahuaca,ayuntamiento,,high,state:state_code;level:gobierno_nivel;muni:inegi;singleton-body,PUE-Presidencia Municipal de San Pedro Yeloixtlahuaca,PUE,GM,PUE,17
2879,municipal|30|30091|ayuntamiento|,1,municipal,30,30091,Jesús Carranza,ayuntamiento,,high,state:state_code;level:gobierno_nivel;muni:inegi;singleton-body,VER-Presidencia Municipal de Jesús Carranza,VER,GM,VER,7
2880,municipal|30|30205|ayuntamiento|,1,municipal,30,30205,El Higo,ayuntamiento,,high,state:state_code;level:gobierno_nivel;muni:inegi;singleton-body,VER-Presidencia Municipal de El Higo,VER,GM,VER,7
2881,state|17||secretaria|SECRETARIA DE GESTION E INNOVACION GUBERNAMENTAL,1,state,17,,,secretaria,SECRETARIA DE GESTION E INNOVACION GUBERNAMENTAL,high,state:state_code;level:gobierno_nivel,MOR-Secretaría de Gestión e Innovación Gubernamental,MOR,GE,MOR,11
2882,municipal|21|21035|ayuntamiento|,1,municipal,21,21035,Coxcatlán,ayuntamiento,,high,state:state_code;level:gobierno_nivel;muni:inegi;singleton-body,PUE-Presidencia Municipal de Coxcatlán,PUE,GM,PUE,10
2883,municipal|12|12080|ayuntamiento|,2,municipal,12,12080,Juchitán,ayuntamiento,,high,state:state_code;level:gobierno_nivel;muni:inegi;singleton-body,GRO-Presidencia Municipal de Juchitán,GRO,GM,GRO,4
2884,state|09||infraestructura educativa|INSTITUTO LOCAL DE LA INFRAESTRUCTURA FISICA EDUCATIVA,1,state,09,,,infraestructura educativa,INSTITUTO LOCAL DE LA INFRAESTRUCTURA FISICA EDUCATIVA,high,state:state_code;level:gobierno_nivel,CDMX-Instituto Local de la Infraestructura Física Educativa del Distrito Federal,CDMX,GE,CDMX,6
2885,state|31||universidad tecnologica|UNIVERSIDAD TECNOLOGICA DEL PONIENTE,1,state,31,,,universidad tecnologica,UNIVERSIDAD TECNOLOGICA DEL PONIENTE,high,state:state_code;level:gobierno_nivel,YUC-Universidad Tecnológica del Poniente,YUC,GE,YUC,15
2886,municipal|10|10008|ayuntamiento|,1,municipal,10,10008,Guadalupe Victoria,ayuntamiento,,high,state:state_code;level:gobierno_nivel;muni:inegi;singleton-body,DGO-Presidencia Municipal de Guadalupe Victoria,DGO,GM,DGO,1
2887,municipal|30|30167|ayuntamiento|,1,municipal,30,30167,Tepetzintla,ayuntamiento,,high,state:state_code;level:gobierno_nivel;muni:inegi;singleton-body,VER-Presidencia Municipal de Tepetzintla,VER,GM,VER,3
2888,municipal|26|26062|ayuntamiento|,2,municipal,26,26062,Suaqui Grande,ayuntamiento,,high,state:state_code;level:gobierno_nivel;muni:inegi;singleton-body,SON-Presidencia Municipal de Suaqui Grande,SON,GM,SON,3
2889,municipal|16|16024|ayuntamiento|,1,municipal,16,16024,Cherán,ayuntamiento,,high,state:state_code;level:gobierno_nivel;muni:inegi;singleton-body,MICH-Presidencia Municipal de Cherán,MICH,GM,MICH,21
2890,state|10||universidad tecnologica|UNIVERSIDAD TECNOLOGICA DEL MEZQUITAL,1,state,10,,,universidad tecnologica,UNIVERSIDAD TECNOLOGICA DEL MEZQUITAL,high,state:state_code;level:gobierno_nivel,DGO-Universidad Tecnológica del Mezquital,DGO,GE,DGO,2
2891,municipal|21|21061|ayuntamiento|,1,municipal,21,21061,Eloxochitlán,ayuntamiento,,high,state:state_code;level:gobierno_nivel;muni:inegi;singleton-body,PUE-Presidencia Municipal de Eloxochitlán,PUE,GM,PUE,13
2892,municipal|20|20158|ayuntamiento|,1,municipal,20,20158,San Jacinto Tlacotepec,ayuntamiento,,high,state:state_code;level:gobierno_nivel;muni:inegi;singleton-body,OAX-Presidencia Municipal de San Jacinto Tlacotepec,OAX,GM,OAX,3
2893,state|03||secretaria|CONTRALORIA GENERAL,1,state,03,,,secretaria,CONTRALORIA GENERAL,high,state:state_code;level:gobierno_nivel,BCS-Contraloría General,BCS,GE,BCS,7
2894,municipal|21|21049|ayuntamiento|,2,municipal,21,21049,Chiconcuautla,ayuntamiento,,high,state:state_code;level:gobierno_nivel;muni:inegi;singleton-body,PUE-Presidencia Municipal de Chiconcuautla,PUE,GM,PUE,2
2895,municipal|31|31102|ayuntamiento|,2,municipal,31,31102,Valladolid,ayuntamiento,,high,state:state_code;level:gobierno_nivel;muni:inegi;singleton-body,YUC-Presidencia Municipal de Valladolid,YUC,GM,YUC,1
2896,municipal|20|20352|ayuntamiento|,1,municipal,20,20352,San Simón Zahuatlán,ayuntamiento,,high,state:state_code;level:gobierno_nivel;muni:inegi;singleton-body,OAX-Presidencia Municipal de San Simón Zahuatlán,OAX,GM,OAX,6
2897,municipal|21|21008|ayuntamiento|,1,municipal,21,21008,Ahuazotepec,ayuntamiento,,high,state:state_code;level:gobierno_nivel;muni:inegi;singleton-body,PUE-Presidencia Municipal de Ahuazotepec,PUE,GM,PUE,6
2898,municipal|26|26016|ayuntamiento|,1,municipal,26,26016,Benjamín Hill,ayuntamiento,,high,state:state_code;level:gobierno_nivel;muni:inegi;singleton-body,SON-Presidencia Municipal de Benjamín Hill,SON,GM,SON,1
2899,municipal|08|08054|ayuntamiento|,2,municipal,08,08054,Riva Palacio,ayuntamiento,,high,state:state_code;level:gobierno_nivel;muni:inegi;singleton-body,CHIH-Presidencia Municipal de Riva Palacio,CHIH,GM,CHIH,7
2900,municipal|20|20057|ayuntamiento|,1,municipal,20,20057,Matías Romero Avendaño,ayuntamiento,,high,state:state_code;level:gobierno_nivel;muni:inegi;singleton-body,OAX-Presidencia Municipal de Matías Romero Avendaño,OAX,GM,OAX,1
2901,municipal|16|16087|ayuntamiento|,1,municipal,16,16087,Taretan,ayuntamiento,,high,state:state_code;level:gobierno_nivel;muni:inegi;singleton-body,MICH-Presidencia Municipal de Taretan,MICH,GM,MICH,62
2902,municipal|16|16030|ayuntamiento|,1,municipal,16,16030,Ecuandureo,ayuntamiento,,high,state:state_code;level:gobierno_nivel;muni:inegi;singleton-body,MICH-Presidencia Municipal de Ecuandureo,MICH,GM,MICH,1
2903,municipal|22|22007|ayuntamiento|,2,municipal,22,22007,Ezequiel Montes,ayuntamiento,,high,state:state_code;level:gobierno_nivel;muni:inegi;singleton-body,QRO-Presidencia Municipal de Ezequiel Montes,QRO,GM,QRO,22
2904,municipal|17|17019|ayuntamiento|,2,municipal,17,17019,Tepalcingo,ayuntamiento,,high,state:state_code;level:gobierno_nivel;muni:inegi;singleton-body,MOR-Presidencia Municipal de Tepalcingo,MOR,GM,MOR,5
2905,state|05||cecyte|COLEGIO DE ESTUDIOS CIENTIFICOS Y TECNOLOGICOS,2,state,05,,,cecyte,COLEGIO DE ESTUDIOS CIENTIFICOS Y TECNOLOGICOS,high,state:state_code;level:gobierno_nivel,COAH-Colegio de Estudios Científicos y Tecnológicos,COAH,GE,COAH,6
2906,state|26||organismo|BIBLIOTECA PUBLICA JESUS CORRAL RUIZ,1,state,26,,,organismo,BIBLIOTECA PUBLICA JESUS CORRAL RUIZ,high,state:state_code;level:gobierno_nivel,SON-Biblioteca Pública Jesús Corral Ruiz,SON,GE,SON,1
2907,municipal|16|16049|ayuntamiento|,1,municipal,16,16049,Madero,ayuntamiento,,high,state:state_code;level:gobierno_nivel;muni:inegi;singleton-body,MICH-Presidencia Municipal de Madero,MICH,GM,MICH,16
2908,municipal|14|14063|ayuntamiento|,1,municipal,14,14063,Ocotlán,ayuntamiento,,high,state:state_code;level:gobierno_nivel;muni:inegi;singleton-body,JAL-Presidencia Municipal de Ocotlán,JAL,GM,JAL,6
2909,municipal|04|04001|ayuntamiento|,2,municipal,04,04001,Calkiní,ayuntamiento,,high,state:state_code;level:gobierno_nivel;muni:inegi;singleton-body,CAMP-Presidencia Municipal de Calkiní,CAMP,GM,CAMP,14
2910,municipal|29|29046|ayuntamiento|,1,municipal,29,29046,Emiliano Zapata,ayuntamiento,,high,state:state_code;level:gobierno_nivel;muni:inegi;singleton-body,TLAX-Presidencia Municipal de Emiliano Zapata,TLAX,GM,TLAX,12
2911,state|12||dif estatal|,2,state,12,,,dif estatal,,high,state:state_code;level:gobierno_nivel;singleton-body,GRO-Sistema para el Desarrollo Integral de la Familia,GRO,GE,GRO,92
2912,municipal|17|17017|ayuntamiento|,1,municipal,17,17017,Puente de Ixtla,ayuntamiento,,high,state:state_code;level:gobierno_nivel;muni:inegi;singleton-body,MOR-Presidencia Municipal de Puente de Ixtla,MOR,GM,MOR,4
2913,municipal|20|20546|ayuntamiento|,1,municipal,20,20546,Teotitlán del Valle,ayuntamiento,,high,state:state_code;level:gobierno_nivel;muni:inegi;singleton-body,OAX-Presidencia Municipal de Teotitlán del Valle,OAX,GM,OAX,1
2914,municipal|20|20375|ayuntamiento|,1,municipal,20,20375,Santa Cruz Amilpas,ayuntamiento,,high,state:state_code;level:gobierno_nivel;muni:inegi;singleton-body,OAX-Presidencia Municipal de Santa Cruz Amilpas,OAX,GM,OAX,3
2915,municipal|29|29057|ayuntamiento|,1,municipal,29,29057,Santa Apolonia Teacalco,ayuntamiento,,high,state:state_code;level:gobierno_nivel;muni:inegi;singleton-body,TLAX-Presidencia Municipal de Santa Apolonia Teacalco,TLAX,GM,TLAX,1
2916,state|12||universidad estatal|UNIVERSIDAD AUTONOMA,1,state,12,,,universidad estatal,UNIVERSIDAD AUTONOMA,high,state:state_code;level:gobierno_nivel,GRO-Universidad Autónoma de Guerrero,GRO,GE,GRO,1
2917,state|27||tecnologico superior (estatal)|INSTITUTO TECNOLOGICO SUPERIOR DE LOS RIOS,1,state,27,,,tecnologico superior (estatal),INSTITUTO TECNOLOGICO SUPERIOR DE LOS RIOS,high,state:state_code;level:gobierno_nivel,TAB-Instituto Tecnológico Superior de Los Ríos,TAB,GE,TAB,1
2918,municipal|24|24016|ayuntamiento|,2,municipal,24,24016,Ebano,ayuntamiento,,high,state:state_code;level:gobierno_nivel;muni:inegi;singleton-body,SLP-Presidencia Municipal de Ebano,SLP,GM,SLP,15
2919,municipal|18|18014|ayuntamiento|,1,municipal,18,18014,Santa María del Oro,ayuntamiento,,high,state:state_code;level:gobierno_nivel;muni:inegi;singleton-body,NAY-Presidencia Municipal de Santa María del Oro,NAY,GM,NAY,4
2920,municipal|20|20516|ayuntamiento|,1,municipal,20,20516,Santo Domingo Teojomulco,ayuntamiento,,high,state:state_code;level:gobierno_nivel;muni:inegi;singleton-body,OAX-Presidencia Municipal de Santo Domingo Teojomulco,OAX,GM,OAX,1
2921,municipal|16|16054|ayuntamiento|,1,municipal,16,16054,Morelos,ayuntamiento,,high,state:state_code;text-state-overruled:17;level:gobierno_nivel;muni:inegi;singleton-body,MICH-Presidencia Municipal de Morelos,MICH,GM,MICH,51
2922,municipal|32|32044|ayuntamiento|,2,municipal,32,32044,Tabasco,ayuntamiento,,high,state:state_code;text-state-overruled:27;level:gobierno_nivel;muni:inegi;singleton-body,ZAC-Presidencia Municipal de Tabasco,ZAC,GM,ZAC,13
2923,municipal|21|21039|ayuntamiento|,1,municipal,21,21039,Cuautempan,ayuntamiento,,high,state:state_code;level:gobierno_nivel;muni:inegi;singleton-body,PUE-Presidencia Municipal de Cuautempan,PUE,GM,PUE,24
2924,state|13||universidad tecnologica|UNIVERSIDAD TECNOLOGICA DE LA HUASTECA,1,state,13,,,universidad tecnologica,UNIVERSIDAD TECNOLOGICA DE LA HUASTECA,medium,state:state_code;level:gobierno_nivel;gentilicio-stripped,HGO-Universidad Tecnológica de la Huasteca Hidalguense,HGO,GE,HGO,7
2925,state|08||cecyte|COLEGIO DE ESTUDIOS CIENTIFICOS Y TECNOLOGICOS,1,state,08,,,cecyte,COLEGIO DE ESTUDIOS CIENTIFICOS Y TECNOLOGICOS,high,state:state_code;level:gobierno_nivel,CHIH-Colegio de Estudios Científicos y Tecnológicos del Estado de Chihuahua,CHIH,GE,CHIH,20
2926,municipal|24|24020|ayuntamiento|,2,municipal,24,24020,Matehuala,ayuntamiento,,high,state:state_code;level:gobierno_nivel;muni:inegi;singleton-body,SLP-Presidencia Municipal de Matehuala,SLP,GM,SLP,57
2927,municipal|20|20426|ayuntamiento|,1,municipal,20,20426,Santa María Peñoles,ayuntamiento,,high,state:state_code;level:gobierno_nivel;muni:inegi;singleton-body,OAX-Presidencia Municipal de Santa María Peñoles,OAX,GM,OAX,2
2928,municipal|17|17018|ayuntamiento|,1,municipal,17,17018,Temixco,ayuntamiento,,high,state:state_code;level:gobierno_nivel;muni:inegi;singleton-body,MOR-Presidencia Municipal de Temixco,MOR,GM,MOR,31
2929,state|08||universidad estatal|UNIVERSIDAD PEDAGOGICA NACIONAL,1,state,08,,,universidad estatal,UNIVERSIDAD PEDAGOGICA NACIONAL,high,state:state_code;level:gobierno_nivel,CHIH-Universidad Pedagógica Nacional del Estado de Chihuahua,CHIH,GE,CHIH,3
2930,state|26||secretaria|SECRETARIA DE LA CONTRALORIA GENERAL,2,state,26,,,secretaria,SECRETARIA DE LA CONTRALORIA GENERAL,high,state:state_code;level:gobierno_nivel,SON-Secretaría de la Contraloría General,SON,GE,SON,12
2931,state|04||organismo|INSTITUTO DE INFORMACION ESTADISTICA GEOGRAFICA Y CATASTRAL,1,state,04,,,organismo,INSTITUTO DE INFORMACION ESTADISTICA GEOGRAFICA Y CATASTRAL,high,state:state_code;level:gobierno_nivel,"CAMP-Instituto de Información Estadística, Geográfica y Catastral del Estado de Campeche (INFOCAM)",CAMP,GE,CAMP,17
2932,municipal|16|16008|ayuntamiento|,1,municipal,16,16008,Aquila,ayuntamiento,,high,state:state_code;level:gobierno_nivel;muni:inegi;singleton-body,MICH-Presidencia Municipal de Aquila,MICH,GM,MICH,6
2933,municipal|29|29004|ayuntamiento|,1,municipal,29,29004,Atltzayanca,ayuntamiento,,high,state:state_code;level:gobierno_nivel;muni:inegi;singleton-body,TLAX-Presidencia Municipal de Atltzayanca,TLAX,GM,TLAX,8
2934,state|13||organismo|COMISION DE VIVIENDA,1,state,13,,,organismo,COMISION DE VIVIENDA,high,state:state_code;level:gobierno_nivel,HGO-Comisión Estatal de Vivienda,HGO,GE,HGO,3
2935,municipal|08|08023|ayuntamiento|,1,municipal,08,08023,Galeana,ayuntamiento,,high,state:state_code;level:gobierno_nivel;muni:inegi;singleton-body,CHIH-Presidencia Municipal de Galeana,CHIH,GM,CHIH,4
2936,state|20||secretaria|SECRETARIA DE LA MUJER,1,state,20,,,secretaria,SECRETARIA DE LA MUJER,medium,state:state_code;level:gobierno_nivel;gentilicio-stripped,OAX-Secretaría de la Mujer Oaxaqueña,OAX,GE,OAX,45
2937,,,federal,,,,organismo,COORDINACION GENERAL PRENDE MX,n/a,level:gobierno_nivel,Coordinación General @prende.mx,APRENDEMX,APF,,83
2938,state|17||organismo|MUSEO DE ARTE POPULAR,1,state,17,,,organismo,MUSEO DE ARTE POPULAR,medium,state:state_code;level:gobierno_nivel;gentilicio-stripped,MOR-Museo Morelense de Arte Popular,MOR,GE,MOR,61
2939,municipal|21|21031|ayuntamiento|,1,municipal,21,21031,Coatzingo,ayuntamiento,,high,state:state_code;level:gobierno_nivel;muni:inegi;singleton-body,PUE-Presidencia Municipal de Coatzingo,PUE,GM,PUE,14
2940,state|21||tecnologico superior (estatal)|INSTITUTO TECNOLOGICO SUPERIOR DE TEPEACA,1,state,21,,,tecnologico superior (estatal),INSTITUTO TECNOLOGICO SUPERIOR DE TEPEACA,high,state:state_code;level:gobierno_nivel,PUE-Instituto Tecnológico Superior de Tepeaca,PUE,GE,PUE,6
2941,municipal|21|21086|ayuntamiento|,1,municipal,21,21086,Jalpan,ayuntamiento,,high,state:state_code;level:gobierno_nivel;muni:inegi;singleton-body,PUE-Presidencia Municipal de Jalpan,PUE,GM,PUE,8
2942,state|07||organismo|INSTITUTO DE ENERGIAS RENOVABLES,1,state,07,,,organismo,INSTITUTO DE ENERGIAS RENOVABLES,high,state:state_code;level:gobierno_nivel,CHIS-Instituto de Energías Renovables,CHIS,GE,CHIS,26
2943,state|31||organismo|INSTITUTO PARA LA IGUALDAD ENTRE MUJERES Y HOMBRES,1,state,31,,,organismo,INSTITUTO PARA LA IGUALDAD ENTRE MUJERES Y HOMBRES,high,state:state_code;level:gobierno_nivel,YUC-Instituto para la Igualdad entre Mujeres y Hombres de Yucatán,YUC,GE,YUC,139
2944,municipal|10|10024|ayuntamiento|,1,municipal,10,10024,Rodeo,ayuntamiento,,high,state:state_code;level:gobierno_nivel;muni:inegi;singleton-body,DGO-Presidencia Municipal de Rodeo,DGO,GM,DGO,12
2945,municipal|20|20266|ayuntamiento|,1,municipal,20,20266,San Miguel del Puerto,ayuntamiento,,high,state:state_code;level:gobierno_nivel;muni:inegi;singleton-body,OAX-Presidencia Municipal de San Miguel del Puerto,OAX,GM,OAX,8
2946,municipal|20|20469|ayuntamiento|,1,municipal,20,20469,Santiago Juxtlahuaca,ayuntamiento,,high,state:state_code;level:gobierno_nivel;muni:inegi;singleton-body,OAX-Presidencia Municipal de Santiago Juxtlahuaca,OAX,GM,OAX,11
2947,state|21||universidad tecnologica|UNIVERSIDAD TECNOLOGICA DE HUEJOTZINGO,1,state,21,,,universidad tecnologica,UNIVERSIDAD TECNOLOGICA DE HUEJOTZINGO,high,state:state_code;level:gobierno_nivel,PUE-Universidad Tecnológica de Huejotzingo,PUE,GE,PUE,35
2948,municipal|30|30131|ayuntamiento|,2,municipal,30,30131,Poza Rica de Hidalgo,ayuntamiento,,high,state:state_code;text-state-overruled:13;level:gobierno_nivel;muni:inegi;singleton-body,VER-Presidencia Municipal de Poza Rica de Hidalgo,VER,GM,VER,72
2949,state|21||tecnologico superior (estatal)|INSTITUTO TECNOLOGICO SUPERIOR DE ACATLAN DE OSORIO,1,state,21,,,tecnologico superior (estatal),INSTITUTO TECNOLOGICO SUPERIOR DE ACATLAN DE OSORIO,high,state:state_code;level:gobierno_nivel,PUE-Instituto Tecnológico Superior de Acatlán de Osorio,PUE,GE,PUE,20
2950,municipal|21|21211|ayuntamiento|,1,municipal,21,21211,Zaragoza,ayuntamiento,,high,state:state_code;level:gobierno_nivel;muni:inegi;singleton-body,PUE-Presidencia Municipal de Zaragoza,PUE,GM,PUE,22
2951,municipal|04|04010|ayuntamiento|,1,municipal,04,04010,Calakmul,ayuntamiento,,high,state:state_code;level:gobierno_nivel;muni:inegi;singleton-body,CAMP-Presidencia Municipal de Calakmul,CAMP,GM,CAMP,30
2952,municipal|30|30160|ayuntamiento|,2,municipal,30,30160,Álamo Temapache,ayuntamiento,,high,state:state_code;level:gobierno_nivel;muni:inegi;singleton-body,VER-Presidencia Municipal de Álamo Temapache,VER,GM,VER,4
2953,municipal|13|13055|ayuntamiento|,2,municipal,13,13055,Santiago de Anaya,ayuntamiento,,high,state:state_code;level:gobierno_nivel;muni:inegi;singleton-body,HGO-Presidencia Municipal de Santiago de Anaya,HGO,GM,HGO,13
2954,,,federal,,,,organismo,AGENCIA NACIONAL DE SEGURIDAD INDUSTRIAL Y DE PROTECCION AL MEDIO AMBIENTE DEL SECTOR HIDROCARBUROS,n/a,level:gobierno_nivel,Agencia Nacional de Seguridad Industrial y de Protección al Medio Ambiente del Sector Hidrocarburos,ASEA,APF,,522
2955,municipal|13|13063|ayuntamiento|,1,municipal,13,13063,Tepeji del Río de Ocampo,ayuntamiento,,high,state:state_code;level:gobierno_nivel;muni:inegi;singleton-body,HGO-Presidencia Municipal de Tepeji del Río de Ocampo,HGO,GM,HGO,64
2956,municipal|30|30031|ayuntamiento|,1,municipal,30,30031,Carrillo Puerto,ayuntamiento,,high,state:state_code;level:gobierno_nivel;muni:inegi;singleton-body,VER-Presidencia Municipal de Carrillo Puerto,VER,GM,VER,1
2957,,,federal,,,,organismo,CENTRO NACIONAL DE CONTROL DEL GAS NATURAL,n/a,level:gobierno_nivel,Centro Nacional de Control del Gas Natural,CENAGAS,APF,,1139
2958,municipal|18|18007|ayuntamiento|,1,municipal,18,18007,Jala,ayuntamiento,,high,state:state_code;level:gobierno_nivel;muni:inegi;singleton-body,NAY-Presidencia Municipal de Jala,NAY,GM,NAY,22
2959,municipal|10|10022|ayuntamiento|,1,municipal,10,10022,Poanas,ayuntamiento,,high,state:state_code;level:gobierno_nivel;muni:inegi;singleton-body,DGO-Presidencia Municipal de Poanas,DGO,GM,DGO,14
2960,state|04||tecnologico superior (estatal)|INSTITUTO TECNOLOGICO SUPERIOR DE CHAMPOTON,1,state,04,,,tecnologico superior (estatal),INSTITUTO TECNOLOGICO SUPERIOR DE CHAMPOTON,high,state:state_code;level:gobierno_nivel,CAMP-Instituto Tecnológico Superior de Champoton,CAMP,GE,CAMP,9
2961,municipal|08|08050|ayuntamiento|,3,municipal,08,08050,Nuevo Casas Grandes,ayuntamiento,,high,state:state_code;level:gobierno_nivel;muni:inegi;singleton-body,CHIH-Presidencia Municipal de Nuevo Casas Grandes,CHIH,GM,CHIH,22
2962,state|06||organismo|SECRETARIADO EJECUTIVO DEL SISTEMA ESTATAL DE SEGURIDAD PUBLICA,2,state,06,,,organismo,SECRETARIADO EJECUTIVO DEL SISTEMA ESTATAL DE SEGURIDAD PUBLICA,high,state:state_code;level:gobierno_nivel,COL-Secretariado Ejecutivo del Sistema Estatal de Seguridad Pública,COL,GE,COL,36
2963,municipal|30|30110|ayuntamiento|,1,municipal,30,30110,Mixtla de Altamirano,ayuntamiento,,high,state:state_code;level:gobierno_nivel;muni:inegi;singleton-body,VER-Presidencia Municipal de Mixtla de Altamirano,VER,GM,VER,5
2964,state|08||organismo|COMISION DE VIVIENDA SUELO E INFRAESTRUCTURA,1,state,08,,,organismo,COMISION DE VIVIENDA SUELO E INFRAESTRUCTURA,high,state:state_code;level:gobierno_nivel,"CHIH-Comisión Estatal de Vivienda, Suelo e Infraestructura de Chihuahua",CHIH,GE,CHIH,3
2965,state|11||organismo|INSTITUTO CULTURAL DE LEON,1,state,11,,,organismo,INSTITUTO CULTURAL DE LEON,high,state:state_code;level:gobierno_nivel,GTO-Instituto Cultural de León,GTO,GE,GTO,23
2966,municipal|15|15030|ayuntamiento|,1,municipal,15,15030,Chiconcuac,ayuntamiento,,high,state:state_code;level:gobierno_nivel;muni:inegi;singleton-body,MEX-Presidencia Municipal de Chiconcuac,MEX,GM,MEX,3
2967,municipal|30|30068|ayuntamiento|,1,municipal,30,30068,Fortín,ayuntamiento,,high,state:state_code;level:gobierno_nivel;muni:inegi;singleton-body,VER-Presidencia Municipal de Fortín,VER,GM,VER,13
2968,municipal|21|21088|ayuntamiento|,1,municipal,21,21088,Jonotla,ayuntamiento,,high,state:state_code;level:gobierno_nivel;muni:inegi;singleton-body,PUE-Presidencia Municipal de Jonotla,PUE,GM,PUE,3
2969,municipal|16|16089|ayuntamiento|,1,municipal,16,16089,Tepalcatepec,ayuntamiento,,high,state:state_code;level:gobierno_nivel;muni:inegi;singleton-body,MICH-Presidencia Municipal de Tepalcatepec,MICH,GM,MICH,10
2970,municipal|21|21078|ayuntamiento|,1,municipal,21,21078,Huitzilan de Serdán,ayuntamiento,,high,state:state_code;level:gobierno_nivel;muni:inegi;singleton-body,PUE-Presidencia Municipal de Huitzilan de Serdán,PUE,GM,PUE,5
2971,municipal|05|05002|ayuntamiento|,1,municipal,05,05002,Acuña,ayuntamiento,,high,state:state_code;level:gobierno_nivel;muni:inegi;singleton-body,COAH-Presidencia Municipal de Acuña,COAH,GM,COAH,62
2972,state|31||fiscalia/procuraduria|FISCALIA GENERAL,1,state,31,,,fiscalia/procuraduria,FISCALIA GENERAL,high,state:state_code;level:gobierno_nivel,YUC-Fiscalía General del Estado de Yucatán,YUC,GE,YUC,5
2973,municipal|10|10014|ayuntamiento|,1,municipal,10,10014,Mezquital,ayuntamiento,,high,state:state_code;level:gobierno_nivel;muni:inegi;singleton-body,DGO-Presidencia Municipal de Mezquital,DGO,GM,DGO,28
2974,state|21||universidad estatal|UNIVERSIDAD INTERSERRANA AHUACATLAN,1,state,21,,,universidad estatal,UNIVERSIDAD INTERSERRANA AHUACATLAN,high,state:state_code;level:gobierno_nivel,PUE-Universidad Interserrana del Estado de Puebla-Ahuacatlán,PUE,GE,PUE,27
2975,municipal|10|10016|ayuntamiento|,2,municipal,10,10016,Nombre de Dios,ayuntamiento,,high,state:state_code;level:gobierno_nivel;muni:inegi;singleton-body,DGO-Presidencia Municipal de Nombre de Dios,DGO,GM,DGO,48
2976,municipal|10|10015|ayuntamiento|,2,municipal,10,10015,Nazas,ayuntamiento,,high,state:state_code;level:gobierno_nivel;muni:inegi;singleton-body,DGO-Presidencia Municipal de Nazas,DGO,GM,DGO,4
2977,municipal|20|20312|ayuntamiento|,1,municipal,20,20312,San Pedro Jicayán,ayuntamiento,,high,state:state_code;level:gobierno_nivel;muni:inegi;singleton-body,OAX-Presidencia Municipal de San Pedro Jicayán,OAX,GM,OAX,2
2978,municipal|20|20480|ayuntamiento|,1,municipal,20,20480,Santiago Nundiche,ayuntamiento,,high,state:state_code;level:gobierno_nivel;muni:inegi;singleton-body,OAX-Presidencia Municipal de Santiago Nundiche,OAX,GM,OAX,1
2979,municipal|30|30010|ayuntamiento|,2,municipal,30,30010,Altotonga,ayuntamiento,,high,state:state_code;level:gobierno_nivel;muni:inegi;singleton-body,VER-Presidencia Municipal de Altotonga,VER,GM,VER,35
2980,municipal|13|13045|ayuntamiento|,1,municipal,13,13045,Omitlán de Juárez,ayuntamiento,,high,state:state_code;level:gobierno_nivel;muni:inegi;singleton-body,HGO-Presidencia Municipal de Omitlán de Juárez,HGO,GM,HGO,7
2981,municipal|20|20535|ayuntamiento|,1,municipal,20,20535,San Vicente Lachixío,ayuntamiento,,high,state:state_code;level:gobierno_nivel;muni:inegi;singleton-body,OAX-Presidencia Municipal de San Vicente Lachixío,OAX,GM,OAX,8
2982,municipal|20|20350|ayuntamiento|,1,municipal,20,20350,San Sebastián Tutla,ayuntamiento,,high,state:state_code;level:gobierno_nivel;muni:inegi;singleton-body,OAX-Presidencia Municipal de San Sebastián Tutla,OAX,GM,OAX,8
2983,municipal|30|30099|ayuntamiento|,1,municipal,30,30099,Maltrata,ayuntamiento,,high,state:state_code;level:gobierno_nivel;muni:inegi;singleton-body,VER-Presidencia Municipal de Maltrata,VER,GM,VER,7
2984,state|16||universidad estatal|UNIVERSIDAD DE LA CIENEGA,1,state,16,,,universidad estatal,UNIVERSIDAD DE LA CIENEGA,high,state:state_code;level:gobierno_nivel,MICH-Universidad de La Ciénega,MICH,GE,MICH,26
2985,municipal|21|21121|ayuntamiento|,1,municipal,21,21121,San Diego la Mesa Tochimiltzingo,ayuntamiento,,high,state:state_code;level:gobierno_nivel;muni:inegi;singleton-body,PUE-Presidencia Municipal de San Diego la Mesa Tochimiltzingo,PUE,GM,PUE,5
2986,state|07||organismo|SECRETARIADO EJECUTIVO DEL SISTEMA ESTATAL DE SEGURIDAD PUBLICA,1,state,07,,,organismo,SECRETARIADO EJECUTIVO DEL SISTEMA ESTATAL DE SEGURIDAD PUBLICA,high,state:state_code;level:gobierno_nivel,CHIS-Secretariado Ejecutivo del Sistema Estatal de Seguridad Pública,CHIS,GE,CHIS,13
2987,municipal|20|20136|ayuntamiento|,1,municipal,20,20136,San Felipe Usila,ayuntamiento,,high,state:state_code;level:gobierno_nivel;muni:inegi;singleton-body,OAX-Presidencia Municipal de San Felipe Usila,OAX,GM,OAX,6
2988,state|23||organismo|INSTITUTO DE IMPACTO Y RIESGO AMBIENTAL,1,state,23,,,organismo,INSTITUTO DE IMPACTO Y RIESGO AMBIENTAL,high,state:name-prefix;level:gobierno_nivel,Q ROO-Instituto de Impacto y Riesgo Ambiental del Estado de Quintana Roo,Q ROO,GE,,10
2989,municipal|20|20163|ayuntamiento|,1,municipal,20,20163,San Jerónimo Tecóatl,ayuntamiento,,high,state:state_code;level:gobierno_nivel;muni:inegi;singleton-body,OAX-Presidencia Municipal de San Jerónimo Tecóatl,OAX,GM,OAX,1
2990,municipal|32|32030|ayuntamiento|,1,municipal,32,32030,Momax,ayuntamiento,,high,state:state_code;level:gobierno_nivel;muni:inegi;singleton-body,ZAC-Presidencia Municipal de Momax,ZAC,GM,ZAC,4
2991,municipal|16|16039|ayuntamiento|,1,municipal,16,16039,Huiramba,ayuntamiento,,high,state:state_code;level:gobierno_nivel;muni:inegi;singleton-body,MICH-Presidencia Municipal de Huiramba,MICH,GM,MICH,18
2992,municipal|08|08031|ayuntamiento|,1,municipal,08,08031,Guerrero,ayuntamiento,,high,state:state_code;text-state-overruled:12;level:gobierno_nivel;muni:inegi;singleton-body,CHIH-Presidencia Municipal de Guerrero,CHIH,GM,CHIH,6
2993,municipal|28|28015|ayuntamiento|,2,municipal,28,28015,Gustavo Díaz Ordaz,ayuntamiento,,high,state:name-prefix;level:gobierno_nivel;muni:inegi;singleton-body,TAMPS-Presidencia Municipal de Gustavo Díaz Ordaz,TAMPS,GM,,8
2994,state|16||organismo|CONSEJO DE SEGURIDAD PUBLICA,1,state,16,,,organismo,CONSEJO DE SEGURIDAD PUBLICA,high,state:state_code;level:gobierno_nivel,MICH-Consejo Estatal de Seguridad Pública,MICH,GE,MICH,10
2995,state|26||organismo|INSTITUTO DE CULTURA,2,state,26,,,organismo,INSTITUTO DE CULTURA,medium,state:state_code;level:gobierno_nivel;gentilicio-stripped,SON-Instituto Sonorense de Cultura,SON,GE,SON,3
2996,municipal|18|18015|ayuntamiento|,2,municipal,18,18015,Santiago Ixcuintla,ayuntamiento,,high,state:state_code;level:gobierno_nivel;muni:inegi;singleton-body,NAY-Presidencia Municipal de Santiago Ixcuintla,NAY,GM,NAY,13
2997,municipal|32|32008|ayuntamiento|,1,municipal,32,32008,Cuauhtémoc,ayuntamiento,,high,state:state_code;level:gobierno_nivel;muni:inegi;singleton-body,ZAC-Presidencia Municipal de Cuauhtémoc,ZAC,GM,ZAC,12
2998,municipal|21|21102|ayuntamiento|,2,municipal,21,21102,Nealtican,ayuntamiento,,high,state:state_code;level:gobierno_nivel;muni:inegi;singleton-body,PUE-Presidencia Municipal de Nealtican,PUE,GM,PUE,1
2999,municipal|13|13037|ayuntamiento|,1,municipal,13,13037,Metztitlán,ayuntamiento,,high,state:state_code;level:gobierno_nivel;muni:inegi;singleton-body,HGO-Presidencia Municipal de Metztitlán,HGO,GM,HGO,1
3000,municipal|18|18003|ayuntamiento|,1,municipal,18,18003,Amatlán de Cañas,ayuntamiento,,high,state:state_code;level:gobierno_nivel;muni:inegi;singleton-body,NAY-Presidencia Municipal de Amatlán de Cañas,NAY,GM,NAY,26
3001,municipal|16|16038|ayuntamiento|,1,municipal,16,16038,Huetamo,ayuntamiento,,high,state:state_code;level:gobierno_nivel;muni:inegi;singleton-body,MICH-Presidencia Municipal de Huetamo,MICH,GM,MICH,8
3002,municipal|20|20202|ayuntamiento|,1,municipal,20,20202,San Juan Lachao,ayuntamiento,,high,state:state_code;level:gobierno_nivel;muni:inegi;singleton-body,OAX-Presidencia Municipal de San Juan Lachao,OAX,GM,OAX,3
3003,state|13||universidad politecnica|UNIVERSIDAD POLITECNICA DE HUEJUTLA,1,state,13,,,universidad politecnica,UNIVERSIDAD POLITECNICA DE HUEJUTLA,high,state:state_code;level:gobierno_nivel,HGO-Universidad Politécnica de Huejutla,HGO,GE,HGO,37
3004,municipal|21|21081|ayuntamiento|,1,municipal,21,21081,Ixcamilpa de Guerrero,ayuntamiento,,high,state:state_code;text-state-overruled:12;level:gobierno_nivel;muni:inegi;singleton-body,PUE-Presidencia Municipal de Ixcamilpa de Guerrero,PUE,GM,PUE,9
3005,municipal|04|04011|ayuntamiento|,2,municipal,04,04011,Candelaria,ayuntamiento,,high,state:state_code;level:gobierno_nivel;muni:inegi;singleton-body,CAMP-Presidencia Municipal de Candelaria,CAMP,GM,CAMP,43
3006,municipal|20|20329|ayuntamiento|,1,municipal,20,20329,San Pedro Teozacoalco,ayuntamiento,,high,state:state_code;level:gobierno_nivel;muni:inegi;singleton-body,OAX-Presidencia Municipal de San Pedro Teozacoalco,OAX,GM,OAX,4
3007,municipal|25|25017|ayuntamiento|,2,municipal,25,25017,Sinaloa,ayuntamiento,,high,state:state_code;level:gobierno_nivel;muni:inegi;singleton-body,SIN-Presidencia Municipal de Sinaloa,SIN,GM,SIN,2
3008,municipal|32|32007|ayuntamiento|,1,municipal,32,32007,Concepción del Oro,ayuntamiento,,high,state:state_code;level:gobierno_nivel;muni:inegi;singleton-body,ZAC-Presidencia Municipal de Concepción del Oro,ZAC,GM,ZAC,3
3009,municipal|30|30106|ayuntamiento|,1,municipal,30,30106,Miahuatlán,ayuntamiento,,high,state:state_code;level:gobierno_nivel;muni:inegi;singleton-body,VER-Presidencia Municipal de Miahuatlán,VER,GM,VER,10
3010,municipal|29|29047|ayuntamiento|,1,municipal,29,29047,Lázaro Cárdenas,ayuntamiento,,high,state:state_code;level:gobierno_nivel;muni:inegi;singleton-body,TLAX-Presidencia Municipal de Lázaro Cárdenas,TLAX,GM,TLAX,5
3011,state|21||universidad tecnologica|UNIVERSIDAD TECNOLOGICA DE IZUCAR DE MATAMOROS,1,state,21,,,universidad tecnologica,UNIVERSIDAD TECNOLOGICA DE IZUCAR DE MATAMOROS,high,state:state_code;level:gobierno_nivel,PUE-Universidad Tecnológica de Izúcar de Matamoros,PUE,GE,PUE,5
3012,,,federal,,,,organismo,SERVICIO NACIONAL DE INSPECCION Y CERTIFICACION DE SEMILLAS,n/a,level:gobierno_nivel,Servicio Nacional de Inspección y Certificación de Semillas,SNICS,APF,,604
3013,municipal|14|14064|ayuntamiento|,1,municipal,14,14064,Ojuelos de Jalisco,ayuntamiento,,high,state:state_code;level:gobierno_nivel;muni:inegi;singleton-body,JAL-Presidencia Municipal de Ojuelos de Jalisco,JAL,GM,JAL,9
3014,state|03||universidad tecnologica|UNIVERSIDAD TECNOLOGICA DE LA PAZ,1,state,03,,,universidad tecnologica,UNIVERSIDAD TECNOLOGICA DE LA PAZ,high,state:state_code;level:gobierno_nivel,BCS-Universidad Tecnológica de la Paz,BCS,GE,BCS,13
3015,municipal|20|20449|ayuntamiento|,1,municipal,20,20449,Santa María Zoquitlán,ayuntamiento,,high,state:state_code;level:gobierno_nivel;muni:inegi;singleton-body,OAX-Presidencia Municipal de Santa María Zoquitlán,OAX,GM,OAX,3
3016,municipal|21|21062|ayuntamiento|,1,municipal,21,21062,Epatlán,ayuntamiento,,high,state:state_code;level:gobierno_nivel;muni:inegi;singleton-body,PUE-Presidencia Municipal de Epatlán,PUE,GM,PUE,3
3017,municipal|10|10004|ayuntamiento|,1,municipal,10,10004,Cuencamé,ayuntamiento,,high,state:state_code;level:gobierno_nivel;muni:inegi;singleton-body,DGO-Presidencia Municipal de Cuencamé,DGO,GM,DGO,39
3018,state|32||organismo|INSTITUTO DE LA DEFENSORIA PUBLICA,1,state,32,,,organismo,INSTITUTO DE LA DEFENSORIA PUBLICA,high,state:state_code;level:gobierno_nivel,ZAC-Instituto de la Defensoria Pública,ZAC,GE,ZAC,2
3019,municipal|16|16016|ayuntamiento|,2,municipal,16,16016,Coeneo,ayuntamiento,,high,state:state_code;level:gobierno_nivel;muni:inegi;singleton-body,MICH-Presidencia Municipal de Coeneo,MICH,GM,MICH,41
3020,municipal|21|21054|ayuntamiento|,1,municipal,21,21054,Chignautla,ayuntamiento,,high,state:state_code;level:gobierno_nivel;muni:inegi;singleton-body,PUE-Presidencia Municipal de Chignautla,PUE,GM,PUE,15
3021,municipal|14|14091|ayuntamiento|,1,municipal,14,14091,Teocaltiche,ayuntamiento,,high,state:state_code;level:gobierno_nivel;muni:inegi;singleton-body,JAL-Presidencia Municipal de Teocaltiche,JAL,GM,JAL,2
3022,municipal|29|29002|ayuntamiento|,1,municipal,29,29002,Apetatitlán de Antonio Carvajal,ayuntamiento,,high,state:state_code;level:gobierno_nivel;muni:inegi;singleton-body,TLAX-Presidencia Municipal de Apetatitlán de Antonio Carvajal,TLAX,GM,TLAX,2
3023,state|08||organismo|SUBSISTEMA DE PREPARATORIA ABIERTA Y TELEBACHILLERATO,1,state,08,,,organismo,SUBSISTEMA DE PREPARATORIA ABIERTA Y TELEBACHILLERATO,high,state:state_code;level:gobierno_nivel,CHIH-Subsistema de Preparatoria Abierta y Telebachillerato,CHIH,GE,CHIH,14
3024,municipal|13|13033|ayuntamiento|,1,municipal,13,13033,Juárez Hidalgo,ayuntamiento,,high,state:state_code;level:gobierno_nivel;muni:inegi;singleton-body,HGO-Presidencia Municipal de Juárez Hidalgo,HGO,GM,HGO,9
3025,municipal|21|21030|ayuntamiento|,1,municipal,21,21030,Coatepec,ayuntamiento,,high,state:state_code;level:gobierno_nivel;muni:inegi;singleton-body,PUE-Presidencia Municipal de Coatepec,PUE,GM,PUE,1
3026,state|23||poder judicial|,2,state,23,,,poder judicial,,high,state:name-prefix;level:gobierno_nivel;singleton-body,Q ROO-Tribunal Superior de Justicia del Estado de Quintana Roo,Q ROO,GE,,6
3027,state|27||poder judicial|,2,state,27,,,poder judicial,,high,state:state_code;level:gobierno_nivel;singleton-body,TAB-Tribunal Superior de Justicia,TAB,GE,TAB,5
3028,municipal|21|21098|ayuntamiento|,1,municipal,21,21098,Molcaxac,ayuntamiento,,high,state:state_code;level:gobierno_nivel;muni:inegi;singleton-body,PUE-Presidencia Municipal de Molcaxac,PUE,GM,PUE,5
3029,state|17||organismo|CENTRO DE LAS ARTES,1,state,17,,,organismo,CENTRO DE LAS ARTES,medium,state:state_code;level:gobierno_nivel;gentilicio-stripped,MOR-Centro Morelense de las Artes,MOR,GE,MOR,32
3030,municipal|05|05007|ayuntamiento|,1,municipal,05,05007,Cuatro Ciénegas,ayuntamiento,,high,state:state_code;level:gobierno_nivel;muni:inegi;singleton-body,COAH-Presidencia Municipal de Cuatro Ciénegas,COAH,GM,COAH,9
3031,municipal|30|30114|ayuntamiento|,1,municipal,30,30114,Nautla,ayuntamiento,,high,state:state_code;level:gobierno_nivel;muni:inegi;singleton-body,VER-Presidencia Municipal de Nautla,VER,GM,VER,5
3032,state|20||secretaria|SECRETARIA DE LA CONTRALORIA,2,state,20,,,secretaria,SECRETARIA DE LA CONTRALORIA,high,state:state_code;level:gobierno_nivel,OAX-Secretaría de la Contraloría,OAX,GE,OAX,43
3033,municipal|32|32032|ayuntamiento|,1,municipal,32,32032,Morelos,ayuntamiento,,high,state:state_code;text-state-overruled:17;level:gobierno_nivel;muni:inegi;singleton-body,ZAC-Presidencia Municipal de Morelos,ZAC,GM,ZAC,38
3034,municipal|13|13030|ayuntamiento|,2,municipal,13,13030,Ixmiquilpan,ayuntamiento,,high,state:state_code;level:gobierno_nivel;muni:inegi;singleton-body,HGO-Presidencia Municipal de Ixmiquilpan,HGO,GM,HGO,28
3035,state|13||organismo|BACHILLERATO,1,state,13,,,organismo,BACHILLERATO,high,state:state_code;level:gobierno_nivel,HGO-Bachillerato del Estado de Hidalgo,HGO,GE,HGO,8
3036,municipal|15|15114|ayuntamiento|,2,municipal,15,15114,Villa Victoria,ayuntamiento,,high,state:state_code;level:gobierno_nivel;muni:inegi;singleton-body,MEX-Presidencia Municipal de Villa Victoria,MEX,GM,MEX,1
3037,municipal|20|20402|ayuntamiento|,1,municipal,20,20402,Santa María Cortijo,ayuntamiento,,high,state:state_code;level:gobierno_nivel;muni:inegi;singleton-body,OAX-Presidencia Municipal de Santa María Cortijo,OAX,GM,OAX,1
3038,municipal|13|13050|ayuntamiento|,1,municipal,13,13050,Progreso de Obregón,ayuntamiento,,high,state:state_code;level:gobierno_nivel;muni:inegi;singleton-body,HGO-Presidencia Municipal de Progreso de Obregón,HGO,GM,HGO,7
3039,state|27||universidad tecnologica|UNIVERSIDAD TECNOLOGICA,2,state,27,,,universidad tecnologica,UNIVERSIDAD TECNOLOGICA,high,state:state_code;level:gobierno_nivel,TAB-Universidad Tecnológica de Tabasco,TAB,GE,TAB,31
3040,municipal|26|26039|ayuntamiento|,1,municipal,26,26039,Naco,ayuntamiento,,high,state:state_code;level:gobierno_nivel;muni:inegi;singleton-body,SON-Presidencia Municipal de Naco,SON,GM,SON,4
3041,municipal|20|20462|ayuntamiento|,1,municipal,20,20462,Santiago Huajolotitlán,ayuntamiento,,high,state:state_code;level:gobierno_nivel;muni:inegi;singleton-body,OAX-Presidencia Municipal de Santiago Huajolotitlán,OAX,GM,OAX,2
3042,municipal|24|24011|organismo de agua|ORGANISMO OPERADOR PARAMUNICIPAL DE AGUA POTABLE ALCANTARILLADO Y SANEAMIENTO DE LA COMUNIDAD DE EL REFUGIO S L P,1,municipal,24,24011,Ciudad Fernández,organismo de agua,ORGANISMO OPERADOR PARAMUNICIPAL DE AGUA POTABLE ALCANTARILLADO Y SANEAMIENTO DE LA COMUNIDAD DE EL REFUGIO S L P,high,state:state_code;level:gobierno_nivel;muni:inegi,"SLP-Organismo Operador Paramunicipal de Agua Potable, Alcantarillado y Saneamiento de la Comunidad de ""El Refugio"" de Ciudad Fernández, S.L.P., (SEPARAR)",SLP,GM,SLP,7
3043,state|21||tecnologico superior (estatal)|INSTITUTO TECNOLOGICO SUPERIOR DE LA SIERRA NEGRA DE AJALPAN,2,state,21,,,tecnologico superior (estatal),INSTITUTO TECNOLOGICO SUPERIOR DE LA SIERRA NEGRA DE AJALPAN,high,state:state_code;level:gobierno_nivel,PUE-Instituto Tecnológico Superior de la Sierra Negra de Ajalpan,PUE,GE,PUE,4
3044,municipal|20|20250|ayuntamiento|,1,municipal,20,20250,San Mateo Etlatongo,ayuntamiento,,high,state:state_code;level:gobierno_nivel;muni:inegi;singleton-body,OAX-Presidencia Municipal de San Mateo Etlatongo,OAX,GM,OAX,3
3045,municipal|20|20016|ayuntamiento|,1,municipal,20,20016,Coicoyán de las Flores,ayuntamiento,,high,state:state_code;level:gobierno_nivel;muni:inegi;singleton-body,OAX-Presidencia Municipal de Coicoyán de las Flores,OAX,GM,OAX,6
3046,municipal|20|20331|ayuntamiento|,2,municipal,20,20331,San Pedro Tidaá,ayuntamiento,,high,state:state_code;level:gobierno_nivel;muni:inegi;singleton-body,OAX-Presidencia Municipal de San Pedro Tidaá,OAX,GM,OAX,1
3047,municipal|20|20565|ayuntamiento|,1,municipal,20,20565,Villa de Zaachila,ayuntamiento,,high,state:state_code;level:gobierno_nivel;muni:inegi;singleton-body,OAX-Presidencia Municipal de Villa de Zaachila,OAX,GM,OAX,7
3048,state|10||universidad tecnologica|UNIVERSIDAD TECNOLOGICA DE LA LAGUNA,1,state,10,,,universidad tecnologica,UNIVERSIDAD TECNOLOGICA DE LA LAGUNA,high,state:state_code;level:gobierno_nivel,DGO-Universidad Tecnológica de La Laguna,DGO,GE,DGO,3
3049,municipal|14|14088|ayuntamiento|,1,municipal,14,14088,Tecolotlán,ayuntamiento,,high,state:state_code;level:gobierno_nivel;muni:inegi;singleton-body,JAL-Presidencia Municipal de Tecolotlán,JAL,GM,JAL,1
3050,state|20||poder judicial|,1,state,20,,,poder judicial,,high,state:state_code;level:gobierno_nivel;singleton-body,OAX-Poder Judicial,OAX,GE,OAX,21
3051,municipal|21|21011|ayuntamiento|,1,municipal,21,21011,Albino Zertuche,ayuntamiento,,high,state:state_code;level:gobierno_nivel;muni:inegi;singleton-body,PUE-Presidencia Municipal de Albino Zertuche,PUE,GM,PUE,7
3052,municipal|07|07061|ayuntamiento|,1,municipal,07,07061,Ocozocoautla de Espinosa,ayuntamiento,,high,state:state_code;level:gobierno_nivel;muni:inegi;singleton-body,CHIS-Presidencia Municipal de Ocozocoautla de Espinosa,CHIS,GM,CHIS,10
3053,state|01||organismo|FONDO DE FOMENTO AGROPECUARIO,1,state,01,,,organismo,FONDO DE FOMENTO AGROPECUARIO,high,state:state_code;level:gobierno_nivel,AGS-Fondo de Fomento Agropecuario del Estado,AGS,GE,AGS,5
3054,municipal|20|20510|ayuntamiento|,1,municipal,20,20510,Santo Domingo Ixcatlán,ayuntamiento,,high,state:state_code;level:gobierno_nivel;muni:inegi;singleton-body,OAX-Presidencia Municipal de Santo Domingo Ixcatlán,OAX,GM,OAX,6
3055,municipal|30|30164|ayuntamiento|,1,municipal,30,30164,Teocelo,ayuntamiento,,high,state:state_code;level:gobierno_nivel;muni:inegi;singleton-body,VER-Presidencia Municipal de Teocelo,VER,GM,VER,1
3056,municipal|21|21205|ayuntamiento|,1,municipal,21,21205,Yehualtepec,ayuntamiento,,high,state:state_code;level:gobierno_nivel;muni:inegi;singleton-body,PUE-Presidencia Municipal de Yehualtepec,PUE,GM,PUE,2
3057,state|09||secretaria|SECRETARIA DE TURISMO,1,state,09,,,secretaria,SECRETARIA DE TURISMO,high,state:state_code;level:gobierno_nivel,CDMX-Secretaría de Turismo,CDMX,GE,CDMX,2
3058,municipal|30|30030|ayuntamiento|,1,municipal,30,30030,Camerino Z. Mendoza,ayuntamiento,,high,state:state_code;level:gobierno_nivel;muni:inegi;singleton-body,VER-Presidencia Municipal de Camerino Z. Mendoza,VER,GM,VER,3
3059,state|15||tecnologico superior (estatal)|TECNOLOGICO DE ESTUDIOS SUPERIORES DE SAN FELIPE DEL PROGRESO,3,state,15,,,tecnologico superior (estatal),TECNOLOGICO DE ESTUDIOS SUPERIORES DE SAN FELIPE DEL PROGRESO,high,state:state_code;level:gobierno_nivel,MEX-Tecnológico de Estudios Superiores de San Felipe del Progreso,MEX,GE,MEX,1
3060,municipal|30|30170|ayuntamiento|,1,municipal,30,30170,Texcatepec,ayuntamiento,,high,state:state_code;level:gobierno_nivel;muni:inegi;singleton-body,VER-Presidencia Municipal de Texcatepec,VER,GM,VER,1
3061,state|26||organismo|PROCURADURIA AMBIENTAL,1,state,26,,,organismo,PROCURADURIA AMBIENTAL,high,state:state_code;level:gobierno_nivel,SON-Procuraduría Ambiental del Estado de Sonora,SON,GE,SON,2
3062,municipal|20|20561|ayuntamiento|,1,municipal,20,20561,Yaxe,ayuntamiento,,high,state:state_code;level:gobierno_nivel;muni:inegi;singleton-body,OAX-Presidencia Municipal de Yaxe,OAX,GM,OAX,1
3063,municipal|08|08043|ayuntamiento|,1,municipal,08,08043,Matachí,ayuntamiento,,high,state:state_code;level:gobierno_nivel;muni:inegi;singleton-body,CHIH-Presidencia Municipal de Matachí,CHIH,GM,CHIH,2
3064,municipal|29|29022|ayuntamiento|,1,municipal,29,29022,Acuamanala de Miguel Hidalgo,ayuntamiento,,high,state:state_code;level:gobierno_nivel;muni:inegi;singleton-body,TLAX-Presidencia Municipal de Acuamanala de Miguel Hidalgo,TLAX,GM,TLAX,1
3065,municipal|20|20146|ayuntamiento|,2,municipal,20,20146,San Francisco Logueche,ayuntamiento,,high,state:state_code;level:gobierno_nivel;muni:inegi;singleton-body,OAX-Presidencia Municipal de San Francisco Logueche,OAX,GM,OAX,2
3066,state|11||universidad tecnologica|UNIVERSIDAD TECNOLOGICA DE LEON,1,state,11,,,universidad tecnologica,UNIVERSIDAD TECNOLOGICA DE LEON,high,state:state_code;level:gobierno_nivel,GTO-Universidad Tecnológica de León,GTO,GE,GTO,6
3067,municipal|10|10034|ayuntamiento|,1,municipal,10,10034,Tamazula,ayuntamiento,,high,state:state_code;level:gobierno_nivel;muni:inegi;singleton-body,DGO-Presidencia Municipal de Tamazula,DGO,GM,DGO,3
3068,state|08||organismo|INSTITUTO DE APOYO AL DESARROLLO TECNOLOGICO,1,state,08,,,organismo,INSTITUTO DE APOYO AL DESARROLLO TECNOLOGICO,high,state:state_code;level:gobierno_nivel,CHIH-Instituto de Apoyo al Desarrollo Tecnológico,CHIH,GE,CHIH,1
3069,state|16||secretaria|SECRETARIA DE CONTRALORIA,2,state,16,,,secretaria,SECRETARIA DE CONTRALORIA,high,state:state_code;level:gobierno_nivel,MICH-Secretaría de Contraloría,MICH,GE,MICH,1
3070,municipal|32|32054|ayuntamiento|,2,municipal,32,32054,Villa Hidalgo,ayuntamiento,,high,state:state_code;level:gobierno_nivel;muni:inegi;singleton-body,ZAC-Presidencia Municipal de Villa Hidalgo,ZAC,GM,ZAC,8
3071,municipal|08|08048|ayuntamiento|,1,municipal,08,08048,Namiquipa,ayuntamiento,,high,state:state_code;level:gobierno_nivel;muni:inegi;singleton-body,CHIH-Presidencia Municipal de Namiquipa,CHIH,GM,CHIH,1
3072,municipal|08|08004|ayuntamiento|,1,municipal,08,08004,Aquiles Serdán,ayuntamiento,,high,state:state_code;level:gobierno_nivel;muni:inegi;singleton-body,CHIH-Presidencia Municipal de Aquiles Serdán,CHIH,GM,CHIH,15
3073,municipal|21|21162|ayuntamiento|,1,municipal,21,21162,Tepango de Rodríguez,ayuntamiento,,high,state:state_code;level:gobierno_nivel;muni:inegi;singleton-body,PUE-Presidencia Municipal de Tepango de Rodríguez,PUE,GM,PUE,2
3074,municipal|26|26022|ayuntamiento|,1,municipal,26,26022,Cucurpe,ayuntamiento,,high,state:state_code;level:gobierno_nivel;muni:inegi;singleton-body,SON-Presidencia Municipal de Cucurpe,SON,GM,SON,7
3075,municipal|20|20148|ayuntamiento|,1,municipal,20,20148,San Francisco Ozolotepec,ayuntamiento,,high,state:state_code;level:gobierno_nivel;muni:inegi;singleton-body,OAX-Presidencia Municipal de San Francisco Ozolotepec,OAX,GM,OAX,2
3076,municipal|30|30083|ayuntamiento|,1,municipal,30,30083,Ixhuatlán de Madero,ayuntamiento,,high,state:state_code;level:gobierno_nivel;muni:inegi;singleton-body,VER-Presidencia Municipal de Ixhuatlán de Madero,VER,GM,VER,1
3077,state|31||organismo|INSTITUTO DEL DEPORTE,1,state,31,,,organismo,INSTITUTO DEL DEPORTE,high,state:state_code;level:gobierno_nivel,YUC-Instituto del Deporte del Estado de Yucatán,YUC,GE,YUC,8
3078,municipal|29|29045|ayuntamiento|,1,municipal,29,29045,Benito Juárez,ayuntamiento,,high,state:state_code;level:gobierno_nivel;muni:inegi;singleton-body,TLAX-Presidencia Municipal de Benito Juárez,TLAX,GM,TLAX,2
3079,municipal|29|29015|ayuntamiento|,1,municipal,29,29015,Ixtacuixtla de Mariano Matamoros,ayuntamiento,,high,state:state_code;level:gobierno_nivel;muni:inegi;singleton-body,TLAX-Presidencia Municipal de Ixtacuixtla de Mariano Matamoros,TLAX,GM,TLAX,5
3080,municipal|28|28035|ayuntamiento|,2,municipal,28,28035,San Fernando,ayuntamiento,,high,state:name-prefix;level:gobierno_nivel;muni:inegi;singleton-body,TAMPS-Presidencia Municipal de San Fernando,TAMPS,GM,,41
3081,municipal|20|20022|ayuntamiento|,1,municipal,20,20022,Cosoltepec,ayuntamiento,,high,state:state_code;level:gobierno_nivel;muni:inegi;singleton-body,OAX-Presidencia Municipal de Cosoltepec,OAX,GM,OAX,3
3082,municipal|24|24019|ayuntamiento|,2,municipal,24,24019,Lagunillas,ayuntamiento,,high,state:state_code;level:gobierno_nivel;muni:inegi;singleton-body,SLP-Presidencia Municipal de Lagunillas,SLP,GM,SLP,4
3083,municipal|21|21198|ayuntamiento|,1,municipal,21,21198,Xicotlán,ayuntamiento,,high,state:state_code;level:gobierno_nivel;muni:inegi;singleton-body,PUE-Presidencia Municipal de Xicotlán,PUE,GM,PUE,7
3084,municipal|20|20090|ayuntamiento|,1,municipal,20,20090,San Andrés Huaxpaltepec,ayuntamiento,,high,state:state_code;level:gobierno_nivel;muni:inegi;singleton-body,OAX-Presidencia Municipal de San Andrés Huaxpaltepec,OAX,GM,OAX,1
3085,municipal|20|20491|ayuntamiento|,1,municipal,20,20491,Santiago Textitlán,ayuntamiento,,high,state:state_code;level:gobierno_nivel;muni:inegi;singleton-body,OAX-Presidencia Municipal de Santiago Textitlán,OAX,GM,OAX,4
3086,municipal|30|30037|ayuntamiento|,1,municipal,30,30037,Coahuitlán,ayuntamiento,,high,state:state_code;level:gobierno_nivel;muni:inegi;singleton-body,VER-Presidencia Municipal de Coahuitlán,VER,GM,VER,1
3087,municipal|21|21122|ayuntamiento|,1,municipal,21,21122,San Felipe Teotlalcingo,ayuntamiento,,high,state:state_code;level:gobierno_nivel;muni:inegi;singleton-body,PUE-Presidencia Municipal de San Felipe Teotlalcingo,PUE,GM,PUE,3
3088,municipal|21|21012|ayuntamiento|,1,municipal,21,21012,Aljojuca,ayuntamiento,,high,state:state_code;level:gobierno_nivel;muni:inegi;singleton-body,PUE-Presidencia Municipal de Aljojuca,PUE,GM,PUE,1
3089,municipal|21|21090|ayuntamiento|,1,municipal,21,21090,Juan C. Bonilla,ayuntamiento,,high,state:state_code;level:gobierno_nivel;muni:inegi;singleton-body,PUE-Presidencia Municipal de Juan C. Bonilla,PUE,GM,PUE,2
3090,municipal|20|20370|ayuntamiento|,1,municipal,20,20370,Santa Catarina Tayata,ayuntamiento,,high,state:state_code;level:gobierno_nivel;muni:inegi;singleton-body,OAX-Presidencia Municipal de Santa Catarina Tayata,OAX,GM,OAX,1
3091,municipal|20|20444|ayuntamiento|,2,municipal,20,20444,Santa María Yolotepec,ayuntamiento,,high,state:state_code;level:gobierno_nivel;muni:inegi;singleton-body,OAX-Presidencia Municipal de Santa María Yolotepec,OAX,GM,OAX,1
3092,municipal|31|31006|ayuntamiento|,2,municipal,31,31006,Buctzotz,ayuntamiento,,high,state:state_code;level:gobierno_nivel;muni:inegi;singleton-body,YUC-Presidencia Municipal de Buctzotz,YUC,GM,YUC,1
3093,municipal|20|20526|ayuntamiento|,1,municipal,20,20526,Santos Reyes Nopala,ayuntamiento,,high,state:state_code;level:gobierno_nivel;muni:inegi;singleton-body,OAX-Presidencia Municipal de Santos Reyes Nopala,OAX,GM,OAX,5
3094,municipal|21|21021|ayuntamiento|,1,municipal,21,21021,Atzala,ayuntamiento,,high,state:state_code;level:gobierno_nivel;muni:inegi;singleton-body,PUE-Presidencia Municipal de Atzala,PUE,GM,PUE,11
3095,municipal|16|16111|ayuntamiento|,1,municipal,16,16111,Ziracuaretiro,ayuntamiento,,high,state:state_code;level:gobierno_nivel;muni:inegi;singleton-body,MICH-Presidencia Municipal de Ziracuaretiro,MICH,GM,MICH,31
3096,state|20||organismo|CONSEJO PARA LA PREVENCION Y CONTROL DEL SIDA,1,state,20,,,organismo,CONSEJO PARA LA PREVENCION Y CONTROL DEL SIDA,high,state:state_code;level:gobierno_nivel,OAX-Consejo Estatal para la Prevención y Control del SIDA,OAX,GE,OAX,2
3097,state|31||colegio de bachilleres|COLEGIO DE BACHILLERES,2,state,31,,,colegio de bachilleres,COLEGIO DE BACHILLERES,high,state:state_code;level:gobierno_nivel,YUC-Colegio de Bachilleres del Estado de Yucatán,YUC,GE,YUC,1
3098,municipal|20|20192|ayuntamiento|,1,municipal,20,20192,San Juan Chilateca,ayuntamiento,,high,state:state_code;level:gobierno_nivel;muni:inegi;singleton-body,OAX-Presidencia Municipal de San Juan Chilateca,OAX,GM,OAX,1
3099,municipal|32|32014|ayuntamiento|,1,municipal,32,32014,General Francisco R. Murguía,ayuntamiento,,high,state:state_code;level:gobierno_nivel;muni:inegi;singleton-body,ZAC-Presidencia Municipal de General Francisco R. Murguía,ZAC,GM,ZAC,54
3100,municipal|29|29019|ayuntamiento|,1,municipal,29,29019,Tepetitla de Lardizábal,ayuntamiento,,high,state:state_code;level:gobierno_nivel;muni:inegi;singleton-body,TLAX-Presidencia Municipal de Tepetitla de Lardizábal,TLAX,GM,TLAX,1
3101,municipal|21|21095|ayuntamiento|,1,municipal,21,21095,La Magdalena Tlatlauquitepec,ayuntamiento,,high,state:state_code;level:gobierno_nivel;muni:inegi;singleton-body,PUE-Presidencia Municipal de La Magdalena Tlatlauquitepec,PUE,GM,PUE,4
3102,municipal|14|TXT:JUNTA INTERMUNICIPAL DE MEDIO AMBIENTE DE LA COSTAS SUR|organismo|JUNTA INTERMUNICIPAL DE MEDIO AMBIENTE DE LA COSTAS SUR,1,municipal,14,TXT:JUNTA INTERMUNICIPAL DE MEDIO AMBIENTE DE LA COSTAS SUR,,organismo,JUNTA INTERMUNICIPAL DE MEDIO AMBIENTE DE LA COSTAS SUR,low,state:state_code;level:gobierno_nivel;muni:unresolved,JAL-Junta Intermunicipal de Medio Ambiente de la Costas Sur (JICOSUR),JAL,GM,JAL,3
3103,municipal|04|04007|ayuntamiento|,2,municipal,04,04007,Palizada,ayuntamiento,,high,state:state_code;level:gobierno_nivel;muni:inegi;singleton-body,CAMP-Presidencia Municipal de Palizada,CAMP,GM,CAMP,4
3104,municipal|30|30070|ayuntamiento|,2,municipal,30,30070,Hidalgotitlán,ayuntamiento,,high,state:state_code;level:gobierno_nivel;muni:inegi;singleton-body,VER-Presidencia Municipal de Hidalgotitlán,VER,GM,VER,1
3105,municipal|20|20539|ayuntamiento|,1,municipal,20,20539,Soledad Etla,ayuntamiento,,high,state:state_code;level:gobierno_nivel;muni:inegi;singleton-body,OAX-Presidencia Municipal de Soledad Etla,OAX,GM,OAX,2
3106,municipal|30|30059|ayuntamiento|,1,municipal,30,30059,Chinameca,ayuntamiento,,high,state:state_code;level:gobierno_nivel;muni:inegi;singleton-body,VER-Presidencia Municipal de Chinameca,VER,GM,VER,1
3107,municipal|20|20088|ayuntamiento|,2,municipal,20,20088,San Andrés Cabecera Nueva,ayuntamiento,,high,state:state_code;level:gobierno_nivel;muni:inegi;singleton-body,OAX-Presidencia Municipal de San Andrés Cabecera Nueva,OAX,GM,OAX,4
3108,municipal|24|24049|ayuntamiento|,2,municipal,24,24049,Villa de Ramos,ayuntamiento,,high,state:state_code;level:gobierno_nivel;muni:inegi;singleton-body,SLP-Presidencia Municipal de Villa de Ramos,SLP,GM,SLP,1
3109,municipal|21|21117|ayuntamiento|,1,municipal,21,21117,Rafael Lara Grajales,ayuntamiento,,high,state:state_code;level:gobierno_nivel;muni:inegi;singleton-body,PUE-Presidencia Municipal de Rafael Lara Grajales,PUE,GM,PUE,8
3110,state|01||fiscalia/procuraduria|FISCALIA GENERAL,1,state,01,,,fiscalia/procuraduria,FISCALIA GENERAL,high,state:state_code;level:gobierno_nivel,AGS-Fiscalía General del Estado,AGS,GE,AGS,7
3111,municipal|26|26030|organismo|CONSEJO MUNICIPAL DE CONCERTACION PARA LA OBRA PUBLICA,1,municipal,26,26030,Hermosillo,organismo,CONSEJO MUNICIPAL DE CONCERTACION PARA LA OBRA PUBLICA,high,state:state_code;level:gobierno_nivel;muni:inegi,SON-Consejo Municipal de Concertación para la Obra Pública de Hermosillo,SON,GM,SON,2
3112,municipal|18|18020|organismo de agua|ORGANISMO OPERADOR MUNICIPAL DE AGUA POTABLE ALCANTARILLADO Y SANEAMIENTO,1,municipal,18,18020,Bahía de Banderas,organismo de agua,ORGANISMO OPERADOR MUNICIPAL DE AGUA POTABLE ALCANTARILLADO Y SANEAMIENTO,high,state:state_code;level:gobierno_nivel;muni:inegi,"NAY-Organismo Operador Municipal de Agua Potable, Alcantarillado y Saneamiento de Bahia de Banderas, Nayarit",NAY,GM,NAY,20
3113,municipal|26|26002|ayuntamiento|,2,municipal,26,26002,Agua Prieta,ayuntamiento,,high,state:state_code;level:gobierno_nivel;muni:inegi;singleton-body,SON-Presidencia Municipal de Agua Prieta,SON,GM,SON,14
3114,state|05||universidad tecnologica|UNIVERSIDAD TECNOLOGICA DEL NORTE,2,state,05,,,universidad tecnologica,UNIVERSIDAD TECNOLOGICA DEL NORTE,high,state:state_code;level:gobierno_nivel,COAH-Universidad Tecnológica del Norte de Coahuila,COAH,GE,COAH,2
3115,municipal|26|26033|organismo de agua|ORGANISMO OPERADOR MUNICIPAL DE AGUA POTABLE ALCANTARILLADO Y SANEAMIENTO,1,municipal,26,26033,Huatabampo,organismo de agua,ORGANISMO OPERADOR MUNICIPAL DE AGUA POTABLE ALCANTARILLADO Y SANEAMIENTO,high,state:state_code;level:gobierno_nivel;muni:inegi,SON-ORGANISMO OPERADOR MUNICIPAL DE AGUA POTABLE ALCANTARILLADO Y SANEAMIENTO DE HUATABAMPO (OOMAPASH),SON,GM,SON,7
3116,state|26||organismo|FONDO ESTATAL PARA LA MODERNIZACION DEL TRANSPORTE,1,state,26,,,organismo,FONDO ESTATAL PARA LA MODERNIZACION DEL TRANSPORTE,high,state:state_code;level:gobierno_nivel,SON-Fondo Estatal para la Modernización del Transporte,SON,GE,SON,1
3117,municipal|24|24031|ayuntamiento|,2,municipal,24,24031,Santa Catarina,ayuntamiento,,high,state:state_code;level:gobierno_nivel;muni:inegi;singleton-body,SLP-Presidencia Municipal de Santa Catarina,SLP,GM,SLP,6
3118,state|27||cecyte|COLEGIO DE ESTUDIOS CIENTIFICOS Y TECNOLOGICOS,1,state,27,,,cecyte,COLEGIO DE ESTUDIOS CIENTIFICOS Y TECNOLOGICOS,high,state:state_code;level:gobierno_nivel,TAB-Colegio de Estudios Científicos y Tecnológicos del Estado de Tabasco,TAB,GE,TAB,233
3119,state|01||infraestructura educativa|INSTITUTO DE INFRAESTRUCTURA FISICA EDUCATIVA,2,state,01,,,infraestructura educativa,INSTITUTO DE INFRAESTRUCTURA FISICA EDUCATIVA,high,state:state_code;level:gobierno_nivel,AGS-Instituto de Infraestructura Física Educativa del Estado de Aguascalientes,AGS,GE,AGS,352
3120,municipal|19|19011|ayuntamiento|,1,municipal,19,19011,Cerralvo,ayuntamiento,,high,state:state_code;level:gobierno_nivel;muni:inegi;singleton-body,NL-Presidencia Municipal de Cerralvo,NL,GM,NL,13
3121,municipal|25|25012|organismo|INSTITUTO DE CULTURA TURISMO Y ARTE,1,municipal,25,25012,Mazatlán,organismo,INSTITUTO DE CULTURA TURISMO Y ARTE,high,state:state_code;level:gobierno_nivel;muni:inegi,"SIN-INSTITUTO DE CULTURA, TURISMO Y ARTE MAZATLAN",SIN,GM,SIN,10
3122,municipal|12|12061|ayuntamiento|,1,municipal,12,12061,Tixtla de Guerrero,ayuntamiento,,high,state:state_code;level:gobierno_nivel;muni:inegi;singleton-body,GRO-Presidencia Municipal de Tixtla de Guerrero,GRO,GM,GRO,5
3123,municipal|16|16096|ayuntamiento|,1,municipal,16,16096,Tumbiscatío,ayuntamiento,,high,state:state_code;level:gobierno_nivel;muni:inegi;singleton-body,MICH-Presidencia Municipal de Tumbiscatío,MICH,GM,MICH,3
3124,municipal|16|16086|ayuntamiento|,1,municipal,16,16086,Tanhuato,ayuntamiento,,high,state:state_code;level:gobierno_nivel;muni:inegi;singleton-body,MICH-Presidencia Municipal de Tanhuato,MICH,GM,MICH,31
3125,state|14||universidad politecnica|UNIVERSIDAD POLITECNICA DE LA ZONA METROPOLITANA DE GUADALAJARA,2,state,14,,,universidad politecnica,UNIVERSIDAD POLITECNICA DE LA ZONA METROPOLITANA DE GUADALAJARA,high,state:state_code;level:gobierno_nivel,JAL-Universidad Politécnica de la Zona Metropolitana de Guadalajara,JAL,GE,JAL,27
3126,municipal|19|19036|ayuntamiento|,1,municipal,19,19036,Mier y Noriega,ayuntamiento,,high,state:state_code;level:gobierno_nivel;muni:inegi;singleton-body,NL-Presidencia Municipal de Mier y Noriega,NL,GM,NL,3
3127,state|07||organismo|COMISION DE CAMINOS E INFRAESTRUCTURA HIDRAULICA,1,state,07,,,organismo,COMISION DE CAMINOS E INFRAESTRUCTURA HIDRAULICA,high,state:state_code;level:gobierno_nivel,CHIS-Comisión de Caminos e Infraestructura Hidráulica,CHIS,GE,CHIS,341
3128,municipal|12|12032|ayuntamiento|,1,municipal,12,12032,General Heliodoro Castillo,ayuntamiento,,high,state:state_code;level:gobierno_nivel;muni:inegi;singleton-body,GRO-Presidencia Municipal de General Heliodoro Castillo,GRO,GM,GRO,20
3129,municipal|20|20540|ayuntamiento|,1,municipal,20,20540,Villa de Tamazulápam del Progreso,ayuntamiento,,high,state:state_code;level:gobierno_nivel;muni:inegi;singleton-body,OAX-Presidencia Municipal de Villa de Tamazulápam del Progreso,OAX,GM,OAX,2
3130,municipal|20|20560|ayuntamiento|,1,municipal,20,20560,Villa Díaz Ordaz,ayuntamiento,,high,state:state_code;level:gobierno_nivel;muni:inegi;singleton-body,OAX-Presidencia Municipal de Villa Díaz Ordaz,OAX,GM,OAX,3
3131,state|27||organismo|INSTITUTO DE FORMACION PARA EL TRABAJO,1,state,27,,,organismo,INSTITUTO DE FORMACION PARA EL TRABAJO,high,state:state_code;level:gobierno_nivel,TAB-Instituto de Formación para el Trabajo del Estado de Tabasco,TAB,GE,TAB,20
3132,municipal|16|16081|ayuntamiento|,1,municipal,16,16081,Susupuato,ayuntamiento,,high,state:state_code;level:gobierno_nivel;muni:inegi;singleton-body,MICH-Presidencia Municipal de Susupuato,MICH,GM,MICH,7
3133,municipal|16|16103|ayuntamiento|,1,municipal,16,16103,Venustiano Carranza,ayuntamiento,,high,state:state_code;level:gobierno_nivel;muni:inegi;singleton-body,MICH-Presidencia Municipal de Venustiano Carranza,MICH,GM,MICH,47
3134,state|04||secretaria|SECRETARIA DE TURISMO,1,state,04,,,secretaria,SECRETARIA DE TURISMO,high,state:state_code;level:gobierno_nivel,CAMP-Secretaría de Turismo,CAMP,GE,CAMP,8
3135,municipal|24|24013|ayuntamiento|,2,municipal,24,24013,Ciudad Valles,ayuntamiento,,high,state:state_code;level:gobierno_nivel;muni:inegi;singleton-body,SLP-Presidencia Municipal de Ciudad Valles,SLP,GM,SLP,40
3136,state|17||cecyte|COLEGIO DE ESTUDIOS CIENTIFICOS Y TECNOLOGICOS,1,state,17,,,cecyte,COLEGIO DE ESTUDIOS CIENTIFICOS Y TECNOLOGICOS,high,state:state_code;level:gobierno_nivel,MOR-Colegio de Estudios Científicos y Tecnológicos del Estado de Morelos,MOR,GE,MOR,8
3137,municipal|16|16067|ayuntamiento|,1,municipal,16,16067,Penjamillo,ayuntamiento,,high,state:state_code;level:gobierno_nivel;muni:inegi;singleton-body,MICH-Presidencia Municipal de Penjamillo,MICH,GM,MICH,8
3138,municipal|14|14023|ayuntamiento|,1,municipal,14,14023,Zapotlán el Grande,ayuntamiento,,high,state:state_code;level:gobierno_nivel;muni:inegi;singleton-body,JAL-Presidencia Municipal de Zapotlán el Grande,JAL,GM,JAL,10
3139,municipal|30|30124|ayuntamiento|,2,municipal,30,30124,Papantla,ayuntamiento,,high,state:state_code;level:gobierno_nivel;muni:inegi;singleton-body,VER-Presidencia Municipal de Papantla,VER,GM,VER,59
3140,municipal|16|16006|organismo de agua|COMITE DE AGUA POTABLE Y ALCANTARILLADO MICH,1,municipal,16,16006,Apatzingán,organismo de agua,COMITE DE AGUA POTABLE Y ALCANTARILLADO MICH,high,state:state_code;level:gobierno_nivel;muni:inegi,"MICH-Comité de Agua Potable y Alcantarillado del Municipio de Apatzingán, Mich.",MICH,GM,MICH,15
3141,state|07||universidad tecnologica|UNIVERSIDAD TECNOLOGICA DE LA SELVA,2,state,07,,,universidad tecnologica,UNIVERSIDAD TECNOLOGICA DE LA SELVA,high,state:state_code;level:gobierno_nivel,CHIS-Universidad Tecnológica de la Selva,CHIS,GE,CHIS,3
3142,municipal|22|22015|ayuntamiento|,1,municipal,22,22015,San Joaquín,ayuntamiento,,high,state:state_code;level:gobierno_nivel;muni:inegi;singleton-body,QRO-Presidencia Municipal de San Joaquín,QRO,GM,QRO,30
3143,municipal|24|24048|ayuntamiento|,1,municipal,24,24048,Villa de la Paz,ayuntamiento,,high,state:state_code;level:gobierno_nivel;muni:inegi;singleton-body,SLP-Presidencia Municipal de Villa de la Paz,SLP,GM,SLP,37
3144,municipal|12|12039|ayuntamiento|,1,municipal,12,12039,Juan R. Escudero,ayuntamiento,,high,state:state_code;level:gobierno_nivel;muni:inegi;singleton-body,GRO-Presidencia Municipal de Juan R. Escudero,GRO,GM,GRO,6
3145,state|32||tecnologico superior (estatal)|INSTITUTO TECNOLOGICO SUPERIOR DE LORETO,1,state,32,,,tecnologico superior (estatal),INSTITUTO TECNOLOGICO SUPERIOR DE LORETO,high,state:state_code;level:gobierno_nivel,ZAC-Instituto Tecnológico Superior de Loreto,ZAC,GE,ZAC,6
3146,municipal|18|18002|ayuntamiento|,1,municipal,18,18002,Ahuacatlán,ayuntamiento,,high,state:state_code;level:gobierno_nivel;muni:inegi;singleton-body,NAY-Presidencia Municipal de Ahuacatlán,NAY,GM,NAY,3
3147,municipal|12|12014|ayuntamiento|,1,municipal,12,12014,Benito Juárez,ayuntamiento,,high,state:state_code;level:gobierno_nivel;muni:inegi;singleton-body,GRO-Presidencia Municipal de Benito Juárez,GRO,GM,GRO,3
3148,municipal|31|31083|ayuntamiento|,1,municipal,31,31083,Telchac Puerto,ayuntamiento,,high,state:state_code;level:gobierno_nivel;muni:inegi;singleton-body,YUC-Presidencia Municipal de Telchac Puerto,YUC,GM,YUC,6
3149,state|17||organismo|REGIMEN ESTATAL DE PROTECCION SOCIAL EN SALUD,1,state,17,,,organismo,REGIMEN ESTATAL DE PROTECCION SOCIAL EN SALUD,high,state:state_code;level:gobierno_nivel,MOR-Régimen Estatal de Protección Social en Salud de Morelos,MOR,GE,MOR,35
3150,state|32||secretaria|SECRETARIA DE ADMINISTRACION,1,state,32,,,secretaria,SECRETARIA DE ADMINISTRACION,high,state:state_code;level:gobierno_nivel,ZAC-Secretaría de Administración,ZAC,GE,ZAC,48
3151,municipal|15|15023|ayuntamiento|,1,municipal,15,15023,Coyotepec,ayuntamiento,,high,state:state_code;level:gobierno_nivel;muni:inegi;singleton-body,MEX-Presidencia Municipal de Coyotepec,MEX,GM,MEX,4
3152,state|02||secretaria|OFICIALIA MAYOR DE GOBIERNO,1,state,02,,,secretaria,OFICIALIA MAYOR DE GOBIERNO,high,state:state_code;level:gobierno_nivel,BC-Oficialía Mayor de Gobierno,BC,GE,BC,39
3153,municipal|16|16105|ayuntamiento|,1,municipal,16,16105,Vista Hermosa,ayuntamiento,,high,state:state_code;level:gobierno_nivel;muni:inegi;singleton-body,MICH-Presidencia Municipal de Vista Hermosa,MICH,GM,MICH,5
3154,municipal|26|26054|ayuntamiento|,1,municipal,26,26054,San Javier,ayuntamiento,,high,state:state_code;level:gobierno_nivel;muni:inegi;singleton-body,SON-Presidencia Municipal de San Javier,SON,GM,SON,5
3155,municipal|14|14035|ayuntamiento|,1,municipal,14,14035,Encarnación de Díaz,ayuntamiento,,high,state:state_code;level:gobierno_nivel;muni:inegi;singleton-body,JAL-Presidencia Municipal de Encarnación de Díaz,JAL,GM,JAL,14
3156,state|16||universidad estatal|UNIVERSIDAD DE SAN NICOLAS DE HIDALGO,2,state,16,,,universidad estatal,UNIVERSIDAD DE SAN NICOLAS DE HIDALGO,medium,state:state_code;text-state-overruled:13;level:gobierno_nivel;gentilicio-stripped,MICH-Universidad Michoacana de San Nicolas de Hidalgo,MICH,GE,MICH,116
3157,state|22||organismo|INSTITUTO DEL TRANSPORTE,1,state,22,,,organismo,INSTITUTO DEL TRANSPORTE,medium,state:state_code;level:gobierno_nivel;gentilicio-stripped,QRO-Instituto Queretano del Transporte,QRO,GE,QRO,9
3158,municipal|20|20557|ayuntamiento|,1,municipal,20,20557,Unión Hidalgo,ayuntamiento,,high,state:state_code;level:gobierno_nivel;muni:inegi;singleton-body,OAX-Presidencia Municipal de Unión Hidalgo,OAX,GM,OAX,4
3159,municipal|32|32035|ayuntamiento|,2,municipal,32,32035,Noria de Ángeles,ayuntamiento,,high,state:state_code;level:gobierno_nivel;muni:inegi;singleton-body,ZAC-Presidencia Municipal de Noria de Ángeles,ZAC,GM,ZAC,22
3160,municipal|29|29021|ayuntamiento|,1,municipal,29,29021,Nanacamilpa de Mariano Arista,ayuntamiento,,high,state:state_code;level:gobierno_nivel;muni:inegi;singleton-body,TLAX-Presidencia Municipal de Nanacamilpa de Mariano Arista,TLAX,GM,TLAX,1
3161,municipal|15|15094|ayuntamiento|,1,municipal,15,15094,Tepetlixpa,ayuntamiento,,high,state:state_code;level:gobierno_nivel;muni:inegi;singleton-body,MEX-Presidencia Municipal de Tepetlixpa,MEX,GM,MEX,27
3162,municipal|20|20055|ayuntamiento|,1,municipal,20,20055,Mariscala de Juárez,ayuntamiento,,high,state:state_code;level:gobierno_nivel;muni:inegi;singleton-body,OAX-Presidencia Municipal de Mariscala de Juárez,OAX,GM,OAX,1
3163,municipal|30|30021|ayuntamiento|,1,municipal,30,30021,Atoyac,ayuntamiento,,high,state:state_code;level:gobierno_nivel;muni:inegi;singleton-body,VER-Presidencia Municipal de Atoyac,VER,GM,VER,1
3164,state|07||organismo|REGIMEN ESTATAL DE PROTECCION SOCIAL EN SALUD,1,state,07,,,organismo,REGIMEN ESTATAL DE PROTECCION SOCIAL EN SALUD,high,state:state_code;level:gobierno_nivel,CHIS-Régimen Estatal de Protección Social en Salud,CHIS,GE,CHIS,109
3165,municipal|30|30035|ayuntamiento|,1,municipal,30,30035,Citlaltépetl,ayuntamiento,,high,state:state_code;level:gobierno_nivel;muni:inegi;singleton-body,VER-Presidencia Municipal de Citlaltépetl,VER,GM,VER,1
3166,municipal|16|16037|ayuntamiento|,1,municipal,16,16037,Huaniqueo,ayuntamiento,,high,state:state_code;level:gobierno_nivel;muni:inegi;singleton-body,MICH-Presidencia Municipal de Huaniqueo,MICH,GM,MICH,18
3167,municipal|20|20085|ayuntamiento|,1,municipal,20,20085,San Agustín Loxicha,ayuntamiento,,high,state:state_code;level:gobierno_nivel;muni:inegi;singleton-body,OAX-Presidencia Municipal de San Agustín Loxicha,OAX,GM,OAX,6
3168,municipal|07|07078|organismo de agua|SISTEMA DE AGUA POTABLE Y ALCANTARILLADO MUNICIPAL,1,municipal,07,07078,San Cristóbal de las Casas,organismo de agua,SISTEMA DE AGUA POTABLE Y ALCANTARILLADO MUNICIPAL,high,state:state_code;level:gobierno_nivel;muni:inegi,"CHIS-Sistema de Agua Potable y Alcantarillado Municipal, (SAPAM) de San Cristobal de las Casas",CHIS,GM,CHIS,1
3169,municipal|08|08051|ayuntamiento|,1,municipal,08,08051,Ocampo,ayuntamiento,,high,state:state_code;level:gobierno_nivel;muni:inegi;singleton-body,CHIH-Presidencia Municipal de Ocampo,CHIH,GM,CHIH,54
3170,municipal|30|30126|ayuntamiento|,1,municipal,30,30126,Paso de Ovejas,ayuntamiento,,high,state:state_code;level:gobierno_nivel;muni:inegi;singleton-body,VER-Presidencia Municipal de Paso de Ovejas,VER,GM,VER,1
3171,municipal|20|20215|ayuntamiento|,1,municipal,20,20215,San Juan Sayultepec,ayuntamiento,,high,state:state_code;level:gobierno_nivel;muni:inegi;singleton-body,OAX-Presidencia Municipal de San Juan Sayultepec,OAX,GM,OAX,1
3172,municipal|04|04006|ayuntamiento|,1,municipal,04,04006,Hopelchén,ayuntamiento,,high,state:state_code;level:gobierno_nivel;muni:inegi;singleton-body,CAMP-Presidencia Municipal de Hopelchén,CAMP,GM,CAMP,43
3173,state|14||universidad tecnologica|UNIVERSIDAD TECNOLOGICA DE LA ZONA METROPOLITANA DE GUADALAJARA,1,state,14,,,universidad tecnologica,UNIVERSIDAD TECNOLOGICA DE LA ZONA METROPOLITANA DE GUADALAJARA,high,state:state_code;level:gobierno_nivel,JAL-Universidad Tecnológica de la Zona Metropolitana de Guadalajara,JAL,GE,JAL,15
3174,state|10||universidad tecnologica|UNIVERSIDAD TECNOLOGICA DE POANAS,1,state,10,,,universidad tecnologica,UNIVERSIDAD TECNOLOGICA DE POANAS,high,state:state_code;level:gobierno_nivel,DGO-Universidad Tecnológica de Poanas,DGO,GE,DGO,1
3175,municipal|21|21055|ayuntamiento|,1,municipal,21,21055,Chila,ayuntamiento,,high,state:state_code;level:gobierno_nivel;muni:inegi;singleton-body,PUE-Presidencia Municipal de Chila,PUE,GM,PUE,7
3176,municipal|16|16092|ayuntamiento|,1,municipal,16,16092,Tiquicheo de Nicolás Romero,ayuntamiento,,high,state:state_code;level:gobierno_nivel;muni:inegi;singleton-body,MICH-Presidencia Municipal de Tiquicheo de Nicolás Romero,MICH,GM,MICH,15
3177,state|32||cecyte|COLEGIO DE ESTUDIOS CIENTIFICOS Y TECNOLOGICOS,2,state,32,,,cecyte,COLEGIO DE ESTUDIOS CIENTIFICOS Y TECNOLOGICOS,high,state:state_code;level:gobierno_nivel,ZAC-Colegio de Estudios Científicos y Tecnológicos del Estado de Zacatecas,ZAC,GE,ZAC,37
3178,municipal|12|12035|ayuntamiento|,1,municipal,12,12035,Iguala de la Independencia,ayuntamiento,,high,state:state_code;level:gobierno_nivel;muni:inegi;singleton-body,GRO-Presidencia Municipal de Iguala de la Independencia,GRO,GM,GRO,6
3179,municipal|08|08066|ayuntamiento|,2,municipal,08,08066,Uruachi,ayuntamiento,,high,state:state_code;level:gobierno_nivel;muni:inegi;singleton-body,CHIH-Presidencia Municipal de Uruachi,CHIH,GM,CHIH,4
3180,municipal|08|08047|ayuntamiento|,1,municipal,08,08047,Moris,ayuntamiento,,high,state:state_code;level:gobierno_nivel;muni:inegi;singleton-body,CHIH-Presidencia Municipal de Moris,CHIH,GM,CHIH,2
3181,municipal|26|TXT:ORGANISMO OPERADOR MUNICIPAL DE AGUA POTABLE ALCANTARILLADO Y SANEAMIENTO|organismo de agua|ORGANISMO OPERADOR MUNICIPAL DE AGUA POTABLE ALCANTARILLADO Y SANEAMIENTO,1,municipal,26,TXT:ORGANISMO OPERADOR MUNICIPAL DE AGUA POTABLE ALCANTARILLADO Y SANEAMIENTO,,organismo de agua,ORGANISMO OPERADOR MUNICIPAL DE AGUA POTABLE ALCANTARILLADO Y SANEAMIENTO,low,state:state_code;level:gobierno_nivel;muni:unresolved,SON-Organismo Operador Municipal de Agua Potable Alcantarillado y Saneamiento,SON,GM,SON,5
3182,state|17||organismo|INSTITUTO DE EDUCACION BASICA,1,state,17,,,organismo,INSTITUTO DE EDUCACION BASICA,high,state:state_code;level:gobierno_nivel,MOR-Instituto de Educación Básica del Estado de Morelos,MOR,GE,MOR,3
3183,municipal|07|07097|ayuntamiento|,1,municipal,07,07097,Tonalá,ayuntamiento,,high,state:state_code;level:gobierno_nivel;muni:inegi;singleton-body,CHIS-Presidencia Municipal de Tonalá,CHIS,GM,CHIS,5
3184,municipal|20|20470|ayuntamiento|,1,municipal,20,20470,Santiago Lachiguiri,ayuntamiento,,high,state:state_code;level:gobierno_nivel;muni:inegi;singleton-body,OAX-Presidencia Municipal de Santiago Lachiguiri,OAX,GM,OAX,1
3185,municipal|15|15022|ayuntamiento|,1,municipal,15,15022,Cocotitlán,ayuntamiento,,high,state:state_code;level:gobierno_nivel;muni:inegi;singleton-body,MEX-Presidencia Municipal de Cocotitlán,MEX,GM,MEX,27
3186,municipal|30|30129|ayuntamiento|,1,municipal,30,30129,Platón Sánchez,ayuntamiento,,high,state:state_code;level:gobierno_nivel;muni:inegi;singleton-body,VER-Presidencia Municipal de Platón Sánchez,VER,GM,VER,4
3187,state|27||secretaria|SECRETARIA DE DESARROLLO SOCIAL,1,state,27,,,secretaria,SECRETARIA DE DESARROLLO SOCIAL,high,state:state_code;level:gobierno_nivel,TAB-Secretaría de Desarrollo Social,TAB,GE,TAB,2
3188,municipal|20|20371|ayuntamiento|,1,municipal,20,20371,Santa Catarina Ticuá,ayuntamiento,,high,state:state_code;level:gobierno_nivel;muni:inegi;singleton-body,OAX-Presidencia Municipal de Santa Catarina Ticuá,OAX,GM,OAX,2
3189,state|32||universidad tecnologica|UNIVERSIDAD TECNOLOGICA,2,state,32,,,universidad tecnologica,UNIVERSIDAD TECNOLOGICA,high,state:state_code;level:gobierno_nivel,ZAC-Universidad Tecnológica del Estado de Zacatecas,ZAC,GE,ZAC,49
3190,municipal|06|06008|ayuntamiento|,1,municipal,06,06008,Minatitlán,ayuntamiento,,high,state:state_code;level:gobierno_nivel;muni:inegi;singleton-body,COL-Presidencia Municipal de Minatitlán,COL,GM,COL,8
3191,state|29||organismo|INSTITUTO INMOBILIARIO DE DESARROLLO URBANO Y VIVIENDA,1,state,29,,,organismo,INSTITUTO INMOBILIARIO DE DESARROLLO URBANO Y VIVIENDA,high,state:state_code;level:gobierno_nivel,TLAX-Instituto Inmobiliario de Desarrollo Urbano y Vivienda del Estado de Tlaxcala,TLAX,GE,TLAX,19
3192,municipal|20|20493|ayuntamiento|,1,municipal,20,20493,Santiago Tillo,ayuntamiento,,high,state:state_code;level:gobierno_nivel;muni:inegi;singleton-body,OAX-Presidencia Municipal de Santiago Tillo,OAX,GM,OAX,1
3193,municipal|21|21114|organismo de agua|SISTEMA OPERADOR DE LOS SERVICIOS DE AGUA POTABLE Y ALCANTARILLADO,1,municipal,21,21114,Puebla,organismo de agua,SISTEMA OPERADOR DE LOS SERVICIOS DE AGUA POTABLE Y ALCANTARILLADO,high,state:state_code;override GE->municipal by name;level:gobierno_nivel;muni:inegi,PUE-Sistema Operador de los Servicios de Agua Potable y Alcantarillado del Municipio de Puebla,PUE,GE,PUE,16
3194,municipal|08|08037|ayuntamiento|,2,municipal,08,08037,Juárez,ayuntamiento,,high,state:state_code;level:gobierno_nivel;muni:inegi;singleton-body,CHIH-Presidencia Municipal de Juárez,CHIH,GM,CHIH,5
3195,municipal|05|05011|ayuntamiento|,1,municipal,05,05011,General Cepeda,ayuntamiento,,high,state:state_code;level:gobierno_nivel;muni:inegi;singleton-body,COAH-Presidencia Municipal de General Cepeda,COAH,GM,COAH,1
3196,municipal|16|16004|ayuntamiento|,1,municipal,16,16004,Angamacutiro,ayuntamiento,,high,state:state_code;level:gobierno_nivel;muni:inegi;singleton-body,MICH-Presidencia Municipal de Angamacutiro,MICH,GM,MICH,25
3197,municipal|20|20219|ayuntamiento|,1,municipal,20,20219,San Juan Teitipac,ayuntamiento,,high,state:state_code;level:gobierno_nivel;muni:inegi;singleton-body,OAX-Presidencia Municipal de San Juan Teitipac,OAX,GM,OAX,4
3198,state|27||organismo|COMISION FORESTAL,1,state,27,,,organismo,COMISION FORESTAL,high,state:state_code;level:gobierno_nivel,TAB-Comisión Estatal Forestal,TAB,GE,TAB,11
3199,municipal|16|16031|ayuntamiento|,1,municipal,16,16031,Epitacio Huerta,ayuntamiento,,high,state:state_code;level:gobierno_nivel;muni:inegi;singleton-body,MICH-Presidencia Municipal de Epitacio Huerta,MICH,GM,MICH,6
3200,municipal|16|16010|ayuntamiento|,1,municipal,16,16010,Arteaga,ayuntamiento,,high,state:state_code;level:gobierno_nivel;muni:inegi;singleton-body,MICH-Presidencia Municipal de Arteaga,MICH,GM,MICH,10
3201,municipal|21|21068|ayuntamiento|,1,municipal,21,21068,Hermenegildo Galeana,ayuntamiento,,high,state:state_code;level:gobierno_nivel;muni:inegi;singleton-body,PUE-Presidencia Municipal de Hermenegildo Galeana,PUE,GM,PUE,6
3202,municipal|30|30149|ayuntamiento|,1,municipal,30,30149,Soteapan,ayuntamiento,,high,state:state_code;level:gobierno_nivel;muni:inegi;singleton-body,VER-Presidencia Municipal de Soteapan,VER,GM,VER,5
3203,municipal|21|21100|ayuntamiento|,1,municipal,21,21100,Naupan,ayuntamiento,,high,state:state_code;level:gobierno_nivel;muni:inegi;singleton-body,PUE-Presidencia Municipal de Naupan,PUE,GM,PUE,6
3204,municipal|08|08005|ayuntamiento|,1,municipal,08,08005,Ascensión,ayuntamiento,,high,state:state_code;level:gobierno_nivel;muni:inegi;singleton-body,CHIH-Presidencia Municipal de Ascensión,CHIH,GM,CHIH,5
3205,municipal|31|31104|ayuntamiento|,1,municipal,31,31104,Yaxcabá,ayuntamiento,,high,state:state_code;level:gobierno_nivel;muni:inegi;singleton-body,YUC-Presidencia Municipal de Yaxcabá,YUC,GM,YUC,1
3206,state|09||secretaria de salud|,1,state,09,,,secretaria de salud,,high,state:state_code;level:gobierno_nivel;singleton-body,CDMX-Secretaría de Salud,CDMX,GE,CDMX,8
3207,state|27||organismo|REGIMEN ESTATAL DE PROTECCION SOCIAL EN SALUD,1,state,27,,,organismo,REGIMEN ESTATAL DE PROTECCION SOCIAL EN SALUD,high,state:state_code;level:gobierno_nivel,TAB-Régimen Estatal de Protección Social en Salud,TAB,GE,TAB,15
3208,state|26||organismo|INSTITUTO DE CAPACITACION PARA EL TRABAJO,2,state,26,,,organismo,INSTITUTO DE CAPACITACION PARA EL TRABAJO,high,state:state_code;level:gobierno_nivel,SON-Instituto de Capacitación para el Trabajo del Estado de Sonora (ICATSON),SON,GE,SON,10
3209,municipal|15|15040|ayuntamiento|,2,municipal,15,15040,Ixtapan de la Sal,ayuntamiento,,high,state:state_code;level:gobierno_nivel;muni:inegi;singleton-body,MEX-Presidencia Municipal de Ixtapan de la Sal,MEX,GM,MEX,25
3210,state|07||dif estatal|,2,state,07,,,dif estatal,,high,state:state_code;level:gobierno_nivel;singleton-body,CHIS-Sistema para el Desarrollo Integral de la Familia del Estado de Chiapas,CHIS,GE,CHIS,1
3211,municipal|30|30046|ayuntamiento|,2,municipal,30,30046,Cosautlán de Carvajal,ayuntamiento,,high,state:state_code;level:gobierno_nivel;muni:inegi;singleton-body,VER-Presidencia Municipal de Cosautlán de Carvajal,VER,GM,VER,7
3212,municipal|20|20554|ayuntamiento|,1,municipal,20,20554,Totontepec Villa de Morelos,ayuntamiento,,high,state:state_code;text-state-overruled:17;level:gobierno_nivel;muni:inegi;singleton-body,OAX-Presidencia Municipal de Totontepec Villa de Morelos,OAX,GM,OAX,1
3213,municipal|15|15020|ayuntamiento|,1,municipal,15,15020,Coacalco de Berriozábal,ayuntamiento,,high,state:state_code;level:gobierno_nivel;muni:inegi;singleton-body,MEX-Presidencia Municipal de Coacalco de Berriozábal,MEX,GM,MEX,19
3214,municipal|26|26010|ayuntamiento|,1,municipal,26,26010,Bacerac,ayuntamiento,,high,state:state_code;level:gobierno_nivel;muni:inegi;singleton-body,SON-Presidencia Municipal de Bacerac,SON,GM,SON,3
3215,municipal|14|14011|ayuntamiento|,1,municipal,14,14011,Atengo,ayuntamiento,,high,state:state_code;level:gobierno_nivel;muni:inegi;singleton-body,JAL-Presidencia Municipal de Atengo,JAL,GM,JAL,1
3216,municipal|32|32026|ayuntamiento|,1,municipal,32,32026,Mazapil,ayuntamiento,,high,state:state_code;level:gobierno_nivel;muni:inegi;singleton-body,ZAC-Presidencia Municipal de Mazapil,ZAC,GM,ZAC,32
3217,municipal|13|13042|ayuntamiento|,1,municipal,13,13042,Molango de Escamilla,ayuntamiento,,high,state:state_code;level:gobierno_nivel;muni:inegi;singleton-body,HGO-Presidencia Municipal de Molango de Escamilla,HGO,GM,HGO,6
3218,municipal|20|20171|ayuntamiento|,1,municipal,20,20171,San José Tenango,ayuntamiento,,high,state:state_code;level:gobierno_nivel;muni:inegi;singleton-body,OAX-Presidencia Municipal de San José Tenango,OAX,GM,OAX,1
3219,state|01||universidad tecnologica|UNIVERSIDAD TECNOLOGICA DE CALVILLO,1,state,01,,,universidad tecnologica,UNIVERSIDAD TECNOLOGICA DE CALVILLO,high,state:state_code;level:gobierno_nivel,AGS-Universidad Tecnológica de Calvillo,AGS,GE,AGS,58
3220,state|17||organismo|COMISION EJECUTIVA DE ATENCION Y REPARACION A VICTIMAS,1,state,17,,,organismo,COMISION EJECUTIVA DE ATENCION Y REPARACION A VICTIMAS,high,state:state_code;level:gobierno_nivel,MOR-Comisión Ejecutiva de Atención y Reparación a Víctimas del Estado de Morelos,MOR,GE,MOR,1
3221,municipal|19|19028|ayuntamiento|,1,municipal,19,19028,Higueras,ayuntamiento,,high,state:state_code;level:gobierno_nivel;muni:inegi;singleton-body,NL-Presidencia Municipal de Higueras,NL,GM,NL,3
3222,state|12||universidad intercultural|UNIVERSIDAD INTERCULTURAL,1,state,12,,,universidad intercultural,UNIVERSIDAD INTERCULTURAL,high,state:state_code;level:gobierno_nivel,GRO-Universidad Intercultural del Estado de Guerrero,GRO,GE,GRO,1
3223,municipal|10|10038|ayuntamiento|,1,municipal,10,10038,Vicente Guerrero,ayuntamiento,,high,state:state_code;level:gobierno_nivel;muni:inegi;singleton-body,DGO-Presidencia Municipal de Vicente Guerrero,DGO,GM,DGO,3
3224,"municipal|11|TXT:INSTITUTO MUNICIPAL DE INVESTIGACION , PLANEACION Y ESTADISTICA|organismo|INSTITUTO MUNICIPAL DE INVESTIGACION PLANEACION Y ESTADISTICA",1,municipal,11,"TXT:INSTITUTO MUNICIPAL DE INVESTIGACION , PLANEACION Y ESTADISTICA",,organismo,INSTITUTO MUNICIPAL DE INVESTIGACION PLANEACION Y ESTADISTICA,low,state:state_code;level:gobierno_nivel;muni:unresolved,"GTO-Instituto Municipal de Investigación, Planeación y Estadística",GTO,GM,GTO,1
3225,municipal|20|20227|ayuntamiento|,2,municipal,20,20227,San Lorenzo Cacaotepec,ayuntamiento,,high,state:state_code;level:gobierno_nivel;muni:inegi;singleton-body,OAX-Presidencia Municipal de San Lorenzo Cacaotepec,OAX,GM,OAX,1
3226,municipal|20|20199|ayuntamiento|,1,municipal,20,20199,San Juan Ihualtepec,ayuntamiento,,high,state:state_code;level:gobierno_nivel;muni:inegi;singleton-body,OAX-Presidencia Municipal de San Juan Ihualtepec,OAX,GM,OAX,1
3227,municipal|12|12048|ayuntamiento|,1,municipal,12,12048,Petatlán,ayuntamiento,,high,state:state_code;level:gobierno_nivel;muni:inegi;singleton-body,GRO-Presidencia Municipal de Petatlán,GRO,GM,GRO,1
3228,municipal|25|25013|ayuntamiento|,1,municipal,25,25013,Mocorito,ayuntamiento,,high,state:state_code;level:gobierno_nivel;muni:inegi;singleton-body,SIN-Presidencia Municipal de Mocorito,SIN,GM,SIN,2
3229,state|21||organismo de agua|COMISION DE AGUA Y SANEAMIENTO,1,state,21,,,organismo de agua,COMISION DE AGUA Y SANEAMIENTO,high,state:state_code;level:gobierno_nivel,PUE-Comisión Estatal de Agua y Saneamiento de Puebla,PUE,GE,PUE,172
3230,state|15||universidad estatal|UNIVERSIDAD AUTONOMA,2,state,15,,,universidad estatal,UNIVERSIDAD AUTONOMA,high,state:state_code;level:gobierno_nivel,MEX-Universidad Autónoma del Estado de México,MEX,GE,MEX,13
3231,municipal|30|30020|ayuntamiento|,1,municipal,30,30020,Atlahuilco,ayuntamiento,,high,state:state_code;level:gobierno_nivel;muni:inegi;singleton-body,VER-Presidencia Municipal de Atlahuilco,VER,GM,VER,3
3232,municipal|26|26003|ayuntamiento|,1,municipal,26,26003,Álamos,ayuntamiento,,high,state:state_code;level:gobierno_nivel;muni:inegi;singleton-body,SON-Presidencia Municipal de Alamos,SON,GM,SON,3
3233,state|27||organismo|INSTITUTO DE PROTECCION CIVIL,1,state,27,,,organismo,INSTITUTO DE PROTECCION CIVIL,high,state:state_code;level:gobierno_nivel,TAB-Instituto de Protección Civil del Estado de Tabasco,TAB,GE,TAB,1
3234,state|14||organismo|INSTITUTO METROPOLITANO DE PLANEACION,1,state,14,,,organismo,INSTITUTO METROPOLITANO DE PLANEACION,high,state:state_code;level:gobierno_nivel,JAL-Instituto Metropolitano de Planeación,JAL,GE,JAL,1
3235,municipal|14|14030|ayuntamiento|,1,municipal,14,14030,Chapala,ayuntamiento,,high,state:state_code;level:gobierno_nivel;muni:inegi;singleton-body,JAL-Presidencia Municipal de Chapala,JAL,GM,JAL,5
3236,municipal|10|10006|ayuntamiento|,2,municipal,10,10006,General Simón Bolívar,ayuntamiento,,high,state:state_code;level:gobierno_nivel;muni:inegi;singleton-body,DGO-Presidencia Municipal de General Simón Bolívar,DGO,GM,DGO,2
3237,state|04||secretaria|SECRETARIA DE SEGURIDAD PUBLICA Y PROTECCION A LA COMUNIDAD,1,state,04,,,secretaria,SECRETARIA DE SEGURIDAD PUBLICA Y PROTECCION A LA COMUNIDAD,high,state:state_code;level:gobierno_nivel,CAMP-Secretaría de Seguridad Pública y Protección a la Comunidad,CAMP,GE,CAMP,7
3238,municipal|30|30122|ayuntamiento|,1,municipal,30,30122,Pajapan,ayuntamiento,,high,state:state_code;level:gobierno_nivel;muni:inegi;singleton-body,VER-Presidencia Municipal de Pajapan,VER,GM,VER,3
3239,state|06||organismo de agua|COMISION INTERMUNICIPAL DE AGUA POTABLE Y ALCANTARILLADO DE LOS MUNICIPIOS Y VILLA DE ALVAREZ,1,state,06,,,organismo de agua,COMISION INTERMUNICIPAL DE AGUA POTABLE Y ALCANTARILLADO DE LOS MUNICIPIOS Y VILLA DE ALVAREZ,high,state:state_code;level:gobierno_nivel,COL-Comisión Intermunicipal de Agua Potable y Alcantarillado de los Municipios de Colima y Villa de Álvarez,COL,GE,COL,2
3240,municipal|17|17014|ayuntamiento|,2,municipal,17,17014,Mazatepec,ayuntamiento,,high,state:state_code;level:gobierno_nivel;muni:inegi;singleton-body,MOR-Presidencia Municipal de Mazatepec,MOR,GM,MOR,5
3241,municipal|30|30053|ayuntamiento|,1,municipal,30,30053,Cuitláhuac,ayuntamiento,,high,state:state_code;level:gobierno_nivel;muni:inegi;singleton-body,VER-Presidencia Municipal de Cuitláhuac,VER,GM,VER,5
3242,municipal|24|24005|ayuntamiento|,1,municipal,24,24005,Cárdenas,ayuntamiento,,high,state:state_code;level:gobierno_nivel;muni:inegi;singleton-body,SLP-Presidencia Municipal de Cárdenas,SLP,GM,SLP,1
3243,municipal|12|12055|ayuntamiento|,1,municipal,12,12055,Taxco de Alarcón,ayuntamiento,,high,state:state_code;level:gobierno_nivel;muni:inegi;singleton-body,GRO-Presidencia Municipal de Taxco de Alarcón,GRO,GM,GRO,2
3244,state|06||dif estatal|,1,state,06,,,dif estatal,,high,state:state_code;level:gobierno_nivel;singleton-body,COL-Sistema para el Desarrollo Integral de la Familia del Estado de Colima,COL,GE,COL,3
3245,municipal|20|20079|ayuntamiento|,1,municipal,20,20079,Salina Cruz,ayuntamiento,,high,state:state_code;level:gobierno_nivel;muni:inegi;singleton-body,OAX-Presidencia Municipal de Salina Cruz,OAX,GM,OAX,1
3246,municipal|17|17008|ayuntamiento|,1,municipal,17,17008,Emiliano Zapata,ayuntamiento,,high,state:state_code;level:gobierno_nivel;muni:inegi;singleton-body,MOR-Presidencia Municipal de Emiliano Zapata,MOR,GM,MOR,21
3247,municipal|28|28032|organismo de agua|COMISION MUNICIPAL DE AGUA POTABLE Y ALCANTARILLADO,2,municipal,28,28032,Reynosa,organismo de agua,COMISION MUNICIPAL DE AGUA POTABLE Y ALCANTARILLADO,high,state:name-prefix;level:gobierno_nivel;muni:inegi,TAMPS-COMISION MUNICIPAL DE AGUA POTABLE Y ALCANTARILLADO DEL MUNICIPIO DE REYNOSA TAMAULIPAS,TAMPS,GM,,6
3248,municipal|21|21135|ayuntamiento|,1,municipal,21,21135,San Miguel Ixitlán,ayuntamiento,,high,state:state_code;level:gobierno_nivel;muni:inegi;singleton-body,PUE-Presidencia Municipal de San Miguel Ixitlán,PUE,GM,PUE,3
3249,municipal|06|06010|ayuntamiento|,1,municipal,06,06010,Villa de Álvarez,ayuntamiento,,high,state:state_code;level:gobierno_nivel;muni:inegi;singleton-body,COL-Presidencia Municipal de Villa de Álvarez,COL,GM,COL,4
3250,municipal|15|15075|ayuntamiento|,1,municipal,15,15075,San Martín de las Pirámides,ayuntamiento,,high,state:state_code;level:gobierno_nivel;muni:inegi;singleton-body,MEX-Presidencia Municipal de San Martín de las Pirámides,MEX,GM,MEX,2
3251,municipal|16|16033|ayuntamiento|,1,municipal,16,16033,Gabriel Zamora,ayuntamiento,,high,state:state_code;level:gobierno_nivel;muni:inegi;singleton-body,MICH-Presidencia Municipal de Gabriel Zamora,MICH,GM,MICH,2
3252,municipal|17|17016|ayuntamiento|,1,municipal,17,17016,Ocuituco,ayuntamiento,,high,state:state_code;level:gobierno_nivel;muni:inegi;singleton-body,MOR-Presidencia Municipal de Ocuituco,MOR,GM,MOR,10
3253,state|09||secretaria|SECRETARIA DE CIENCIA TECNOLOGIA E INNOVACION,1,state,09,,,secretaria,SECRETARIA DE CIENCIA TECNOLOGIA E INNOVACION,high,state:state_code;level:gobierno_nivel,"CDMX-Secretaría de Ciencia, Tecnología e Innovación",CDMX,GE,CDMX,1
3254,municipal|30|30073|ayuntamiento|,1,municipal,30,30073,Hueyapan de Ocampo,ayuntamiento,,high,state:state_code;level:gobierno_nivel;muni:inegi;singleton-body,VER-Presidencia Municipal de Hueyapan de Ocampo,VER,GM,VER,1
3255,municipal|05|05008|ayuntamiento|,1,municipal,05,05008,Escobedo,ayuntamiento,,high,state:state_code;level:gobierno_nivel;muni:inegi;singleton-body,COAH-Presidencia Municipal de Escobedo,COAH,GM,COAH,3
3256,municipal|16|16101|ayuntamiento|,1,municipal,16,16101,Tzitzio,ayuntamiento,,high,state:state_code;level:gobierno_nivel;muni:inegi;singleton-body,MICH-Presidencia Municipal de Tzitzio,MICH,GM,MICH,7
3257,municipal|21|21066|ayuntamiento|,1,municipal,21,21066,Guadalupe,ayuntamiento,,high,state:state_code;level:gobierno_nivel;muni:inegi;singleton-body,PUE-Presidencia Municipal de Guadalupe,PUE,GM,PUE,5
3258,municipal|21|21215|ayuntamiento|,1,municipal,21,21215,Zongozotla,ayuntamiento,,high,state:state_code;level:gobierno_nivel;muni:inegi;singleton-body,PUE-Presidencia Municipal de Zongozotla,PUE,GM,PUE,2
3259,municipal|15|15124|ayuntamiento|,2,municipal,15,15124,San José del Rincón,ayuntamiento,,high,state:state_code;level:gobierno_nivel;muni:inegi;singleton-body,MEX-Presidencia Municipal de San José del Rincón,MEX,GM,MEX,3
3260,municipal|21|21071|organismo de agua|EMPRESA DE SERVICIOS DE AGUA POTABLE Y ALCANTARILLADO,1,municipal,21,21071,Huauchinango,organismo de agua,EMPRESA DE SERVICIOS DE AGUA POTABLE Y ALCANTARILLADO,high,state:state_code;level:gobierno_nivel;muni:inegi,PUE-Empresa de Servicios de Agua Potable y Alcantarillado de Huauchinango,PUE,GM,PUE,4
3261,municipal|08|08035|ayuntamiento|,1,municipal,08,08035,Janos,ayuntamiento,,high,state:state_code;level:gobierno_nivel;muni:inegi;singleton-body,CHIH-Presidencia Municipal de Janos,CHIH,GM,CHIH,3
3262,municipal|15|15095|ayuntamiento|,2,municipal,15,15095,Tepotzotlán,ayuntamiento,,high,state:state_code;level:gobierno_nivel;muni:inegi;singleton-body,MEX-Presidencia Municipal de Tepotzotlán,MEX,GM,MEX,1
3263,municipal|20|20281|ayuntamiento|,1,municipal,20,20281,San Miguel Tecomatlán,ayuntamiento,,high,state:state_code;level:gobierno_nivel;muni:inegi;singleton-body,OAX-Presidencia Municipal de San Miguel Tecomatlán,OAX,GM,OAX,1
3264,municipal|20|20017|ayuntamiento|,1,municipal,20,20017,La Compañía,ayuntamiento,,high,state:state_code;level:gobierno_nivel;muni:inegi;singleton-body,OAX-Presidencia Municipal de La Compañía,OAX,GM,OAX,2
3265,municipal|11|11038|ayuntamiento|,1,municipal,11,11038,Tarandacuao,ayuntamiento,,high,state:state_code;level:gobierno_nivel;muni:inegi;singleton-body,GTO-Presidencia Municipal de Tarandacuao,GTO,GM,GTO,2
3266,municipal|14|14066|ayuntamiento|,1,municipal,14,14066,Poncitlán,ayuntamiento,,high,state:state_code;level:gobierno_nivel;muni:inegi;singleton-body,JAL-Presidencia Municipal de Poncitlán,JAL,GM,JAL,1
3267,municipal|05|05015|ayuntamiento|,1,municipal,05,05015,Juárez,ayuntamiento,,high,state:state_code;level:gobierno_nivel;muni:inegi;singleton-body,COAH-Presidencia Municipal de Juárez,COAH,GM,COAH,1
3268,municipal|20|20115|ayuntamiento|,1,municipal,20,20115,San Bartolo Coyotepec,ayuntamiento,,high,state:state_code;level:gobierno_nivel;muni:inegi;singleton-body,OAX-Presidencia Municipal de San Bartolo Coyotepec,OAX,GM,OAX,3
3269,municipal|16|16002|ayuntamiento|,1,municipal,16,16002,Aguililla,ayuntamiento,,high,state:state_code;level:gobierno_nivel;muni:inegi;singleton-body,MICH-Presidencia Municipal de Aguililla,MICH,GM,MICH,21
3270,municipal|24|24010|ayuntamiento|,2,municipal,24,24010,Ciudad del Maíz,ayuntamiento,,high,state:state_code;level:gobierno_nivel;muni:inegi;singleton-body,SLP-Presidencia Municipal de Ciudad del Maíz,SLP,GM,SLP,1
3271,municipal|21|21009|ayuntamiento|,1,municipal,21,21009,Ahuehuetitla,ayuntamiento,,high,state:state_code;level:gobierno_nivel;muni:inegi;singleton-body,PUE-Presidencia Municipal de Ahuehuetitla,PUE,GM,PUE,4
3272,municipal|13|13083|ayuntamiento|,1,municipal,13,13083,Zempoala,ayuntamiento,,high,state:state_code;level:gobierno_nivel;muni:inegi;singleton-body,HGO-Presidencia Municipal de Zempoala,HGO,GM,HGO,3
3273,state|04||tecnologico superior (estatal)|INSTITUTO TECNOLOGICO SUPERIOR DE CALKINI,3,state,04,,,tecnologico superior (estatal),INSTITUTO TECNOLOGICO SUPERIOR DE CALKINI,high,state:state_code;level:gobierno_nivel,CAMP-Instituto Tecnológico Superior de Calkiní,CAMP,GE,CAMP,1
3274,municipal|20|20300|ayuntamiento|,1,municipal,20,20300,San Pedro Amuzgos,ayuntamiento,,high,state:state_code;level:gobierno_nivel;muni:inegi;singleton-body,OAX-Presidencia Municipal de San Pedro Amuzgos,OAX,GM,OAX,3
3275,municipal|19|19017|ayuntamiento|,1,municipal,19,19017,Galeana,ayuntamiento,,high,state:state_code;level:gobierno_nivel;muni:inegi;singleton-body,NL-Presidencia Municipal de Galeana,NL,GM,NL,2
3276,municipal|30|30098|ayuntamiento|,1,municipal,30,30098,Magdalena,ayuntamiento,,high,state:state_code;level:gobierno_nivel;muni:inegi;singleton-body,VER-Presidencia Municipal de Magdalena,VER,GM,VER,1
3277,state|32||tecnologico superior (estatal)|INSTITUTO TECNOLOGICO SUPERIOR DE JEREZ,1,state,32,,,tecnologico superior (estatal),INSTITUTO TECNOLOGICO SUPERIOR DE JEREZ,high,state:state_code;level:gobierno_nivel,ZAC-Instituto Tecnológico Superior de Jerez,ZAC,GE,ZAC,1
3278,municipal|26|26031|ayuntamiento|,1,municipal,26,26031,Huachinera,ayuntamiento,,high,state:state_code;level:gobierno_nivel;muni:inegi;singleton-body,SON-Presidencia Municipal de Huachinera,SON,GM,SON,3
3279,municipal|15|15053|ayuntamiento|,1,municipal,15,15053,Melchor Ocampo,ayuntamiento,,high,state:state_code;level:gobierno_nivel;muni:inegi;singleton-body,MEX-Presidencia Municipal de Melchor Ocampo,MEX,GM,MEX,2
3280,state|20||universidad estatal|UNIVERSIDAD DE CHALCATONGO,1,state,20,,,universidad estatal,UNIVERSIDAD DE CHALCATONGO,high,state:state_code;level:gobierno_nivel,OAX-Universidad de Chalcatongo,OAX,GE,OAX,4
3281,municipal|30|30117|ayuntamiento|,1,municipal,30,30117,Omealca,ayuntamiento,,high,state:state_code;level:gobierno_nivel;muni:inegi;singleton-body,VER-Presidencia Municipal de Omealca,VER,GM,VER,1
3282,municipal|20|20173|ayuntamiento|,1,municipal,20,20173,San Juan Atepec,ayuntamiento,,high,state:state_code;level:gobierno_nivel;muni:inegi;singleton-body,OAX-Presidencia Municipal de San Juan Atepec,OAX,GM,OAX,3
3283,municipal|21|21046|ayuntamiento|,1,municipal,21,21046,Chapulco,ayuntamiento,,high,state:state_code;level:gobierno_nivel;muni:inegi;singleton-body,PUE-Presidencia Municipal de Chapulco,PUE,GM,PUE,2
3284,municipal|05|05021|ayuntamiento|,1,municipal,05,05021,Nadadores,ayuntamiento,,high,state:state_code;level:gobierno_nivel;muni:inegi;singleton-body,COAH-Presidencia Municipal de Nadadores,COAH,GM,COAH,1
3285,municipal|15|15098|ayuntamiento|,2,municipal,15,15098,Texcalyacac,ayuntamiento,,high,state:state_code;level:gobierno_nivel;muni:inegi;singleton-body,MEX-Presidencia Municipal de Texcalyacac,MEX,GM,MEX,1
3286,municipal|13|13027|ayuntamiento|,1,municipal,13,13027,Huehuetla,ayuntamiento,,high,state:state_code;level:gobierno_nivel;muni:inegi;singleton-body,HGO-Presidencia Municipal de Huehuetla,HGO,GM,HGO,3
3287,municipal|20|20102|ayuntamiento|,1,municipal,20,20102,San Andrés Zautla,ayuntamiento,,high,state:state_code;level:gobierno_nivel;muni:inegi;singleton-body,OAX-Presidencia Municipal de San Andrés Zautla,OAX,GM,OAX,2
3288,municipal|15|15120|ayuntamiento|,1,municipal,15,15120,Zumpango,ayuntamiento,,high,state:state_code;level:gobierno_nivel;muni:inegi;singleton-body,MEX-Presidencia Municipal de Zumpango,MEX,GM,MEX,7
3289,municipal|06|06001|organismo de agua|COMISION DE AGUA POTABLE Y ALCANTARILLADO,1,municipal,06,06001,Armería,organismo de agua,COMISION DE AGUA POTABLE Y ALCANTARILLADO,high,state:state_code;level:gobierno_nivel;muni:inegi,COL-Comisión de Agua Potable y Alcantarillado del municipio de Armería,COL,GM,COL,1
3290,municipal|20|20362|ayuntamiento|,1,municipal,20,20362,Santa Catarina Cuixtla,ayuntamiento,,high,state:state_code;level:gobierno_nivel;muni:inegi;singleton-body,OAX-Presidencia Municipal de Santa Catarina Cuixtla,OAX,GM,OAX,1
3291,municipal|20|20084|ayuntamiento|,1,municipal,20,20084,San Agustín Etla,ayuntamiento,,high,state:state_code;level:gobierno_nivel;muni:inegi;singleton-body,OAX-Presidencia Municipal de San Agustín Etla,OAX,GM,OAX,2
3292,municipal|06|06007|organismo|INSTITUTO MUNICIPAL DE LA CULTURA,1,municipal,06,06007,Manzanillo,organismo,INSTITUTO MUNICIPAL DE LA CULTURA,high,state:state_code;level:gobierno_nivel;muni:inegi,COL-Instituto Municipal de la Cultura de Manzanillo,COL,GM,COL,1
3293,municipal|19|19012|ayuntamiento|,1,municipal,19,19012,Ciénega de Flores,ayuntamiento,,high,state:state_code;level:gobierno_nivel;muni:inegi;singleton-body,NL-Presidencia Municipal de Ciénega de Flores,NL,GM,NL,3
3294,municipal|16|16046|ayuntamiento|,1,municipal,16,16046,Juárez,ayuntamiento,,high,state:state_code;level:gobierno_nivel;muni:inegi;singleton-body,MICH-Presidencia Municipal de Juárez,MICH,GM,MICH,1
3295,municipal|05|05017|ayuntamiento|,1,municipal,05,05017,Matamoros,ayuntamiento,,high,state:state_code;level:gobierno_nivel;muni:inegi;singleton-body,COAH-Presidencia Municipal de Matamoros,COAH,GM,COAH,1
3296,municipal|20|20294|ayuntamiento|,2,municipal,20,20294,San Pablo Huitzo,ayuntamiento,,high,state:state_code;level:gobierno_nivel;muni:inegi;singleton-body,OAX-Presidencia Municipal de San Pablo Huitzo,OAX,GM,OAX,1
3297,municipal|20|20556|ayuntamiento|,1,municipal,20,20556,La Trinidad Vista Hermosa,ayuntamiento,,high,state:state_code;level:gobierno_nivel;muni:inegi;singleton-body,OAX-Presidencia Municipal de La Trinidad Vista Hermosa,OAX,GM,OAX,1
3298,municipal|11|11007|organismo|INSTITUTO MUNICIPAL DE VIVIENDA,1,municipal,11,11007,Celaya,organismo,INSTITUTO MUNICIPAL DE VIVIENDA,high,state:state_code;level:gobierno_nivel;muni:inegi,GTO-Instituto Municipal de Vivienda del municipio de Celaya,GTO,GM,GTO,1
3299,municipal|32|32031|ayuntamiento|,1,municipal,32,32031,Monte Escobedo,ayuntamiento,,high,state:state_code;level:gobierno_nivel;muni:inegi;singleton-body,ZAC-Presidencia Municipal de Monte Escobedo,ZAC,GM,ZAC,3
3300,municipal|21|21179|ayuntamiento|,1,municipal,21,21179,Tlachichuca,ayuntamiento,,high,state:state_code;level:gobierno_nivel;muni:inegi;singleton-body,PUE-Presidencia Municipal de Tlachichuca,PUE,GM,PUE,1
3301,municipal|26|26066|ayuntamiento|,1,municipal,26,26066,Ures,ayuntamiento,,high,state:state_code;level:gobierno_nivel;muni:inegi;singleton-body,SON-Presidencia Municipal de Ures,SON,GM,SON,5
3302,state|27||tecnologico superior (estatal)|INSTITUTO TECNOLOGICO SUPERIOR DE VILLA LA VENTA,1,state,27,,,tecnologico superior (estatal),INSTITUTO TECNOLOGICO SUPERIOR DE VILLA LA VENTA,high,state:state_code;level:gobierno_nivel,TAB-Instituto Tecnológico Superior de Villa La Venta,TAB,GE,TAB,2
3303,municipal|24|24013|organismo de agua|DIRECCION DE AGUA POTABLE ALCANTARILLADO Y SANEAMIENTO S L P,1,municipal,24,24013,Ciudad Valles,organismo de agua,DIRECCION DE AGUA POTABLE ALCANTARILLADO Y SANEAMIENTO S L P,high,state:state_code;level:gobierno_nivel;muni:inegi,"SLP-Dirección de Agua Potable, Alcantarillado y Saneamiento de Ciudad Valles, S.L.P. (DAPA)",SLP,GM,SLP,40
3304,municipal|05|05022|ayuntamiento|,1,municipal,05,05022,Nava,ayuntamiento,,high,state:state_code;level:gobierno_nivel;muni:inegi;singleton-body,COAH-Presidencia Municipal de Nava,COAH,GM,COAH,2
3305,municipal|26|26035|ayuntamiento|,2,municipal,26,26035,Imuris,ayuntamiento,,high,state:state_code;level:gobierno_nivel;muni:inegi;singleton-body,SON-Presidencia Municipal de Imuris,SON,GM,SON,9
3306,municipal|31|31009|ayuntamiento|,1,municipal,31,31009,Cansahcab,ayuntamiento,,high,state:state_code;level:gobierno_nivel;muni:inegi;singleton-body,YUC-Presidencia Municipal de Cansahcab,YUC,GM,YUC,1
3307,municipal|31|31051|ayuntamiento|,1,municipal,31,31051,Mocochá,ayuntamiento,,high,state:state_code;level:gobierno_nivel;muni:inegi;singleton-body,YUC-Presidencia Municipal de Mocochá,YUC,GM,YUC,1
3308,,,federal,,,,organismo,COMISION NACIONAL DE BIOETICA,n/a,level:gobierno_nivel,Comisión Nacional de Bioética,CNB,APF,,34
3309,,,federal,,,,organismo,ORGANISMO PROMOTOR DE INVERSIONES EN TELECOMUNICACIONES,n/a,level:gobierno_nivel,Organismo Promotor de Inversiones en Telecomunicaciones,PROMTEL,APF,,273
3310,,,federal,,,,organismo,AUTORIDAD FEDERAL PARA EL DESARROLLO DE LAS ZONAS ECONOMICAS ESPECIALES,n/a,level:gobierno_nivel,Autoridad Federal para el Desarrollo de las Zonas Económicas Especiales,ZEE,APF,,212
3311,state|31||secretaria|SECRETARIA DE INVESTIGACION INNOVACION Y EDUCACION SUPERIOR,1,state,31,,,secretaria,SECRETARIA DE INVESTIGACION INNOVACION Y EDUCACION SUPERIOR,high,state:state_code;level:gobierno_nivel,"YUC-Secretaría de Investigación, Innovación y Educación Superior (SIIES)",YUC,GE,YUC,7
3312,state|30||dif estatal|,1,state,30,,,dif estatal,,high,state:state_code;level:gobierno_nivel;singleton-body,VER-Sistema para el Desarrollo Integral de la Familia,VER,GE,VER,6
3313,municipal|07|07019|ayuntamiento|,1,municipal,07,07019,Comitán de Domínguez,ayuntamiento,,high,state:state_code;level:gobierno_nivel;muni:inegi;singleton-body,CHIS-Presidencia Municipal de Comitán de Domínguez,CHIS,GM,CHIS,10
3314,municipal|31|31076|ayuntamiento|,2,municipal,31,31076,Tecoh,ayuntamiento,,high,state:state_code;level:gobierno_nivel;muni:inegi;singleton-body,YUC-Presidencia Municipal de Tecoh,YUC,GM,YUC,2
3315,municipal|07|07084|ayuntamiento|,1,municipal,07,07084,Solosuchiapa,ayuntamiento,,high,state:state_code;level:gobierno_nivel;muni:inegi;singleton-body,CHIS-Presidencia Municipal de Solosuchiapa,CHIS,GM,CHIS,5
3316,municipal|26|26007|ayuntamiento|,1,municipal,26,26007,Atil,ayuntamiento,,high,state:state_code;level:gobierno_nivel;muni:inegi;singleton-body,SON-Presidencia Municipal de Atil,SON,GM,SON,8
3317,municipal|15|15069|ayuntamiento|,1,municipal,15,15069,Papalotla,ayuntamiento,,high,state:state_code;level:gobierno_nivel;muni:inegi;singleton-body,MEX-Presidencia Municipal de Papalotla,MEX,GM,MEX,9
3318,municipal|30|30062|ayuntamiento|,1,municipal,30,30062,Chocamán,ayuntamiento,,high,state:state_code;level:gobierno_nivel;muni:inegi;singleton-body,VER-Presidencia Municipal de Chocamán,VER,GM,VER,12
3319,municipal|29|29029|ayuntamiento|,1,municipal,29,29029,Tepeyanco,ayuntamiento,,high,state:state_code;level:gobierno_nivel;muni:inegi;singleton-body,TLAX-Presidencia Municipal de Tepeyanco,TLAX,GM,TLAX,22
3320,state|20||dif estatal|,1,state,20,,,dif estatal,,high,state:state_code;level:gobierno_nivel;singleton-body,OAX-Sistema para el Desarrollo Integral de la Familia en el Estado de Oaxaca,OAX,GE,OAX,14
3321,municipal|20|20401|ayuntamiento|,1,municipal,20,20401,Santa María Colotepec,ayuntamiento,,high,state:state_code;level:gobierno_nivel;muni:inegi;singleton-body,OAX-Presidencia Municipal de Santa María Colotepec,OAX,GM,OAX,1
3322,municipal|20|20026|ayuntamiento|,1,municipal,20,20026,Chalcatongo de Hidalgo,ayuntamiento,,high,state:state_code;text-state-overruled:13;level:gobierno_nivel;muni:inegi;singleton-body,OAX-Presidencia Municipal de Chalcatongo de Hidalgo,OAX,GM,OAX,10
3323,municipal|16|16099|ayuntamiento|,1,municipal,16,16099,Tuzantla,ayuntamiento,,high,state:state_code;level:gobierno_nivel;muni:inegi;singleton-body,MICH-Presidencia Municipal de Tuzantla,MICH,GM,MICH,50
3324,municipal|31|31005|ayuntamiento|,1,municipal,31,31005,Bokobá,ayuntamiento,,high,state:state_code;level:gobierno_nivel;muni:inegi;singleton-body,YUC-Presidencia Municipal de Bokobá,YUC,GM,YUC,1
3325,state|05||servicios de salud|,2,state,05,,,servicios de salud,,high,state:state_code;level:gobierno_nivel;singleton-body,COAH-Servicios de Salud de Coahuila,COAH,GE,COAH,138
3326,state|15||organismo|SISTEMA DE TRANSPORTE MASIVO Y TELEFERICO,1,state,15,,,organismo,SISTEMA DE TRANSPORTE MASIVO Y TELEFERICO,high,state:state_code;level:gobierno_nivel,MEX-Sistema de Transporte Masivo y Teleférico del Estado de México,MEX,GE,MEX,7
3327,municipal|18|18012|ayuntamiento|,1,municipal,18,18012,San Blas,ayuntamiento,,high,state:state_code;level:gobierno_nivel;muni:inegi;singleton-body,NAY-Presidencia Municipal de San Blas,NAY,GM,NAY,5
3328,state|22||organismo|COLEGIO DE EDUCACION PROFESIONAL Y TECNICA,2,state,22,,,organismo,COLEGIO DE EDUCACION PROFESIONAL Y TECNICA,high,state:state_code;level:gobierno_nivel,QRO-Colegio de Educación Profesional y Técnica del Estado de Querétaro,QRO,GE,QRO,3
3329,municipal|08|08044|ayuntamiento|,1,municipal,08,08044,Matamoros,ayuntamiento,,high,state:state_code;level:gobierno_nivel;muni:inegi;singleton-body,CHIH-Presidencia Municipal de Matamoros,CHIH,GM,CHIH,14
3330,municipal|26|26059|ayuntamiento|,1,municipal,26,26059,Santa Cruz,ayuntamiento,,high,state:state_code;level:gobierno_nivel;muni:inegi;singleton-body,SON-Presidencia Municipal de Santa Cruz,SON,GM,SON,7
3331,municipal|28|28021|organismo|COMAPA,1,municipal,28,28021,El Mante,organismo,COMAPA,high,state:name-prefix;level:gobierno_nivel;muni:inegi,TAMPS-COMAPA DEL MUNICIPIO DE MANTE,TAMPS,GM,,12
3332,municipal|13|13067|ayuntamiento|,1,municipal,13,13067,Tezontepec de Aldama,ayuntamiento,,high,state:state_code;level:gobierno_nivel;muni:inegi;singleton-body,HGO-Presidencia Municipal de Tezontepec de Aldama,HGO,GM,HGO,51
3333,municipal|16|16056|ayuntamiento|,1,municipal,16,16056,Nahuatzen,ayuntamiento,,high,state:state_code;level:gobierno_nivel;muni:inegi;singleton-body,MICH-Presidencia Municipal de Nahuatzen,MICH,GM,MICH,1
3334,state|07||secretaria|SECRETARIA DE LA CONTRALORIA GENERAL,1,state,07,,,secretaria,SECRETARIA DE LA CONTRALORIA GENERAL,high,state:state_code;level:gobierno_nivel,CHIS-Secretaría de la Contraloría General,CHIS,GE,CHIS,2
3335,state|25||organismo|REGIMEN ESTATAL DE PROTECCION SOCIAL EN SALUD,1,state,25,,,organismo,REGIMEN ESTATAL DE PROTECCION SOCIAL EN SALUD,high,state:state_code;level:gobierno_nivel,SIN-Régimen Estatal de Protección Social en Salud,SIN,GE,SIN,58
3336,municipal|07|07059|ayuntamiento|,2,municipal,07,07059,Ocosingo,ayuntamiento,,high,state:state_code;level:gobierno_nivel;muni:inegi;singleton-body,CHIS-Presidencia Municipal de Ocosingo,CHIS,GM,CHIS,53
3337,municipal|28|28025|ayuntamiento|,2,municipal,28,28025,Miguel Alemán,ayuntamiento,,high,state:name-prefix;level:gobierno_nivel;muni:inegi;singleton-body,TAMPS-Presidencia Municipal de Miguel Alemán,TAMPS,GM,,2
3338,municipal|15|15033|organismo de agua|ORGANISMO DESCENTRALIZADO DE AGUA POTABLE,1,municipal,15,15033,Ecatepec de Morelos,organismo de agua,ORGANISMO DESCENTRALIZADO DE AGUA POTABLE,high,state:state_code;level:gobierno_nivel;muni:inegi,MEX-ORGANISMO DESCENTRALIZADO DE AGUA POTABLE DE ECATEPEC,MEX,GM,MEX,12
3339,municipal|20|20500|ayuntamiento|,1,municipal,20,20500,Santiago Yosondúa,ayuntamiento,,high,state:state_code;level:gobierno_nivel;muni:inegi;singleton-body,OAX-Presidencia Municipal de Santiago Yosondúa,OAX,GM,OAX,5
3340,municipal|28|28026|ayuntamiento|,1,municipal,28,28026,Miquihuana,ayuntamiento,,high,state:name-prefix;level:gobierno_nivel;muni:inegi;singleton-body,TAMPS-Presidencia Municipal de Miquihuana,TAMPS,GM,,3
3341,municipal|31|31018|ayuntamiento|,1,municipal,31,31018,Chapab,ayuntamiento,,high,state:state_code;level:gobierno_nivel;muni:inegi;singleton-body,YUC-Presidencia Municipal de Chapab,YUC,GM,YUC,1
3342,municipal|20|20243|ayuntamiento|,1,municipal,20,20243,San Martín Tilcajete,ayuntamiento,,high,state:state_code;level:gobierno_nivel;muni:inegi;singleton-body,OAX-Presidencia Municipal de San Martín Tilcajete,OAX,GM,OAX,4
3343,,,federal,,,,organismo,AGENCIA REGULADORA DEL TRANSPORTE FERROVIARIO,n/a,level:gobierno_nivel,Agencia Reguladora del Transporte Ferroviario,ARTF,APF,,148
3344,municipal|20|20044|ayuntamiento|,1,municipal,20,20044,Loma Bonita,ayuntamiento,,high,state:state_code;level:gobierno_nivel;muni:inegi;singleton-body,OAX-Presidencia Municipal de Loma Bonita,OAX,GM,OAX,121
3345,state|16||colegio de bachilleres|COLEGIO DE BACHILLERES,1,state,16,,,colegio de bachilleres,COLEGIO DE BACHILLERES,high,state:state_code;level:gobierno_nivel,MICH-Colegio de Bachilleres del Estado de Michoacán,MICH,GE,MICH,6
3346,municipal|29|29016|ayuntamiento|,1,municipal,29,29016,Ixtenco,ayuntamiento,,high,state:state_code;level:gobierno_nivel;muni:inegi;singleton-body,TLAX-Presidencia Municipal de Ixtenco,TLAX,GM,TLAX,6
3347,municipal|07|07102|ayuntamiento|,1,municipal,07,07102,Tuxtla Chico,ayuntamiento,,high,state:state_code;level:gobierno_nivel;muni:inegi;singleton-body,CHIS-Presidencia Municipal de Tuxtla Chico,CHIS,GM,CHIS,6
3348,state|31||tecnologico superior (estatal)|INSTITUTO TECNOLOGICO SUPERIOR DEL SUR,1,state,31,,,tecnologico superior (estatal),INSTITUTO TECNOLOGICO SUPERIOR DEL SUR,high,state:state_code;level:gobierno_nivel,YUC-Instituto Tecnológico Superior del Sur del Estado de Yucatán,YUC,GE,YUC,9
3349,municipal|15|15045|ayuntamiento|,2,municipal,15,15045,Jilotepec,ayuntamiento,,high,state:state_code;level:gobierno_nivel;muni:inegi;singleton-body,MEX-Presidencia Municipal de Jilotepec,MEX,GM,MEX,21
3350,state|32||organismo de agua|JUNTA INTERMUNICIPAL DE AGUA POTABLE Y ALCANTARILLADO,1,state,32,,,organismo de agua,JUNTA INTERMUNICIPAL DE AGUA POTABLE Y ALCANTARILLADO,high,state:state_code;level:gobierno_nivel,ZAC-Junta Intermunicipal de Agua Potable y Alcantarillado de Zacatecas,ZAC,GE,ZAC,22
3351,municipal|26|26048|organismo de agua|ORGANISMO OPERADOR DE AGUA POTABLE Y SANEAMIENTO,1,municipal,26,26048,Puerto Peñasco,organismo de agua,ORGANISMO OPERADOR DE AGUA POTABLE Y SANEAMIENTO,high,state:state_code;level:gobierno_nivel;muni:inegi,SON-ORGANISMO OPERADOR DE AGUA POTABLE Y SANEAMIENTO DE PUERTO PEÑASCO,SON,GM,SON,7
3352,municipal|21|21096|ayuntamiento|,1,municipal,21,21096,Mazapiltepec de Juárez,ayuntamiento,,high,state:state_code;level:gobierno_nivel;muni:inegi;singleton-body,PUE-Presidencia Municipal de Mazapiltepec de Juárez,PUE,GM,PUE,3
3353,municipal|29|29018|ayuntamiento|,1,municipal,29,29018,Contla de Juan Cuamatzi,ayuntamiento,,high,state:state_code;level:gobierno_nivel;muni:inegi;singleton-body,TLAX-Presidencia Municipal de Contla de Juan Cuamatzi,TLAX,GM,TLAX,1
3354,municipal|20|20259|ayuntamiento|,1,municipal,20,20259,San Miguel Ahuehuetitlán,ayuntamiento,,high,state:state_code;level:gobierno_nivel;muni:inegi;singleton-body,OAX-Presidencia Municipal de San Miguel Ahuehuetitlán,OAX,GM,OAX,1
3355,municipal|20|20006|ayuntamiento|,1,municipal,20,20006,Asunción Nochixtlán,ayuntamiento,,high,state:state_code;level:gobierno_nivel;muni:inegi;singleton-body,OAX-Presidencia Municipal de Asunción Nochixtlán,OAX,GM,OAX,1
3356,municipal|28|28006|ayuntamiento|,1,municipal,28,28006,Bustamante,ayuntamiento,,high,state:name-prefix;level:gobierno_nivel;muni:inegi;singleton-body,TAMPS-Presidencia Municipal de Bustamante,TAMPS,GM,,7
3357,municipal|24|24026|ayuntamiento|,1,municipal,24,24026,San Antonio,ayuntamiento,,high,state:state_code;level:gobierno_nivel;muni:inegi;singleton-body,SLP-Presidencia Municipal de San Antonio,SLP,GM,SLP,1
3358,state|14||organismo|BOSQUE DE LA PRIMAVERA,1,state,14,,,organismo,BOSQUE DE LA PRIMAVERA,high,state:state_code;level:gobierno_nivel,JAL-Bosque de La Primavera,JAL,GE,JAL,10
3359,municipal|07|07062|ayuntamiento|,1,municipal,07,07062,Ostuacán,ayuntamiento,,high,state:state_code;level:gobierno_nivel;muni:inegi;singleton-body,CHIS-Presidencia Municipal de Ostuacán,CHIS,GM,CHIS,5
3360,municipal|30|30201|ayuntamiento|,1,municipal,30,30201,Zongolica,ayuntamiento,,high,state:state_code;level:gobierno_nivel;muni:inegi;singleton-body,VER-Presidencia Municipal de Zongolica,VER,GM,VER,6
3361,state|13||infraestructura educativa|INSTITUTO DE LA INFRAESTRUCTURA FISICA EDUCATIVA,2,state,13,,,infraestructura educativa,INSTITUTO DE LA INFRAESTRUCTURA FISICA EDUCATIVA,medium,state:state_code;level:gobierno_nivel;gentilicio-stripped,HGO-Instituto Hidalguense de la Infraestructura Física Educativa,HGO,GE,HGO,3
3362,municipal|10|10017|ayuntamiento|,1,municipal,10,10017,Ocampo,ayuntamiento,,high,state:state_code;level:gobierno_nivel;muni:inegi;singleton-body,DGO-Presidencia Municipal de Ocampo,DGO,GM,DGO,10
3363,municipal|31|31078|ayuntamiento|,1,municipal,31,31078,Tekantó,ayuntamiento,,high,state:state_code;level:gobierno_nivel;muni:inegi;singleton-body,YUC-Presidencia Municipal de Tekantó,YUC,GM,YUC,1
3364,municipal|11|11024|ayuntamiento|,1,municipal,11,11024,Pueblo Nuevo,ayuntamiento,,high,state:state_code;level:gobierno_nivel;muni:inegi;singleton-body,GTO-Presidencia Municipal de Pueblo Nuevo,GTO,GM,GTO,4
3365,municipal|21|21105|ayuntamiento|,1,municipal,21,21105,Ocotepec,ayuntamiento,,high,state:state_code;level:gobierno_nivel;muni:inegi;singleton-body,PUE-Presidencia Municipal de Ocotepec,PUE,GM,PUE,9
3366,municipal|20|20482|ayuntamiento|,2,municipal,20,20482,Santiago Pinotepa Nacional,ayuntamiento,,high,state:state_code;level:gobierno_nivel;muni:inegi;singleton-body,OAX-Presidencia Municipal de Santiago Pinotepa Nacional,OAX,GM,OAX,1
3367,municipal|20|20096|ayuntamiento|,1,municipal,20,20096,San Andrés Sinaxtla,ayuntamiento,,high,state:state_code;level:gobierno_nivel;muni:inegi;singleton-body,OAX-Presidencia Municipal de San Andrés Sinaxtla,OAX,GM,OAX,2
3368,municipal|13|13074|ayuntamiento|,1,municipal,13,13074,Tlaxcoapan,ayuntamiento,,high,state:state_code;level:gobierno_nivel;muni:inegi;singleton-body,HGO-Presidencia Municipal de Tlaxcoapan,HGO,GM,HGO,1
3369,municipal|13|13008|ayuntamiento|,1,municipal,13,13008,Apan,ayuntamiento,,high,state:state_code;level:gobierno_nivel;muni:inegi;singleton-body,HGO-Presidencia Municipal de Apan,HGO,GM,HGO,7
3370,state|26||organismo|COMISION DE FOMENTO AL TURISMO,1,state,26,,,organismo,COMISION DE FOMENTO AL TURISMO,high,state:state_code;level:gobierno_nivel,SON-Comisión de Fomento al Turismo del Estado de Sonora,SON,GE,SON,2
3371,municipal|06|06004|ayuntamiento|,1,municipal,06,06004,Coquimatlán,ayuntamiento,,high,state:state_code;level:gobierno_nivel;muni:inegi;singleton-body,COL-Presidencia Municipal de Coquimatlán,COL,GM,COL,4
3372,municipal|08|08062|ayuntamiento|,2,municipal,08,08062,Saucillo,ayuntamiento,,high,state:state_code;level:gobierno_nivel;muni:inegi;singleton-body,CHIH-Presidencia Municipal de Saucillo,CHIH,GM,CHIH,9
3373,municipal|13|13011|ayuntamiento|,1,municipal,13,13011,Atlapexco,ayuntamiento,,high,state:state_code;level:gobierno_nivel;muni:inegi;singleton-body,HGO-Presidencia Municipal de Atlapexco,HGO,GM,HGO,3
3374,municipal|29|29027|ayuntamiento|,1,municipal,29,29027,Tenancingo,ayuntamiento,,high,state:state_code;level:gobierno_nivel;muni:inegi;singleton-body,TLAX-Presidencia Municipal de Tenancingo,TLAX,GM,TLAX,4
3375,municipal|29|29056|ayuntamiento|,1,municipal,29,29056,Santa Ana Nopalucan,ayuntamiento,,high,state:state_code;level:gobierno_nivel;muni:inegi;singleton-body,TLAX-Presidencia Municipal de Santa Ana Nopalucan,TLAX,GM,TLAX,4
3376,municipal|26|26061|ayuntamiento|,1,municipal,26,26061,Soyopa,ayuntamiento,,high,state:state_code;level:gobierno_nivel;muni:inegi;singleton-body,SON-Presidencia Municipal de Soyopa,SON,GM,SON,8
3377,municipal|31|31013|ayuntamiento|,2,municipal,31,31013,Conkal,ayuntamiento,,high,state:state_code;level:gobierno_nivel;muni:inegi;singleton-body,YUC-Presidencia Municipal de Conkal,YUC,GM,YUC,1
3378,municipal|29|29059|ayuntamiento|,1,municipal,29,29059,Santa Cruz Quilehtla,ayuntamiento,,high,state:state_code;level:gobierno_nivel;muni:inegi;singleton-body,TLAX-Presidencia Municipal de Santa Cruz Quilehtla,TLAX,GM,TLAX,10
3379,municipal|20|20467|ayuntamiento|,1,municipal,20,20467,Santiago Jamiltepec,ayuntamiento,,high,state:state_code;level:gobierno_nivel;muni:inegi;singleton-body,OAX-Presidencia Municipal de Santiago Jamiltepec,OAX,GM,OAX,3
3380,state|22||organismo|CASA DE LAS ARTESANIAS,1,state,22,,,organismo,CASA DE LAS ARTESANIAS,medium,state:state_code;level:gobierno_nivel;gentilicio-stripped,QRO-Casa Queretana de las Artesanías,QRO,GE,QRO,12
3381,municipal|20|20477|ayuntamiento|,1,municipal,20,20477,Santiago Minas,ayuntamiento,,high,state:state_code;level:gobierno_nivel;muni:inegi;singleton-body,OAX-Presidencia Municipal de Santiago Minas,OAX,GM,OAX,7
3382,municipal|13|13054|ayuntamiento|,1,municipal,13,13054,San Salvador,ayuntamiento,,high,state:state_code;level:gobierno_nivel;muni:inegi;singleton-body,HGO-Presidencia Municipal de San Salvador,HGO,GM,HGO,6
3383,municipal|31|31044|ayuntamiento|,1,municipal,31,31044,Kinchil,ayuntamiento,,high,state:state_code;level:gobierno_nivel;muni:inegi;singleton-body,YUC-Presidencia Municipal de Kinchil,YUC,GM,YUC,1
3384,municipal|07|07015|ayuntamiento|,1,municipal,07,07015,Cacahoatán,ayuntamiento,,high,state:state_code;level:gobierno_nivel;muni:inegi;singleton-body,CHIS-Presidencia Municipal de Cacahoatán,CHIS,GM,CHIS,5
3385,municipal|31|31055|ayuntamiento|,1,municipal,31,31055,Opichén,ayuntamiento,,high,state:state_code;level:gobierno_nivel;muni:inegi;singleton-body,YUC-Presidencia Municipal de Opichén,YUC,GM,YUC,3
3386,municipal|08|08018|ayuntamiento|,1,municipal,08,08018,Cusihuiriachi,ayuntamiento,,high,state:state_code;level:gobierno_nivel;muni:inegi;singleton-body,CHIH-Presidencia Municipal de Cusihuiriachi,CHIH,GM,CHIH,8
3387,municipal|13|13071|ayuntamiento|,1,municipal,13,13071,Tlahuiltepa,ayuntamiento,,high,state:state_code;level:gobierno_nivel;muni:inegi;singleton-body,HGO-Presidencia Municipal de Tlahuiltepa,HGO,GM,HGO,6
3388,municipal|30|30172|ayuntamiento|,1,municipal,30,30172,Texistepec,ayuntamiento,,high,state:state_code;level:gobierno_nivel;muni:inegi;singleton-body,VER-Presidencia Municipal de Texistepec,VER,GM,VER,1
3389,municipal|19|19007|ayuntamiento|,1,municipal,19,19007,Aramberri,ayuntamiento,,high,state:state_code;level:gobierno_nivel;muni:inegi;singleton-body,NL-Presidencia Municipal de Aramberri,NL,GM,NL,1
3390,municipal|13|13005|ayuntamiento|,1,municipal,13,13005,Ajacuba,ayuntamiento,,high,state:state_code;level:gobierno_nivel;muni:inegi;singleton-body,HGO-Presidencia Municipal de Ajacuba,HGO,GM,HGO,10
3391,municipal|06|06003|ayuntamiento|,1,municipal,06,06003,Comala,ayuntamiento,,high,state:state_code;level:gobierno_nivel;muni:inegi;singleton-body,COL-Presidencia Municipal de Comala,COL,GM,COL,9
3392,municipal|29|29034|ayuntamiento|,1,municipal,29,29034,Tlaxco,ayuntamiento,,high,state:state_code;level:gobierno_nivel;muni:inegi;singleton-body,TLAX-Presidencia Municipal de Tlaxco,TLAX,GM,TLAX,25
3393,state|05||universidad estatal|UNIVERSIDAD AUTONOMA,2,state,05,,,universidad estatal,UNIVERSIDAD AUTONOMA,high,state:state_code;level:gobierno_nivel,COAH-Universidad Autónoma de Coahuila,COAH,GE,COAH,7
3394,municipal|31|31082|ayuntamiento|,1,municipal,31,31082,Telchac Pueblo,ayuntamiento,,high,state:state_code;level:gobierno_nivel;muni:inegi;singleton-body,YUC-Presidencia Municipal de Telchac Pueblo,YUC,GM,YUC,1
3395,municipal|26|26021|ayuntamiento|,2,municipal,26,26021,La Colorada,ayuntamiento,,high,state:state_code;level:gobierno_nivel;muni:inegi;singleton-body,SON-Presidencia Municipal de La Colorada,SON,GM,SON,10
3396,municipal|18|18010|ayuntamiento|,1,municipal,18,18010,Rosamorada,ayuntamiento,,high,state:state_code;level:gobierno_nivel;muni:inegi;singleton-body,NAY-Presidencia Municipal de Rosamorada,NAY,GM,NAY,8
3397,municipal|26|26058|ayuntamiento|,1,municipal,26,26058,Santa Ana,ayuntamiento,,high,state:state_code;level:gobierno_nivel;muni:inegi;singleton-body,SON-Presidencia Municipal de Santa Ana,SON,GM,SON,3
3398,municipal|14|14085|ayuntamiento|,1,municipal,14,14085,Tamazula de Gordiano,ayuntamiento,,high,state:state_code;level:gobierno_nivel;muni:inegi;singleton-body,JAL-Presidencia Municipal de Tamazula de Gordiano,JAL,GM,JAL,1
3399,municipal|20|20107|ayuntamiento|,1,municipal,20,20107,San Antonio de la Cal,ayuntamiento,,high,state:state_code;level:gobierno_nivel;muni:inegi;singleton-body,OAX-Presidencia Municipal de San Antonio de la Cal,OAX,GM,OAX,1
3400,municipal|29|29039|ayuntamiento|,1,municipal,29,29039,Xaloztoc,ayuntamiento,,high,state:state_code;level:gobierno_nivel;muni:inegi;singleton-body,TLAX-Presidencia Municipal de Xaloztoc,TLAX,GM,TLAX,10
3401,municipal|20|20398|ayuntamiento|,1,municipal,20,20398,Ayoquezco de Aldama,ayuntamiento,,high,state:state_code;level:gobierno_nivel;muni:inegi;singleton-body,OAX-Presidencia Municipal de Ayoquezco de Aldama,OAX,GM,OAX,2
3402,municipal|17|17027|ayuntamiento|,1,municipal,17,17027,Totolapan,ayuntamiento,,high,state:state_code;level:gobierno_nivel;muni:inegi;singleton-body,MOR-Presidencia Municipal de Totolapan,MOR,GM,MOR,1
3403,municipal|28|28030|ayuntamiento|,2,municipal,28,28030,Padilla,ayuntamiento,,high,state:name-prefix;level:gobierno_nivel;muni:inegi;singleton-body,TAMPS-Presidencia Municipal de Padilla,TAMPS,GM,,7
3404,state|30||universidad politecnica|UNIVERSIDAD POLITECNICA DE HUATUSCO,2,state,30,,,universidad politecnica,UNIVERSIDAD POLITECNICA DE HUATUSCO,high,state:state_code;level:gobierno_nivel,VER-Universidad Politécnica de Huatusco,VER,GE,VER,6
3405,municipal|29|29023|ayuntamiento|,1,municipal,29,29023,Natívitas,ayuntamiento,,high,state:state_code;level:gobierno_nivel;muni:inegi;singleton-body,TLAX-Presidencia Municipal de Natívitas,TLAX,GM,TLAX,9
3406,state|08||universidad tecnologica|UNIVERSIDAD TECNOLOGICA,1,state,08,,,universidad tecnologica,UNIVERSIDAD TECNOLOGICA,high,state:state_code;level:gobierno_nivel,CHIH-Universidad Tecnológica de Chihuahua,CHIH,GE,CHIH,20
3407,municipal|21|21048|ayuntamiento|,1,municipal,21,21048,Chiautzingo,ayuntamiento,,high,state:state_code;level:gobierno_nivel;muni:inegi;singleton-body,PUE-Presidencia Municipal de Chiautzingo,PUE,GM,PUE,1
3408,state|30||organismo|COLEGIO,1,state,30,,,organismo,COLEGIO,high,state:state_code;level:gobierno_nivel,VER-Colegio de Veracruz,VER,GE,VER,3
3409,municipal|26|26012|ayuntamiento|,1,municipal,26,26012,Bácum,ayuntamiento,,high,state:state_code;level:gobierno_nivel;muni:inegi;singleton-body,SON-Presidencia Municipal de Bácum,SON,GM,SON,1
3410,municipal|31|31029|ayuntamiento|,1,municipal,31,31029,Dzilam González,ayuntamiento,,high,state:state_code;level:gobierno_nivel;muni:inegi;singleton-body,YUC-Presidencia Municipal de Dzilam González,YUC,GM,YUC,2
3411,,,federal,,,,secretaria,SECRETARIA EJECUTIVA DEL SISTEMA NACIONAL ANTICORRUPCION,n/a,level:gobierno_nivel,Secretaría Ejecutiva del Sistema Nacional Anticorrupción,SESNA,APF,,112
3412,municipal|21|21040|ayuntamiento|,1,municipal,21,21040,Cuautinchán,ayuntamiento,,high,state:state_code;level:gobierno_nivel;muni:inegi;singleton-body,PUE-Presidencia Municipal de Cuautinchán,PUE,GM,PUE,3
3413,municipal|19|19010|ayuntamiento|,1,municipal,19,19010,El Carmen,ayuntamiento,,high,state:state_code;level:gobierno_nivel;muni:inegi;singleton-body,NL-Presidencia Municipal de Carmen,NL,GM,NL,2
3414,municipal|04|04002|organismo de agua|SISTEMA MUNICIPAL DE AGUA POTABLE Y ALCANTARILLADO,1,municipal,04,04002,Campeche,organismo de agua,SISTEMA MUNICIPAL DE AGUA POTABLE Y ALCANTARILLADO,high,state:state_code;level:gobierno_nivel;muni:inegi,CAMP-SISTEMA MUNICIPAL DE AGUA POTABLE Y ALCANTARILLADO DE CAMPECHE,CAMP,GM,CAMP,5
3415,municipal|28|28017|ayuntamiento|,2,municipal,28,28017,Jaumave,ayuntamiento,,high,state:name-prefix;level:gobierno_nivel;muni:inegi;singleton-body,TAMPS-Presidencia Municipal de Jaumave,TAMPS,GM,,27
3416,municipal|31|31032|ayuntamiento|,1,municipal,31,31032,Espita,ayuntamiento,,high,state:state_code;level:gobierno_nivel;muni:inegi;singleton-body,YUC-Presidencia Municipal de Espita,YUC,GM,YUC,1
3417,municipal|31|31020|ayuntamiento|,1,municipal,31,31020,Chicxulub Pueblo,ayuntamiento,,high,state:state_code;level:gobierno_nivel;muni:inegi;singleton-body,YUC-Presidencia Municipal de Chicxulub Pueblo,YUC,GM,YUC,1
3418,state|07||secretaria|SECRETARIA DE TURISMO,2,state,07,,,secretaria,SECRETARIA DE TURISMO,high,state:state_code;level:gobierno_nivel,CHIS-Secretaría de Turismo,CHIS,GE,CHIS,3
3419,municipal|10|10025|ayuntamiento|,1,municipal,10,10025,San Bernardo,ayuntamiento,,high,state:state_code;level:gobierno_nivel;muni:inegi;singleton-body,DGO-Presidencia Municipal de San Bernardo,DGO,GM,DGO,4
3420,municipal|28|28019|ayuntamiento|,2,municipal,28,28019,Llera,ayuntamiento,,high,state:name-prefix;level:gobierno_nivel;muni:inegi;singleton-body,TAMPS-Presidencia Municipal de Llera,TAMPS,GM,,10
3421,state|04||organismo|PROMOTORA DE EVENTOS ARTISTICOS CULTURALES Y DE CONVENCIONES,1,state,04,,,organismo,PROMOTORA DE EVENTOS ARTISTICOS CULTURALES Y DE CONVENCIONES,high,state:state_code;level:gobierno_nivel,"CAMP-Promotora de Eventos Artísticos, Culturales y de Convenciones del Estado de Campeche",CAMP,GE,CAMP,1
3422,municipal|20|20387|ayuntamiento|,1,municipal,20,20387,Santa Gertrudis,ayuntamiento,,high,state:state_code;level:gobierno_nivel;muni:inegi;singleton-body,OAX-Presidencia Municipal de Santa Gertrudis,OAX,GM,OAX,1
3423,municipal|13|13052|ayuntamiento|,2,municipal,13,13052,San Agustín Tlaxiaca,ayuntamiento,,high,state:state_code;level:gobierno_nivel;muni:inegi;singleton-body,HGO-Presidencia Municipal de San Agustín Tlaxiaca,HGO,GM,HGO,3
3424,municipal|08|08060|ayuntamiento|,1,municipal,08,08060,Santa Bárbara,ayuntamiento,,high,state:state_code;level:gobierno_nivel;muni:inegi;singleton-body,CHIH-Presidencia Municipal de Santa Bárbara,CHIH,GM,CHIH,9
3425,municipal|17|17029|ayuntamiento|,1,municipal,17,17029,Yautepec,ayuntamiento,,high,state:state_code;level:gobierno_nivel;muni:inegi;singleton-body,MOR-Presidencia Municipal de Yautepec,MOR,GM,MOR,6
3426,state|08||organismo|INSTITUTO DE SALUD,2,state,08,,,organismo,INSTITUTO DE SALUD,medium,state:state_code;level:gobierno_nivel;gentilicio-stripped,CHIH-Instituto Chihuahuense de Salud,CHIH,GE,CHIH,5
3427,municipal|28|28008|ayuntamiento|,2,municipal,28,28008,Casas,ayuntamiento,,high,state:name-prefix;level:gobierno_nivel;muni:inegi;singleton-body,TAMPS-Presidencia Municipal de Casas,TAMPS,GM,,15
3428,state|23||organismo|REGIMEN ESTATAL DE PROTECCION SOCIAL EN SALUD,1,state,23,,,organismo,REGIMEN ESTATAL DE PROTECCION SOCIAL EN SALUD,high,state:name-prefix;level:gobierno_nivel,Q ROO-Régimen Estatal de Protección Social en Salud de Quintana Roo,Q ROO,GE,,11
3429,municipal|07|07008|ayuntamiento|,1,municipal,07,07008,Ángel Albino Corzo,ayuntamiento,,high,state:state_code;level:gobierno_nivel;muni:inegi;singleton-body,CHIS-Presidencia Municipal de Angel Albino Corzo,CHIS,GM,CHIS,4
3430,state|20||universidad estatal|UNIVERSIDAD DE LA CANADA,1,state,20,,,universidad estatal,UNIVERSIDAD DE LA CANADA,high,state:state_code;level:gobierno_nivel,OAX-Universidad de la Cañada,OAX,GE,OAX,1
3431,municipal|15|15055|ayuntamiento|,1,municipal,15,15055,Mexicaltzingo,ayuntamiento,,high,state:state_code;level:gobierno_nivel;muni:inegi;singleton-body,MEX-Presidencia Municipal de Mexicaltzingo,MEX,GM,MEX,4
3432,municipal|20|20184|ayuntamiento|,1,municipal,20,20184,San Juan Bautista Tuxtepec,ayuntamiento,,high,state:state_code;level:gobierno_nivel;muni:inegi;singleton-body,OAX-Presidencia Municipal de San Juan Bautista Tuxtepec,OAX,GM,OAX,7
3433,municipal|08|08049|ayuntamiento|,1,municipal,08,08049,Nonoava,ayuntamiento,,high,state:state_code;level:gobierno_nivel;muni:inegi;singleton-body,CHIH-Presidencia Municipal de Nonoava,CHIH,GM,CHIH,3
3434,municipal|20|20104|ayuntamiento|,1,municipal,20,20104,San Antonino el Alto,ayuntamiento,,high,state:state_code;level:gobierno_nivel;muni:inegi;singleton-body,OAX-Presidencia Municipal de San Antonino el Alto,OAX,GM,OAX,3
3435,state|05||organismo|INSTITUTO DE CAPACITACION PARA EL TRABAJO,2,state,05,,,organismo,INSTITUTO DE CAPACITACION PARA EL TRABAJO,high,state:state_code;level:gobierno_nivel,COAH-Instituto de Capacitación para el Trabajo,COAH,GE,COAH,1
3436,municipal|20|20261|ayuntamiento|,1,municipal,20,20261,San Miguel Amatitlán,ayuntamiento,,high,state:state_code;level:gobierno_nivel;muni:inegi;singleton-body,OAX-Presidencia Municipal de San Miguel Amatitlán,OAX,GM,OAX,1
3437,municipal|26|26004|ayuntamiento|,2,municipal,26,26004,Altar,ayuntamiento,,high,state:state_code;level:gobierno_nivel;muni:inegi;singleton-body,SON-Presidencia Municipal de Altar,SON,GM,SON,4
3438,municipal|08|08057|ayuntamiento|,1,municipal,08,08057,San Francisco de Borja,ayuntamiento,,high,state:state_code;level:gobierno_nivel;muni:inegi;singleton-body,CHIH-Presidencia Municipal de San Francisco de Borja,CHIH,GM,CHIH,2
3439,municipal|30|30029|ayuntamiento|,2,municipal,30,30029,Calcahualco,ayuntamiento,,high,state:state_code;level:gobierno_nivel;muni:inegi;singleton-body,VER-Presidencia Municipal de Calcahualco,VER,GM,VER,2
3440,municipal|20|20570|ayuntamiento|,1,municipal,20,20570,Zimatlán de Álvarez,ayuntamiento,,high,state:state_code;level:gobierno_nivel;muni:inegi;singleton-body,OAX-Presidencia Municipal de Zimatlán de Álvarez,OAX,GM,OAX,5
3441,municipal|24|24012|ayuntamiento|,1,municipal,24,24012,Tancanhuitz,ayuntamiento,,high,state:state_code;level:gobierno_nivel;muni:inegi;singleton-body,SLP-Presidencia Municipal de Tancanhuitz,SLP,GM,SLP,6
3442,municipal|20|20386|ayuntamiento|,1,municipal,20,20386,Santa Cruz Zenzontepec,ayuntamiento,,high,state:state_code;level:gobierno_nivel;muni:inegi;singleton-body,OAX-Presidencia Municipal de Santa Cruz Zenzontepec,OAX,GM,OAX,3
3443,state|16||organismo|INSTITUTO DE VIVIENDA,1,state,16,,,organismo,INSTITUTO DE VIVIENDA,high,state:state_code;level:gobierno_nivel,MICH-Instituto de Vivienda del Estado de Michoacán,MICH,GE,MICH,1
3444,municipal|31|31008|ayuntamiento|,2,municipal,31,31008,Calotmul,ayuntamiento,,high,state:state_code;level:gobierno_nivel;muni:inegi;singleton-body,YUC-Presidencia Municipal de Calotmul,YUC,GM,YUC,1
3445,municipal|08|08040|ayuntamiento|,1,municipal,08,08040,Madera,ayuntamiento,,high,state:state_code;level:gobierno_nivel;muni:inegi;singleton-body,CHIH-Presidencia Municipal de Madera,CHIH,GM,CHIH,2
3446,,,federal,,,,organismo,FONDO DE EMPRESAS EXPROPIADAS DEL SECTOR AZUCARERO,n/a,level:gobierno_nivel,Fondo de Empresas Expropiadas del Sector Azucarero,FEESA,APF,,55
3447,municipal|15|15013|organismo de agua|SERVICIOS DE AGUA POTABLE ALCANTARILLADO Y SANEAMIENTO,1,municipal,15,15013,Atizapán de Zaragoza,organismo de agua,SERVICIOS DE AGUA POTABLE ALCANTARILLADO Y SANEAMIENTO,high,state:state_code;level:gobierno_nivel;muni:inegi,"MEX-Servicios de Agua Potable, Alcantarillado y Saneamiento de Atizapán de Zaragoza (SAPASA)",MEX,GM,MEX,2
3448,municipal|30|30041|ayuntamiento|,1,municipal,30,30041,Coetzala,ayuntamiento,,high,state:state_code;level:gobierno_nivel;muni:inegi;singleton-body,VER-Presidencia Municipal de Coetzala,VER,GM,VER,3
3449,municipal|32|32045|ayuntamiento|,1,municipal,32,32045,Tepechitlán,ayuntamiento,,high,state:state_code;level:gobierno_nivel;muni:inegi;singleton-body,ZAC-Presidencia Municipal de Tepechitlán,ZAC,GM,ZAC,16
3450,municipal|20|20530|ayuntamiento|,1,municipal,20,20530,Santo Tomás Jalieza,ayuntamiento,,high,state:state_code;level:gobierno_nivel;muni:inegi;singleton-body,OAX-Presidencia Municipal de Santo Tomás Jalieza,OAX,GM,OAX,5
3451,municipal|31|31045|ayuntamiento|,1,municipal,31,31045,Kopomá,ayuntamiento,,high,state:state_code;level:gobierno_nivel;muni:inegi;singleton-body,YUC-Presidencia Municipal de Kopomá,YUC,GM,YUC,1
3452,municipal|26|26052|ayuntamiento|,1,municipal,26,26052,Sahuaripa,ayuntamiento,,high,state:state_code;level:gobierno_nivel;muni:inegi;singleton-body,SON-Presidencia Municipal de Sahuaripa,SON,GM,SON,6
3453,municipal|19|19015|ayuntamiento|,1,municipal,19,19015,Doctor Coss,ayuntamiento,,high,state:state_code;level:gobierno_nivel;muni:inegi;singleton-body,NL-Presidencia Municipal de Dr. Coss,NL,GM,NL,6
3454,municipal|15|15086|ayuntamiento|,2,municipal,15,15086,Temascaltepec,ayuntamiento,,high,state:state_code;level:gobierno_nivel;muni:inegi;singleton-body,MEX-Presidencia Municipal de Temascaltepec,MEX,GM,MEX,1
3455,municipal|15|15005|ayuntamiento|,1,municipal,15,15005,Almoloya de Juárez,ayuntamiento,,high,state:state_code;level:gobierno_nivel;muni:inegi;singleton-body,MEX-Presidencia Municipal de Almoloya de Juárez,MEX,GM,MEX,5
3456,municipal|31|31077|ayuntamiento|,1,municipal,31,31077,Tekal de Venegas,ayuntamiento,,high,state:state_code;level:gobierno_nivel;muni:inegi;singleton-body,YUC-Presidencia Municipal de Tekal de Venegas,YUC,GM,YUC,3
3457,municipal|08|08067|ayuntamiento|,1,municipal,08,08067,Valle de Zaragoza,ayuntamiento,,high,state:state_code;level:gobierno_nivel;muni:inegi;singleton-body,CHIH-Presidencia Municipal de Valle de Zaragoza,CHIH,GM,CHIH,1
3458,municipal|20|20456|ayuntamiento|,1,municipal,20,20456,Santiago Cacaloxtepec,ayuntamiento,,high,state:state_code;level:gobierno_nivel;muni:inegi;singleton-body,OAX-Presidencia Municipal de Santiago Cacaloxtepec,OAX,GM,OAX,1
3459,municipal|20|20404|ayuntamiento|,1,municipal,20,20404,Santa María Chachoápam,ayuntamiento,,high,state:state_code;level:gobierno_nivel;muni:inegi;singleton-body,OAX-Presidencia Municipal de Santa María Chachoápam,OAX,GM,OAX,2
3460,state|05||universidad tecnologica|UNIVERSIDAD TECNOLOGICA DE LA REGION CENTRO,1,state,05,,,universidad tecnologica,UNIVERSIDAD TECNOLOGICA DE LA REGION CENTRO,high,state:state_code;level:gobierno_nivel,COAH-Universidad Tecnológica de la Región Centro de Coahuila,COAH,GE,COAH,11
3461,municipal|28|28013|ayuntamiento|,2,municipal,28,28013,Güémez,ayuntamiento,,high,state:name-prefix;level:gobierno_nivel;muni:inegi;singleton-body,TAMPS-Presidencia Municipal de Güémez,TAMPS,GM,,8
3462,municipal|26|26056|ayuntamiento|,2,municipal,26,26056,San Miguel de Horcasitas,ayuntamiento,,high,state:state_code;level:gobierno_nivel;muni:inegi;singleton-body,SON-Presidencia Municipal de San Miguel de Horcasitas,SON,GM,SON,2
3463,municipal|26|26013|ayuntamiento|,1,municipal,26,26013,Banámichi,ayuntamiento,,high,state:state_code;level:gobierno_nivel;muni:inegi;singleton-body,SON-Presidencia Municipal de Banámichi,SON,GM,SON,2
3464,municipal|20|20476|ayuntamiento|,1,municipal,20,20476,Santiago Miltepec,ayuntamiento,,high,state:state_code;level:gobierno_nivel;muni:inegi;singleton-body,OAX-Presidencia Municipal de Santiago Miltepec,OAX,GM,OAX,2
3465,municipal|20|20124|ayuntamiento|,1,municipal,20,20124,Heroica Villa de San Blas Atempa,ayuntamiento,,high,state:state_code;level:gobierno_nivel;muni:inegi;singleton-body,OAX-Presidencia Municipal de San Blas Atempa,OAX,GM,OAX,1
3466,municipal|26|26041|ayuntamiento|,1,municipal,26,26041,Nacozari de García,ayuntamiento,,high,state:state_code;level:gobierno_nivel;muni:inegi;singleton-body,SON-Presidencia Municipal de Nacozari de García,SON,GM,SON,2
3467,municipal|11|11006|ayuntamiento|,1,municipal,11,11006,Atarjea,ayuntamiento,,high,state:state_code;level:gobierno_nivel;muni:inegi;singleton-body,GTO-Presidencia Municipal de Atarjea,GTO,GM,GTO,1
3468,municipal|29|29040|ayuntamiento|,1,municipal,29,29040,Xaltocan,ayuntamiento,,high,state:state_code;level:gobierno_nivel;muni:inegi;singleton-body,TLAX-Presidencia Municipal de Xaltocan,TLAX,GM,TLAX,1
3469,municipal|14|14047|ayuntamiento|,1,municipal,14,14047,Jamay,ayuntamiento,,high,state:state_code;level:gobierno_nivel;muni:inegi;singleton-body,JAL-Presidencia Municipal de Jamay,JAL,GM,JAL,1
3470,municipal|15|15078|ayuntamiento|,1,municipal,15,15078,Santo Tomás,ayuntamiento,,high,state:state_code;level:gobierno_nivel;muni:inegi;singleton-body,MEX-Presidencia Municipal de Santo Tomás,MEX,GM,MEX,4
3471,municipal|30|30036|ayuntamiento|,1,municipal,30,30036,Coacoatzintla,ayuntamiento,,high,state:state_code;level:gobierno_nivel;muni:inegi;singleton-body,VER-Presidencia Municipal de Coacoatzintla,VER,GM,VER,3
3472,municipal|29|29054|ayuntamiento|,1,municipal,29,29054,San Lorenzo Axocomanitla,ayuntamiento,,high,state:state_code;level:gobierno_nivel;muni:inegi;singleton-body,TLAX-Presidencia Municipal de San Lorenzo Axocomanitla,TLAX,GM,TLAX,5
3473,state|15||tecnologico superior (estatal)|TECNOLOGICO DE ESTUDIOS SUPERIORES DE COACALCO,2,state,15,,,tecnologico superior (estatal),TECNOLOGICO DE ESTUDIOS SUPERIORES DE COACALCO,high,state:state_code;level:gobierno_nivel,MEX-Tecnológico de Estudios Superiores de Coacalco,MEX,GE,MEX,1
3474,municipal|08|08026|ayuntamiento|,1,municipal,08,08026,Gran Morelos,ayuntamiento,,high,state:state_code;level:gobierno_nivel;muni:inegi;singleton-body,CHIH-Presidencia Municipal de Gran Morelos,CHIH,GM,CHIH,4
3475,municipal|20|20237|ayuntamiento|,1,municipal,20,20237,San Marcos Arteaga,ayuntamiento,,high,state:state_code;level:gobierno_nivel;muni:inegi;singleton-body,OAX-Presidencia Municipal de San Marcos Arteaga,OAX,GM,OAX,1
3476,municipal|30|30056|ayuntamiento|,1,municipal,30,30056,Chiconamel,ayuntamiento,,high,state:state_code;level:gobierno_nivel;muni:inegi;singleton-body,VER-Presidencia Municipal de Chiconamel,VER,GM,VER,1
3477,municipal|20|20473|ayuntamiento|,2,municipal,20,20473,Santiago Laxopa,ayuntamiento,,high,state:state_code;level:gobierno_nivel;muni:inegi;singleton-body,OAX-Presidencia Municipal de Santiago Laxopa,OAX,GM,OAX,2
3478,municipal|10|10039|organismo de agua|ORGANISMO DE AGUA Y ALCANTARILLADO,1,municipal,10,10039,Nuevo Ideal,organismo de agua,ORGANISMO DE AGUA Y ALCANTARILLADO,high,state:state_code;level:gobierno_nivel;muni:inegi,DGO- Organismo de Agua y Alcantarillado de Nuevo Ideal,DGO,GM,DGO,1
3479,municipal|26|26068|ayuntamiento|,1,municipal,26,26068,Villa Pesqueira,ayuntamiento,,high,state:state_code;level:gobierno_nivel;muni:inegi;singleton-body,SON-Presidencia Municipal de Villa Pesqueira,SON,GM,SON,2
3480,state|20||universidad estatal|UNIVERSIDAD DE LA COSTA,1,state,20,,,universidad estatal,UNIVERSIDAD DE LA COSTA,high,state:state_code;level:gobierno_nivel,OAX-Universidad de la Costa,OAX,GE,OAX,1
3481,municipal|21|21184|ayuntamiento|,1,municipal,21,21184,Tlapacoya,ayuntamiento,,high,state:state_code;level:gobierno_nivel;muni:inegi;singleton-body,PUE-Presidencia Municipal de Tlapacoya,PUE,GM,PUE,2
3482,municipal|29|29020|ayuntamiento|,1,municipal,29,29020,Sanctórum de Lázaro Cárdenas,ayuntamiento,,high,state:state_code;level:gobierno_nivel;muni:inegi;singleton-body,TLAX-Presidencia Municipal de Sanctórum de Lázaro Cárdenas,TLAX,GM,TLAX,1
3483,municipal|20|20368|ayuntamiento|,1,municipal,20,20368,Santa Catarina Minas,ayuntamiento,,high,state:state_code;level:gobierno_nivel;muni:inegi;singleton-body,OAX-Presidencia Municipal de Santa Catarina Minas,OAX,GM,OAX,2
3484,municipal|26|26023|ayuntamiento|,1,municipal,26,26023,Cumpas,ayuntamiento,,high,state:state_code;level:gobierno_nivel;muni:inegi;singleton-body,SON-Presidencia Municipal de Cumpas,SON,GM,SON,3
3485,municipal|20|20036|ayuntamiento|,1,municipal,20,20036,Guevea de Humboldt,ayuntamiento,,high,state:state_code;level:gobierno_nivel;muni:inegi;singleton-body,OAX-Presidencia Municipal de Guevea de Humboldt,OAX,GM,OAX,2
3486,municipal|28|28016|ayuntamiento|,2,municipal,28,28016,Hidalgo,ayuntamiento,,high,state:name-prefix;text-state-overruled:13;level:gobierno_nivel;muni:inegi;singleton-body,TAMPS-Presidencia Municipal de Hidalgo,TAMPS,GM,,2
3487,state|31||universidad tecnologica|UNIVERSIDAD TECNOLOGICA DEL CENTRO,1,state,31,,,universidad tecnologica,UNIVERSIDAD TECNOLOGICA DEL CENTRO,high,state:state_code;level:gobierno_nivel,YUC-Universidad Tecnológica del Centro,YUC,GE,YUC,3
3488,municipal|31|31075|ayuntamiento|,1,municipal,31,31075,Teabo,ayuntamiento,,high,state:state_code;level:gobierno_nivel;muni:inegi;singleton-body,YUC-Presidencia Municipal de Teabo,YUC,GM,YUC,1
3489,municipal|20|20550|ayuntamiento|,1,municipal,20,20550,San Jerónimo Tlacochahuaya,ayuntamiento,,high,state:state_code;level:gobierno_nivel;muni:inegi;singleton-body,OAX-Presidencia Municipal de San Jerónimo Tlacochahuaya,OAX,GM,OAX,3
3490,municipal|07|07066|ayuntamiento|,1,municipal,07,07066,Pantelhó,ayuntamiento,,high,state:state_code;level:gobierno_nivel;muni:inegi;singleton-body,CHIS-Presidencia Municipal de Pantelhó,CHIS,GM,CHIS,1
3491,municipal|12|12023|ayuntamiento|,1,municipal,12,12023,Cuajinicuilapa,ayuntamiento,,high,state:state_code;level:gobierno_nivel;muni:inegi;singleton-body,GRO-Presidencia Municipal de Cuajinicuilapa,GRO,GM,GRO,1
3492,state|29||poder judicial|,1,state,29,,,poder judicial,,high,state:state_code;level:gobierno_nivel;singleton-body,TLAX-Tribunal Superior de Justicia,TLAX,GE,TLAX,2
3493,municipal|15|15101|ayuntamiento|,2,municipal,15,15101,Tianguistenco,ayuntamiento,,high,state:state_code;level:gobierno_nivel;muni:inegi;singleton-body,MEX-Presidencia Municipal de Tianguistenco,MEX,GM,MEX,2
3494,municipal|20|20001|ayuntamiento|,1,municipal,20,20001,Abejones,ayuntamiento,,high,state:state_code;level:gobierno_nivel;muni:inegi;singleton-body,OAX-Presidencia Municipal de Abejones,OAX,GM,OAX,1
3495,municipal|14|14105|ayuntamiento|,1,municipal,14,14105,Tototlán,ayuntamiento,,high,state:state_code;level:gobierno_nivel;muni:inegi;singleton-body,JAL-Presidencia Municipal de Tototlán,JAL,GM,JAL,1
3496,state|29||organismo de agua|COMISION DE AGUA,1,state,29,,,organismo de agua,COMISION DE AGUA,high,state:state_code;level:gobierno_nivel,TLAX-Comisión Estatal de Agua de Tlaxcala,TLAX,GE,TLAX,1
3497,municipal|20|20283|ayuntamiento|,1,municipal,20,20283,San Miguel Tequixtepec,ayuntamiento,,high,state:state_code;level:gobierno_nivel;muni:inegi;singleton-body,OAX-Presidencia Municipal de San Miguel Tequixtepec,OAX,GM,OAX,1
3498,state|07||universidad intercultural|UNIVERSIDAD INTERCULTURAL,2,state,07,,,universidad intercultural,UNIVERSIDAD INTERCULTURAL,high,state:state_code;level:gobierno_nivel,CHIS-Universidad Intercultural de Chiapas,CHIS,GE,CHIS,1
3499,municipal|23|23011|ayuntamiento|,1,municipal,23,23011,Puerto Morelos,ayuntamiento,,high,state:name-prefix;level:gobierno_nivel;muni:inegi;singleton-body,Q ROO-Presidencia Municipal de Puerto Morelos,Q ROO,GM,,2
3500,municipal|20|20504|ayuntamiento|,1,municipal,20,20504,Nuevo Zoquiápam,ayuntamiento,,high,state:state_code;level:gobierno_nivel;muni:inegi;singleton-body,OAX-Presidencia Municipal de Nuevo Zoquiápam,OAX,GM,OAX,1
3501,municipal|20|20455|ayuntamiento|,1,municipal,20,20455,Santiago Ayuquililla,ayuntamiento,,high,state:state_code;level:gobierno_nivel;muni:inegi;singleton-body,OAX-Presidencia Municipal de Santiago Ayuquililla,OAX,GM,OAX,1
3502,municipal|21|21175|ayuntamiento|,1,municipal,21,21175,Tianguismanalco,ayuntamiento,,high,state:state_code;level:gobierno_nivel;muni:inegi;singleton-body,PUE-Presidencia Municipal de Tianguismanalco,PUE,GM,PUE,1
3503,,,federal,,,,organismo,COORDINACION NACIONAL DE BECAS PARA EL BIENESTAR BENITO JUAREZ,n/a,level:gobierno_nivel,Coordinacion Nacional de Becas para el Bienestar Benito Juarez,CNBBBJ,APF,,1695
3504,state|15||organismo|SERVICIOS EDUCATIVOS INTEGRADOS AL,2,state,15,,,organismo,SERVICIOS EDUCATIVOS INTEGRADOS AL,high,state:state_code;level:gobierno_nivel,MEX-Servicios Educativos Integrados al Estado de México,MEX,GE,MEX,49
3505,municipal|16|16075|organismo|S A P A D,1,municipal,16,16075,Los Reyes,organismo,S A P A D,high,state:state_code;level:gobierno_nivel;muni:inegi,MICH-S.A.P.A.D. LOS REYES,MICH,GM,MICH,1
3506,,,autonomous,,,,organismo,INSTITUTO NACIONAL DE TRANSPARENCIA ACCESO A LA INFORMACION Y PROTECCION DE DATOS PERSONALES,n/a,level:gobierno_nivel,"Instituto Nacional de Transparencia, Acceso a la Información y Protección de Datos Personales",INAI,APF,,540
3507,state|31||tecnologico superior (estatal)|INSTITUTO TECNOLOGICO SUPERIOR DE VALLADOLID,1,state,31,,,tecnologico superior (estatal),INSTITUTO TECNOLOGICO SUPERIOR DE VALLADOLID,high,state:state_code;level:gobierno_nivel,YUC-Instituto Tecnológico Superior de Valladolid,YUC,GE,YUC,2
3508,municipal|29|29048|ayuntamiento|,2,municipal,29,29048,La Magdalena Tlaltelulco,ayuntamiento,,high,state:state_code;level:gobierno_nivel;muni:inegi;singleton-body,TLAX-Presidencia Municipal de La Magdalena Tlaltelulco,TLAX,GM,TLAX,4
3509,municipal|15|15006|ayuntamiento|,1,municipal,15,15006,Almoloya del Río,ayuntamiento,,high,state:state_code;level:gobierno_nivel;muni:inegi;singleton-body,MEX-Presidencia Municipal de Almoloya del Río,MEX,GM,MEX,1
3510,state|09||secretaria|SECRETARIA DE SEGURIDAD CIUDADANA,2,state,09,,,secretaria,SECRETARIA DE SEGURIDAD CIUDADANA,high,state:state_code;level:gobierno_nivel,CDMX-Secretaría de Seguridad Ciudadana de la Ciudad de México,CDMX,GE,CDMX,14
3511,state|25||universidad estatal|UNIVERSIDAD AUTONOMA,2,state,25,,,universidad estatal,UNIVERSIDAD AUTONOMA,high,state:state_code;level:gobierno_nivel,SIN-Universidad Autónoma de Sinaloa,SIN,GE,SIN,11
3512,state|21||secretaria|SECRETARIA DE ADMINISTRACION,1,state,21,,,secretaria,SECRETARIA DE ADMINISTRACION,high,state:state_code;level:gobierno_nivel,PUE-Secretaría de Administración,PUE,GE,PUE,71
3513,state|30||tecnologico superior (estatal)|INSTITUTO TECNOLOGICO SUPERIOR DE ZONGOLICA,1,state,30,,,tecnologico superior (estatal),INSTITUTO TECNOLOGICO SUPERIOR DE ZONGOLICA,high,state:state_code;level:gobierno_nivel,VER-Instituto Tecnológico Superior de Zongolica,VER,GE,VER,14
3514,state|30||tecnologico superior (estatal)|INSTITUTO TECNOLOGICO SUPERIOR DE HUATUSCO,1,state,30,,,tecnologico superior (estatal),INSTITUTO TECNOLOGICO SUPERIOR DE HUATUSCO,high,state:state_code;level:gobierno_nivel,VER-Instituto Tecnológico Superior de Huatusco,VER,GE,VER,18
3515,state|27||secretaria|SECRETARIA DE ORDENAMIENTO TERRITORIAL Y OBRAS PUBLICAS,2,state,27,,,secretaria,SECRETARIA DE ORDENAMIENTO TERRITORIAL Y OBRAS PUBLICAS,high,state:state_code;level:gobierno_nivel,TAB-Secretaría de Ordenamiento Territorial y Obras Públicas,TAB,GE,TAB,39
3516,municipal|18|18011|ayuntamiento|,1,municipal,18,18011,Ruiz,ayuntamiento,,high,state:state_code;level:gobierno_nivel;muni:inegi;singleton-body,NAY-Presidencia Municipal de Ruíz,NAY,GM,NAY,7
3517,state|18||organismo|SERVICIOS DE EDUCACION PUBLICA,2,state,18,,,organismo,SERVICIOS DE EDUCACION PUBLICA,high,state:state_code;level:gobierno_nivel,NAY-Servicios de Educación Pública del Estado de Nayarit,NAY,GE,NAY,13
3518,municipal|15|15113|ayuntamiento|,1,municipal,15,15113,Villa Guerrero,ayuntamiento,,high,state:state_code;level:gobierno_nivel;muni:inegi;singleton-body,MEX-Presidencia Municipal de Villa Guerrero,MEX,GM,MEX,1
3519,municipal|15|15012|ayuntamiento|,1,municipal,15,15012,Atizapán,ayuntamiento,,high,state:state_code;level:gobierno_nivel;muni:inegi;singleton-body,MEX-Presidencia Municipal de Atizapán,MEX,GM,MEX,6
3520,state|07||secretaria|SECRETARIA DE OBRAS PUBLICAS,2,state,07,,,secretaria,SECRETARIA DE OBRAS PUBLICAS,high,state:state_code;level:gobierno_nivel,CHIS-Secretaría de Obras Públicas,CHIS,GE,CHIS,43
3521,municipal|28|28010|ayuntamiento|,2,municipal,28,28010,Cruillas,ayuntamiento,,high,state:name-prefix;level:gobierno_nivel;muni:inegi;singleton-body,TAMPS-Presidencia Municipal de Cruillas,TAMPS,GM,,9
3522,state|32||secretaria|SECRETARIA DE DESARROLLO URBANO VIVIENDA Y ORDENAMIENTO TERRITORIAL,1,state,32,,,secretaria,SECRETARIA DE DESARROLLO URBANO VIVIENDA Y ORDENAMIENTO TERRITORIAL,high,state:state_code;level:gobierno_nivel,"ZAC-Secretaría de Desarrollo Urbano, Vivienda y Ordenamiento Territorial",ZAC,GE,ZAC,5
3523,state|31||secretaria|SECRETARIA DE FOMENTO ECONOMICO,1,state,31,,,secretaria,SECRETARIA DE FOMENTO ECONOMICO,high,state:state_code;level:gobierno_nivel,YUC-Secretaría de Fomento Económico,YUC,GE,YUC,6
3524,municipal|20|20133|ayuntamiento|,1,municipal,20,20133,San Esteban Atatlahuca,ayuntamiento,,high,state:state_code;level:gobierno_nivel;muni:inegi;singleton-body,OAX-Presidencia Municipal de San Esteban Atatlahuca,OAX,GM,OAX,6
3525,municipal|20|20413|ayuntamiento|,1,municipal,20,20413,Santa María Huatulco,ayuntamiento,,high,state:state_code;level:gobierno_nivel;muni:inegi;singleton-body,OAX-Presidencia Municipal de Santa María Huatulco,OAX,GM,OAX,4
3526,municipal|30|30022|ayuntamiento|,1,municipal,30,30022,Atzacan,ayuntamiento,,high,state:state_code;level:gobierno_nivel;muni:inegi;singleton-body,VER-Presidencia Municipal de Atzacan,VER,GM,VER,1
3527,state|14||secretaria|SECRETARIA DE ADMINISTRACION,2,state,14,,,secretaria,SECRETARIA DE ADMINISTRACION,high,state:state_code;level:gobierno_nivel,JAL-Secretaría de Administración,JAL,GE,JAL,67
3528,municipal|30|30152|ayuntamiento|,2,municipal,30,30152,Tampico Alto,ayuntamiento,,high,state:state_code;level:gobierno_nivel;muni:inegi;singleton-body,VER-Presidencia Municipal de Tampico Alto,VER,GM,VER,1
3529,municipal|18|18019|ayuntamiento|,1,municipal,18,18019,La Yesca,ayuntamiento,,high,state:state_code;level:gobierno_nivel;muni:inegi;singleton-body,NAY-Presidencia Municipal de La Yesca,NAY,GM,NAY,2
3530,municipal|31|31039|ayuntamiento|,1,municipal,31,31039,Ixil,ayuntamiento,,high,state:state_code;level:gobierno_nivel;muni:inegi;singleton-body,YUC-Presidencia Municipal de Ixil,YUC,GM,YUC,1
3531,municipal|28|28028|ayuntamiento|,2,municipal,28,28028,Nuevo Morelos,ayuntamiento,,high,state:name-prefix;level:gobierno_nivel;muni:inegi;singleton-body,TAMPS-Presidencia Municipal de Nuevo Morelos,TAMPS,GM,,4
3532,municipal|18|18009|ayuntamiento|,1,municipal,18,18009,Del Nayar,ayuntamiento,,high,state:state_code;level:gobierno_nivel;muni:inegi;singleton-body,NAY-Presidencia Municipal de Del Nayar,NAY,GM,NAY,8
3533,state|28||infraestructura educativa|INSTITUTO DE INFRAESTRUCTURA FISICA EDUCATIVA,2,state,28,,,infraestructura educativa,INSTITUTO DE INFRAESTRUCTURA FISICA EDUCATIVA,medium,state:name-prefix;level:gobierno_nivel;gentilicio-stripped,TAMPS-Instituto Tamaulipeco de Infraestructura Física Educativa,TAMPS,GE,,49
3534,municipal|26|26051|ayuntamiento|,1,municipal,26,26051,Rosario,ayuntamiento,,high,state:state_code;level:gobierno_nivel;muni:inegi;singleton-body,SON-Presidencia Municipal de Rosario,SON,GM,SON,1
3535,state|22||universidad tecnologica|UNIVERSIDAD TECNOLOGICA DE CORREGIDORA,1,state,22,,,universidad tecnologica,UNIVERSIDAD TECNOLOGICA DE CORREGIDORA,high,state:state_code;level:gobierno_nivel,QRO-Universidad Tecnológica de Corregidora,QRO,GE,QRO,1
3536,state|27||secretaria|SECRETARIA DE LA FUNCION PUBLICA,1,state,27,,,secretaria,SECRETARIA DE LA FUNCION PUBLICA,high,state:state_code;level:gobierno_nivel,TAB-Secretaría de la Función Pública,TAB,GE,TAB,1
3537,municipal|30|30001|ayuntamiento|,1,municipal,30,30001,Acajete,ayuntamiento,,high,state:state_code;level:gobierno_nivel;muni:inegi;singleton-body,VER-Presidencia Municipal de Acajete,VER,GM,VER,3
3538,municipal|20|20065|ayuntamiento|,1,municipal,20,20065,Ixpantepec Nieves,ayuntamiento,,high,state:state_code;level:gobierno_nivel;muni:inegi;singleton-body,OAX-Presidencia Municipal de Ixpantepec Nieves,OAX,GM,OAX,2
3539,municipal|30|30166|ayuntamiento|,2,municipal,30,30166,Tepetlán,ayuntamiento,,high,state:state_code;level:gobierno_nivel;muni:inegi;singleton-body,VER-Presidencia Municipal de Tepetlán,VER,GM,VER,4
3540,municipal|28|28029|ayuntamiento|,1,municipal,28,28029,Ocampo,ayuntamiento,,high,state:name-prefix;level:gobierno_nivel;muni:inegi;singleton-body,TAMPS-Presidencia Municipal de Ocampo,TAMPS,GM,,3
3541,municipal|30|30157|ayuntamiento|,1,municipal,30,30157,Castillo de Teayo,ayuntamiento,,high,state:state_code;level:gobierno_nivel;muni:inegi;singleton-body,VER-Presidencia Municipal de Castillo de Teayo,VER,GM,VER,10
3542,municipal|13|13017|ayuntamiento|,1,municipal,13,13017,Chapantongo,ayuntamiento,,high,state:state_code;level:gobierno_nivel;muni:inegi;singleton-body,HGO-Presidencia Municipal de Chapantongo,HGO,GM,HGO,4
3543,municipal|08|08064|ayuntamiento|,1,municipal,08,08064,El Tule,ayuntamiento,,high,state:state_code;level:gobierno_nivel;muni:inegi;singleton-body,CHIH-Presidencia Municipal de El Tule,CHIH,GM,CHIH,4
3544,state|31||secretaria|SECRETARIA DE EDUCACION,2,state,31,,,secretaria,SECRETARIA DE EDUCACION,high,state:state_code;level:gobierno_nivel,YUC-Secretaría de Educación,YUC,GE,YUC,28
3545,state|13||organismo de agua|COMISION DE AGUA Y ALCANTARILLADO DEL VALLE DEL MEZQUITAL,2,state,13,,,organismo de agua,COMISION DE AGUA Y ALCANTARILLADO DEL VALLE DEL MEZQUITAL,high,state:state_code;level:gobierno_nivel,HGO-Comisión de Agua y Alcantarillado del Valle del Mezquital,HGO,GE,HGO,10
3546,state|13||cecyte|COLEGIO DE ESTUDIOS CIENTIFICOS Y TECNOLOGICOS,2,state,13,,,cecyte,COLEGIO DE ESTUDIOS CIENTIFICOS Y TECNOLOGICOS,high,state:state_code;level:gobierno_nivel,HGO-Colegio de Estudios Científicos y Tecnológicos del Estado de Hidalgo,HGO,GE,HGO,3
3547,municipal|20|20475|ayuntamiento|,1,municipal,20,20475,Santiago Matatlán,ayuntamiento,,high,state:state_code;level:gobierno_nivel;muni:inegi;singleton-body,OAX-Presidencia Municipal de Santiago Matatlán,OAX,GM,OAX,1
3548,state|20||organismo|INSTITUTO DEL EMPRENDEDOR Y DE LA COMPETITIVIDAD,1,state,20,,,organismo,INSTITUTO DEL EMPRENDEDOR Y DE LA COMPETITIVIDAD,medium,state:state_code;level:gobierno_nivel;gentilicio-stripped,OAX-Instituto Oaxaqueño del Emprendedor y de la Competitividad,OAX,GE,OAX,22
3549,state|26||organismo|REGIMEN ESTATAL DE PROTECCION SOCIAL EN SALUD,1,state,26,,,organismo,REGIMEN ESTATAL DE PROTECCION SOCIAL EN SALUD,high,state:state_code;level:gobierno_nivel,SON-Régimen Estatal de Protección Social en Salud del Estado de Sonora,SON,GE,SON,4
3550,municipal|20|20494|ayuntamiento|,1,municipal,20,20494,Santiago Tlazoyaltepec,ayuntamiento,,high,state:state_code;level:gobierno_nivel;muni:inegi;singleton-body,OAX-Presidencia Municipal de Santiago Tlazoyaltepec,OAX,GM,OAX,2
3551,municipal|30|30014|ayuntamiento|,1,municipal,30,30014,Amatlán de los Reyes,ayuntamiento,,high,state:state_code;level:gobierno_nivel;muni:inegi;singleton-body,VER-Presidencia Municipal de Amatlán de los Reyes,VER,GM,VER,3
3552,municipal|30|30142|ayuntamiento|,2,municipal,30,30142,San Juan Evangelista,ayuntamiento,,high,state:state_code;level:gobierno_nivel;muni:inegi;singleton-body,VER-Presidencia Municipal de San Juan Evangelista,VER,GM,VER,8
3553,state|32||secretaria|SECRETARIA DE EDUCACION,1,state,32,,,secretaria,SECRETARIA DE EDUCACION,high,state:state_code;level:gobierno_nivel,ZAC-Secretaría de Educación,ZAC,GE,ZAC,14
3554,municipal|13|13069|ayuntamiento|,1,municipal,13,13069,Tizayuca,ayuntamiento,,high,state:state_code;level:gobierno_nivel;muni:inegi;singleton-body,HGO-Presidencia Municipal de Tizayuca,HGO,GM,HGO,26
3555,state|07||conalep estatal|CONALEP,1,state,07,,,conalep estatal,CONALEP,high,state:state_code;level:gobierno_nivel,CHIS-CONALEP CHIAPAS,CHIS,GE,CHIS,3
3556,municipal|15|15106|organismo de agua|AGUA Y SANEAMIENTO,1,municipal,15,15106,Toluca,organismo de agua,AGUA Y SANEAMIENTO,high,state:state_code;level:gobierno_nivel;muni:inegi,MEX-Agua y Saneamiento de Toluca,MEX,GM,MEX,4
3557,state|13||organismo|INSTITUTO DE COMPETITIVIDAD EMPRESARIAL,1,state,13,,,organismo,INSTITUTO DE COMPETITIVIDAD EMPRESARIAL,medium,state:state_code;level:gobierno_nivel;gentilicio-stripped,HGO-Instituto Hidalguense de Competitividad Empresarial,HGO,GE,HGO,12
3558,state|13||secretaria|SECRETARIA DE ADMINISTRACION,2,state,13,,,secretaria,SECRETARIA DE ADMINISTRACION,high,state:state_code;level:gobierno_nivel,HGO-Secretaría de Administración,HGO,GE,HGO,15
3559,state|27||secretaria|SECRETARIA DE SEGURIDAD Y PROTECCION CIUDADANA,1,state,27,,,secretaria,SECRETARIA DE SEGURIDAD Y PROTECCION CIUDADANA,high,state:state_code;level:gobierno_nivel,TAB-Secretaría de Seguridad y Protección Ciudadana,TAB,GE,TAB,6
3560,municipal|30|30112|ayuntamiento|,1,municipal,30,30112,Naolinco,ayuntamiento,,high,state:state_code;level:gobierno_nivel;muni:inegi;singleton-body,VER-Presidencia Municipal de Naolinco,VER,GM,VER,2
3561,municipal|30|30105|ayuntamiento|,1,municipal,30,30105,Medellín de Bravo,ayuntamiento,,high,state:state_code;level:gobierno_nivel;muni:inegi;singleton-body,VER-Presidencia Municipal de Medellín,VER,GM,VER,10
3562,state|20||organismo|INSTITUTO DEL PATRIMONIO CULTURAL,1,state,20,,,organismo,INSTITUTO DEL PATRIMONIO CULTURAL,high,state:state_code;level:gobierno_nivel,OAX-Instituto del Patrimonio Cultural del Estado de Oaxaca,OAX,GE,OAX,20
3563,municipal|08|08046|ayuntamiento|,1,municipal,08,08046,Morelos,ayuntamiento,,high,state:state_code;text-state-overruled:17;level:gobierno_nivel;muni:inegi;singleton-body,CHIH-Presidencia Municipal de Morelos,CHIH,GM,CHIH,2
3564,municipal|32|32004|ayuntamiento|,1,municipal,32,32004,Benito Juárez,ayuntamiento,,high,state:state_code;level:gobierno_nivel;muni:inegi;singleton-body,ZAC-Presidencia Municipal de Benito Juárez,ZAC,GM,ZAC,3
3565,state|13||universidad tecnologica|UNIVERSIDAD TECNOLOGICA DE MINERAL DE LA REFORMA,2,state,13,,,universidad tecnologica,UNIVERSIDAD TECNOLOGICA DE MINERAL DE LA REFORMA,high,state:state_code;level:gobierno_nivel,HGO-Universidad Tecnológica de Mineral de la Reforma,HGO,GE,HGO,2
3566,state|25||organismo|INSTITUTO DE CULTURA,1,state,25,,,organismo,INSTITUTO DE CULTURA,medium,state:state_code;level:gobierno_nivel;gentilicio-stripped,SIN-Instituto Sinaloense de Cultura,SIN,GE,SIN,6
3567,municipal|15|15044|ayuntamiento|,1,municipal,15,15044,Jaltenco,ayuntamiento,,high,state:state_code;level:gobierno_nivel;muni:inegi;singleton-body,MEX-Presidencia Municipal de Jaltenco,MEX,GM,MEX,10
3568,municipal|13|13021|ayuntamiento|,1,municipal,13,13021,Emiliano Zapata,ayuntamiento,,high,state:state_code;level:gobierno_nivel;muni:inegi;singleton-body,HGO-Presidencia Municipal de Emiliano Zapata,HGO,GM,HGO,1
3569,municipal|20|20392|ayuntamiento|,1,municipal,20,20392,Santa Lucía Monteverde,ayuntamiento,,high,state:state_code;level:gobierno_nivel;muni:inegi;singleton-body,OAX-Presidencia Municipal de Santa Lucía Monteverde,OAX,GM,OAX,6
3570,municipal|05|05033|ayuntamiento|,1,municipal,05,05033,San Pedro,ayuntamiento,,high,state:state_code;level:gobierno_nivel;muni:inegi;singleton-body,COAH-Presidencia Municipal de San Pedro,COAH,GM,COAH,1
3571,municipal|15|15003|ayuntamiento|,2,municipal,15,15003,Aculco,ayuntamiento,,high,state:state_code;level:gobierno_nivel;muni:inegi;singleton-body,MEX-Presidencia Municipal de Aculco,MEX,GM,MEX,1
3572,municipal|31|31028|ayuntamiento|,1,municipal,31,31028,Dzilam de Bravo,ayuntamiento,,high,state:state_code;level:gobierno_nivel;muni:inegi;singleton-body,YUC-Presidencia Municipal de Dzilam de Bravo,YUC,GM,YUC,1
3573,municipal|13|13039|ayuntamiento|,1,municipal,13,13039,Mineral del Monte,ayuntamiento,,high,state:state_code;level:gobierno_nivel;muni:inegi;singleton-body,HGO-Presidencia Municipal de Mineral del Monte,HGO,GM,HGO,1
3574,municipal|32|32058|ayuntamiento|,1,municipal,32,32058,Santa María de la Paz,ayuntamiento,,high,state:state_code;level:gobierno_nivel;muni:inegi;singleton-body,ZAC-Presidencia Municipal de Santa María de la Paz,ZAC,GM,ZAC,1
3575,municipal|21|21143|ayuntamiento|,1,municipal,21,21143,San Salvador el Verde,ayuntamiento,,high,state:state_code;level:gobierno_nivel;muni:inegi;singleton-body,PUE-Presidencia Municipal de San Salvador el Verde,PUE,GM,PUE,1
3576,state|20||organismo|COORDINACION GENERAL DE EDUCACION MEDIA SUPERIOR Y SUPERIOR CIENCIA Y TECNOLOGIA,1,state,20,,,organismo,COORDINACION GENERAL DE EDUCACION MEDIA SUPERIOR Y SUPERIOR CIENCIA Y TECNOLOGIA,high,state:state_code;level:gobierno_nivel,"OAX-Coordinación General de Educación Media Superior y Superior, Ciencia y Tecnología",OAX,GE,OAX,5
3577,municipal|30|30054|ayuntamiento|,1,municipal,30,30054,Chacaltianguis,ayuntamiento,,high,state:state_code;level:gobierno_nivel;muni:inegi;singleton-body,VER-Presidencia Municipal de Chacaltianguis,VER,GM,VER,3
3578,municipal|10|10003|ayuntamiento|,2,municipal,10,10003,Coneto de Comonfort,ayuntamiento,,high,state:state_code;level:gobierno_nivel;muni:inegi;singleton-body,DGO-Presidencia Municipal de Coneto de Comonfort,DGO,GM,DGO,7
3579,state|04||organismo|INSTITUTO DE CAPACITACION PARA EL TRABAJO,2,state,04,,,organismo,INSTITUTO DE CAPACITACION PARA EL TRABAJO,high,state:state_code;level:gobierno_nivel,CAMP-Instituto de Capacitación para el Trabajo del Estado de Campeche,CAMP,GE,CAMP,1
3580,state|30||tecnologico superior (estatal)|INSTITUTO TECNOLOGICO SUPERIOR DE JUAN RODRIGUEZ CLARA,2,state,30,,,tecnologico superior (estatal),INSTITUTO TECNOLOGICO SUPERIOR DE JUAN RODRIGUEZ CLARA,high,state:state_code;level:gobierno_nivel,VER-Instituto Tecnológico Superior de Juan Rodríguez Clara,VER,GE,VER,1
3581,municipal|20|20068|ayuntamiento|,1,municipal,20,20068,Ocotlán de Morelos,ayuntamiento,,high,state:state_code;text-state-overruled:17;level:gobierno_nivel;muni:inegi;singleton-body,OAX-Presidencia Municipal de Ocotlán de Morelos,OAX,GM,OAX,3
3582,municipal|10|10019|ayuntamiento|,1,municipal,10,10019,Otáez,ayuntamiento,,high,state:state_code;level:gobierno_nivel;muni:inegi;singleton-body,DGO-Presidencia Municipal de Otáez,DGO,GM,DGO,1
3583,municipal|01|01005|organismo de agua|COMISION DE AGUA POTABLE Y ALCANTARILLADO Y SANEAMIENTO,1,municipal,01,01005,Jesús María,organismo de agua,COMISION DE AGUA POTABLE Y ALCANTARILLADO Y SANEAMIENTO,high,state:state_code;level:gobierno_nivel;muni:inegi,AGS-COMISIÓN DE AGUA POTABLE Y ALCANTARILLADO Y SANEAMIENTO DE JESÚS MARÍA,AGS,GM,AGS,3
3584,municipal|13|13073|ayuntamiento|,1,municipal,13,13073,Tlanchinol,ayuntamiento,,high,state:state_code;level:gobierno_nivel;muni:inegi;singleton-body,HGO-Presidencia Municipal de Tlanchinol,HGO,GM,HGO,3
3585,state|27||secretaria|SECRETARIA DE CULTURA,1,state,27,,,secretaria,SECRETARIA DE CULTURA,high,state:state_code;level:gobierno_nivel,TAB-Secretaría de Cultura,TAB,GE,TAB,11
3586,municipal|08|08039|ayuntamiento|,1,municipal,08,08039,López,ayuntamiento,,high,state:state_code;level:gobierno_nivel;muni:inegi;singleton-body,CHIH-Presidencia Municipal de López,CHIH,GM,CHIH,1
3587,municipal|13|13044|ayuntamiento|,1,municipal,13,13044,Nopala de Villagrán,ayuntamiento,,high,state:state_code;level:gobierno_nivel;muni:inegi;singleton-body,HGO-Presidencia Municipal de Nopala de Villagrán,HGO,GM,HGO,4
3588,municipal|29|29009|ayuntamiento|,1,municipal,29,29009,Cuaxomulco,ayuntamiento,,high,state:state_code;level:gobierno_nivel;muni:inegi;singleton-body,TLAX-Presidencia Municipal de Cuaxomulco,TLAX,GM,TLAX,2
3589,municipal|30|30138|ayuntamiento|,1,municipal,30,30138,Río Blanco,ayuntamiento,,high,state:state_code;level:gobierno_nivel;muni:inegi;singleton-body,VER-Presidencia Municipal de Río Blanco,VER,GM,VER,1
3590,municipal|14|14073|ayuntamiento|,1,municipal,14,14073,San Juan de los Lagos,ayuntamiento,,high,state:state_code;level:gobierno_nivel;muni:inegi;singleton-body,JAL-Presidencia Municipal de San Juan de los Lagos,JAL,GM,JAL,6
3591,municipal|30|30003|ayuntamiento|,2,municipal,30,30003,Acayucan,ayuntamiento,,high,state:state_code;level:gobierno_nivel;muni:inegi;singleton-body,VER-Presidencia Municipal de Acayucan,VER,GM,VER,21
3592,municipal|15|15091|ayuntamiento|,1,municipal,15,15091,Teoloyucan,ayuntamiento,,high,state:state_code;level:gobierno_nivel;muni:inegi;singleton-body,MEX-Presidencia Municipal de Teoloyucán,MEX,GM,MEX,1
3593,municipal|30|30145|ayuntamiento|,2,municipal,30,30145,Soconusco,ayuntamiento,,high,state:state_code;level:gobierno_nivel;muni:inegi;singleton-body,VER-Presidencia Municipal de Soconusco,VER,GM,VER,3
3594,state|20||organismo|INSTITUTO DE LA FUNCION REGISTRAL,1,state,20,,,organismo,INSTITUTO DE LA FUNCION REGISTRAL,high,state:state_code;level:gobierno_nivel,OAX-Instituto de la Función Registral del Estado de Oaxaca,OAX,GE,OAX,2
3595,municipal|20|20234|ayuntamiento|,1,municipal,20,20234,San Lucas Zoquiápam,ayuntamiento,,high,state:state_code;level:gobierno_nivel;muni:inegi;singleton-body,OAX-Presidencia Municipal de San Lucas Zoquiápam,OAX,GM,OAX,3
3596,municipal|29|29011|ayuntamiento|,1,municipal,29,29011,Muñoz de Domingo Arenas,ayuntamiento,,high,state:state_code;level:gobierno_nivel;muni:inegi;singleton-body,TLAX-Presidencia Municipal de Muñoz de Domingo Arenas,TLAX,GM,TLAX,1
3597,municipal|07|07027|ayuntamiento|,1,municipal,07,07027,Chiapa de Corzo,ayuntamiento,,high,state:state_code;level:gobierno_nivel;muni:inegi;singleton-body,CHIS-Presidencia Municipal de Chiapa de Corzo,CHIS,GM,CHIS,1
3598,municipal|30|30002|ayuntamiento|,1,municipal,30,30002,Acatlán,ayuntamiento,,high,state:state_code;level:gobierno_nivel;muni:inegi;singleton-body,VER-Presidencia Municipal de Acatlán,VER,GM,VER,1
3599,municipal|10|10002|ayuntamiento|,1,municipal,10,10002,Canelas,ayuntamiento,,high,state:state_code;level:gobierno_nivel;muni:inegi;singleton-body,DGO-Presidencia Municipal de Canelas,DGO,GM,DGO,1
3600,municipal|14|14044|ayuntamiento|,1,municipal,14,14044,Ixtlahuacán de los Membrillos,ayuntamiento,,high,state:state_code;level:gobierno_nivel;muni:inegi;singleton-body,JAL-Presidencia Municipal de Ixtlahuacán de los Membrillos,JAL,GM,JAL,5
3601,municipal|20|20274|ayuntamiento|,1,municipal,20,20274,San Miguel Piedras,ayuntamiento,,high,state:state_code;level:gobierno_nivel;muni:inegi;singleton-body,OAX-Presidencia Municipal de San Miguel Piedras,OAX,GM,OAX,2
3602,state|30||tecnologico superior (estatal)|INSTITUTO TECNOLOGICO SUPERIOR DE POZA RICA,1,state,30,,,tecnologico superior (estatal),INSTITUTO TECNOLOGICO SUPERIOR DE POZA RICA,high,state:state_code;level:gobierno_nivel,VER-Instituto Tecnológico Superior de Poza Rica,VER,GE,VER,1
3603,municipal|30|30168|ayuntamiento|,1,municipal,30,30168,Tequila,ayuntamiento,,high,state:state_code;level:gobierno_nivel;muni:inegi;singleton-body,VER-Presidencia Municipal de Tequila,VER,GM,VER,2
3604,municipal|32|32016|ayuntamiento|,1,municipal,32,32016,General Pánfilo Natera,ayuntamiento,,high,state:state_code;level:gobierno_nivel;muni:inegi;singleton-body,ZAC-Presidencia Municipal de General Pánfilo Natera,ZAC,GM,ZAC,2
3605,municipal|05|05028|ayuntamiento|,1,municipal,05,05028,Sabinas,ayuntamiento,,high,state:state_code;level:gobierno_nivel;muni:inegi;singleton-body,COAH-Presidencia Municipal de Sabinas,COAH,GM,COAH,1
3606,municipal|20|20447|ayuntamiento|,2,municipal,20,20447,Santa María Zacatepec,ayuntamiento,,high,state:state_code;level:gobierno_nivel;muni:inegi;singleton-body,OAX-Presidencia Municipal de Santa María Zacatepec,OAX,GM,OAX,1
3607,municipal|20|20213|ayuntamiento|,2,municipal,20,20213,San Juan Quiahije,ayuntamiento,,high,state:state_code;level:gobierno_nivel;muni:inegi;singleton-body,OAX-Presidencia Municipal de San Juan Quiahije,OAX,GM,OAX,3
3608,state|07||secretaria|SECRETARIA DE LA HONESTIDAD Y FUNCION PUBLICA,1,state,07,,,secretaria,SECRETARIA DE LA HONESTIDAD Y FUNCION PUBLICA,high,state:state_code;level:gobierno_nivel,CHIS-Secretaría de la Honestidad y Función Pública,CHIS,GE,CHIS,2
3609,municipal|15|15013|ayuntamiento|,1,municipal,15,15013,Atizapán de Zaragoza,ayuntamiento,,high,state:state_code;level:gobierno_nivel;muni:inegi;singleton-body,MEX-Presidencia Municipal de Atizapán de Zaragoza,MEX,GM,MEX,2
3610,state|21||secretaria|SECRETARIA DE LA FUNCION PUBLICA,1,state,21,,,secretaria,SECRETARIA DE LA FUNCION PUBLICA,high,state:state_code;level:gobierno_nivel,PUE-Secretaría de la Función Pública,PUE,GE,PUE,2
3611,state|06||organismo|COORDINACION DE LOS SERVICIOS EDUCATIVOS,2,state,06,,,organismo,COORDINACION DE LOS SERVICIOS EDUCATIVOS,high,state:state_code;level:gobierno_nivel,COL-Coordinación de los Servicios Educativos del Estado de Colima,COL,GE,COL,2
3612,municipal|10|10005|organismo|INSTITUTO MUNICIPAL DE VIVIENDA,1,municipal,10,10005,Durango,organismo,INSTITUTO MUNICIPAL DE VIVIENDA,high,state:state_code;level:gobierno_nivel;muni:inegi,DGO-Instituto Municipal de Vivienda de Durango,DGO,GM,DGO,2
3613,municipal|30|30186|ayuntamiento|,1,municipal,30,30186,Tomatlán,ayuntamiento,,high,state:state_code;level:gobierno_nivel;muni:inegi;singleton-body,VER-Presidencia Municipal de Tomatlán,VER,GM,VER,5
3614,municipal|13|13040|ayuntamiento|,1,municipal,13,13040,La Misión,ayuntamiento,,high,state:state_code;level:gobierno_nivel;muni:inegi;singleton-body,HGO-Presidencia Municipal de La Misión,HGO,GM,HGO,1
3615,municipal|20|20081|ayuntamiento|,1,municipal,20,20081,San Agustín Atenango,ayuntamiento,,high,state:state_code;level:gobierno_nivel;muni:inegi;singleton-body,OAX-Presidencia Municipal de San Agustín Atenango,OAX,GM,OAX,2
3616,municipal|20|20394|ayuntamiento|,1,municipal,20,20394,Santa María Alotepec,ayuntamiento,,high,state:state_code;level:gobierno_nivel;muni:inegi;singleton-body,OAX-Presidencia Municipal de Santa María Alotepec,OAX,GM,OAX,1
3617,municipal|07|07105|ayuntamiento|,1,municipal,07,07105,Unión Juárez,ayuntamiento,,high,state:state_code;level:gobierno_nivel;muni:inegi;singleton-body,CHIS-Presidencia Municipal de Unión Juárez,CHIS,GM,CHIS,1
3618,municipal|20|20421|ayuntamiento|,1,municipal,20,20421,Santa María Mixtequilla,ayuntamiento,,high,state:state_code;level:gobierno_nivel;muni:inegi;singleton-body,OAX-Presidencia Municipal de Santa María Mixtequilla,OAX,GM,OAX,2
3619,municipal|20|20503|ayuntamiento|,1,municipal,20,20503,Santiago Zoochila,ayuntamiento,,high,state:state_code;level:gobierno_nivel;muni:inegi;singleton-body,OAX-Presidencia Municipal de Santiago Zoochila,OAX,GM,OAX,1
3620,municipal|31|31049|ayuntamiento|,1,municipal,31,31049,Mayapán,ayuntamiento,,high,state:state_code;level:gobierno_nivel;muni:inegi;singleton-body,YUC-Presidencia Municipal de Mayapán,YUC,GM,YUC,1
3621,municipal|20|20118|ayuntamiento|,1,municipal,20,20118,San Bartolomé Quialana,ayuntamiento,,high,state:state_code;level:gobierno_nivel;muni:inegi;singleton-body,OAX-Presidencia Municipal de San Bartolomé Quialana,OAX,GM,OAX,1
3622,municipal|30|30071|ayuntamiento|,1,municipal,30,30071,Huatusco,ayuntamiento,,high,state:state_code;level:gobierno_nivel;muni:inegi;singleton-body,VER-Presidencia Municipal de Huatusco,VER,GM,VER,3
3623,municipal|10|10029|ayuntamiento|,1,municipal,10,10029,San Luis del Cordero,ayuntamiento,,high,state:state_code;level:gobierno_nivel;muni:inegi;singleton-body,DGO-Presidencia Municipal de San Luis del Cordero,DGO,GM,DGO,1
3624,state|32||organismo|INSTITUTO DE CAPACITACION PARA EL TRABAJO,1,state,32,,,organismo,INSTITUTO DE CAPACITACION PARA EL TRABAJO,high,state:state_code;level:gobierno_nivel,ZAC-Instituto de Capacitación para el Trabajo en el Estado de Zacatecas,ZAC,GE,ZAC,2
3625,municipal|31|31065|ayuntamiento|,1,municipal,31,31065,San Felipe,ayuntamiento,,high,state:state_code;level:gobierno_nivel;muni:inegi;singleton-body,YUC-Presidencia Municipal de San Felipe,YUC,GM,YUC,1
3626,municipal|20|20414|ayuntamiento|,1,municipal,20,20414,Santa María Huazolotitlán,ayuntamiento,,high,state:state_code;level:gobierno_nivel;muni:inegi;singleton-body,OAX-Presidencia Municipal de Santa María Huazolotitlán,OAX,GM,OAX,1
3627,municipal|13|13059|ayuntamiento|,1,municipal,13,13059,Tecozautla,ayuntamiento,,high,state:state_code;level:gobierno_nivel;muni:inegi;singleton-body,HGO-Presidencia Municipal de Tecozautla,HGO,GM,HGO,2
3628,municipal|28|28020|ayuntamiento|,1,municipal,28,28020,Mainero,ayuntamiento,,high,state:name-prefix;level:gobierno_nivel;muni:inegi;singleton-body,TAMPS-Presidencia Municipal de Mainero,TAMPS,GM,,1
3629,municipal|19|19030|ayuntamiento|,1,municipal,19,19030,Iturbide,ayuntamiento,,high,state:state_code;level:gobierno_nivel;muni:inegi;singleton-body,NL-Presidencia Municipal de Iturbide,NL,GM,NL,1
3630,municipal|30|30011|ayuntamiento|,1,municipal,30,30011,Alvarado,ayuntamiento,,high,state:state_code;level:gobierno_nivel;muni:inegi;singleton-body,VER-Presidencia Municipal de Alvarado,VER,GM,VER,2
3631,state|15||organismo|REGIMEN ESTATAL DE PROTECCION SOCIAL EN SALUD,1,state,15,,,organismo,REGIMEN ESTATAL DE PROTECCION SOCIAL EN SALUD,high,state:state_code;level:gobierno_nivel,MEX-Régimen Estatal de Protección Social en Salud,MEX,GE,MEX,3
3632,state|11||universidad estatal|UNIVERSIDAD VIRTUAL,1,state,11,,,universidad estatal,UNIVERSIDAD VIRTUAL,high,state:state_code;level:gobierno_nivel,GTO-Universidad Virtual del Estado de Guanajuato,GTO,GE,GTO,1
3633,municipal|08|08059|ayuntamiento|,1,municipal,08,08059,San Francisco del Oro,ayuntamiento,,high,state:state_code;level:gobierno_nivel;muni:inegi;singleton-body,CHIH-Presidencia Municipal de San Francisco del Oro,CHIH,GM,CHIH,3
3634,municipal|20|20139|ayuntamiento|,1,municipal,20,20139,San Francisco Chapulapa,ayuntamiento,,high,state:state_code;level:gobierno_nivel;muni:inegi;singleton-body,OAX-Presidencia Municipal de San Francisco Chapulapa,OAX,GM,OAX,1
3635,municipal|20|20461|ayuntamiento|,1,municipal,20,20461,Santiago del Río,ayuntamiento,,high,state:state_code;level:gobierno_nivel;muni:inegi;singleton-body,OAX-Presidencia Municipal de Santiago del Río,OAX,GM,OAX,1
3636,municipal|10|10009|organismo de agua|ORGANISMO DE AGUA Y ALCANTARILLADO DGO,1,municipal,10,10009,Guanaceví,organismo de agua,ORGANISMO DE AGUA Y ALCANTARILLADO DGO,high,state:state_code;level:gobierno_nivel;muni:inegi,"DGO-Organismo de Agua y Alcantarillado del Municipio de Guanacevi, Dgo.",DGO,GM,DGO,1
3637,municipal|20|20074|ayuntamiento|,1,municipal,20,20074,Santa Catarina Quioquitani,ayuntamiento,,high,state:state_code;level:gobierno_nivel;muni:inegi;singleton-body,OAX-Presidencia Municipal de Santa Catarina Quioquitani,OAX,GM,OAX,1
3638,municipal|20|20319|ayuntamiento|,1,municipal,20,20319,San Pedro Mixtepec,ayuntamiento,,high,state:state_code;level:gobierno_nivel;muni:inegi;singleton-body,OAX-Presidencia Municipal de San Pedro Mixtepec -Dto. 26 -,OAX,GM,OAX,1
3639,municipal|20|20233|ayuntamiento|,1,municipal,20,20233,San Lucas Quiaviní,ayuntamiento,,high,state:state_code;level:gobierno_nivel;muni:inegi;singleton-body,OAX-Presidencia Municipal de San Lucas Quiaviní,OAX,GM,OAX,1
3640,municipal|20|20167|ayuntamiento|,1,municipal,20,20167,San José del Peñasco,ayuntamiento,,high,state:state_code;level:gobierno_nivel;muni:inegi;singleton-body,OAX-Presidencia Municipal de San José del Peñasco,OAX,GM,OAX,1
3641,municipal|20|20204|ayuntamiento|,1,municipal,20,20204,San Juan Lajarcia,ayuntamiento,,high,state:state_code;level:gobierno_nivel;muni:inegi;singleton-body,OAX-Presidencia Municipal de San Juan Lajarcia,OAX,GM,OAX,2
3642,municipal|20|20316|ayuntamiento|,1,municipal,20,20316,San Pedro Mártir Quiechapa,ayuntamiento,,high,state:state_code;level:gobierno_nivel;muni:inegi;singleton-body,OAX-Presidencia Municipal de San Pedro Mártir Quiechapa,OAX,GM,OAX,1
3643,municipal|26|26045|ayuntamiento|,1,municipal,26,26045,Opodepe,ayuntamiento,,high,state:state_code;level:gobierno_nivel;muni:inegi;singleton-body,SON-Presidencia Municipal de Opodepe,SON,GM,SON,2
3644,municipal|20|20209|ayuntamiento|,1,municipal,20,20209,San Juan Mixtepec,ayuntamiento,,high,state:state_code;level:gobierno_nivel;muni:inegi;singleton-body,OAX-Presidencia Municipal de San Juan Mixtepec -Dto. 26 -,OAX,GM,OAX,1
3645,municipal|20|20424|ayuntamiento|,1,municipal,20,20424,Santa María Ozolotepec,ayuntamiento,,high,state:state_code;level:gobierno_nivel;muni:inegi;singleton-body,OAX-Presidencia Municipal de Santa María Ozolotepec,OAX,GM,OAX,1
3646,municipal|20|20225|ayuntamiento|,1,municipal,20,20225,San Lorenzo,ayuntamiento,,high,state:state_code;level:gobierno_nivel;muni:inegi;singleton-body,OAX-Presidencia Municipal de San Lorenzo,OAX,GM,OAX,1
3647,state|14||secretaria de salud|,1,state,14,,,secretaria de salud,,high,state:state_code;level:gobierno_nivel;singleton-body,JAL-Secretaría de Salud,JAL,GE,JAL,1
3648,municipal|20|20235|ayuntamiento|,1,municipal,20,20235,San Luis Amatlán,ayuntamiento,,high,state:state_code;level:gobierno_nivel;muni:inegi;singleton-body,OAX-Presidencia Municipal de San Luis Amatlán,OAX,GM,OAX,1
3649,municipal|20|20126|ayuntamiento|,1,municipal,20,20126,San Cristóbal Amatlán,ayuntamiento,,high,state:state_code;level:gobierno_nivel;muni:inegi;singleton-body,OAX-Presidencia Municipal de San Cristóbal Amatlán,OAX,GM,OAX,1
3650,municipal|20|20538|ayuntamiento|,2,municipal,20,20538,Sitio de Xitlapehua,ayuntamiento,,high,state:state_code;level:gobierno_nivel;muni:inegi;singleton-body,OAX-Presidencia Municipal de Sitio de Xitlapehua,OAX,GM,OAX,1
3651,municipal|07|07042|ayuntamiento|,1,municipal,07,07042,Ixhuatán,ayuntamiento,,high,state:state_code;level:gobierno_nivel;muni:inegi;singleton-body,CHIS-Presidencia Municipal de Ixhuatán,CHIS,GM,CHIS,1
3652,municipal|24|24038|ayuntamiento|,1,municipal,24,24038,Tampacán,ayuntamiento,,high,state:state_code;level:gobierno_nivel;muni:inegi;singleton-body,SLP-Presidencia Municipal de Tampacán,SLP,GM,SLP,1
3653,municipal|26|26040|ayuntamiento|,1,municipal,26,26040,Nácori Chico,ayuntamiento,,high,state:state_code;level:gobierno_nivel;muni:inegi;singleton-body,SON-Presidencia Municipal de Nácori Chico,SON,GM,SON,2
3654,municipal|21|21137|ayuntamiento|,1,municipal,21,21137,San Nicolás Buenos Aires,ayuntamiento,,high,state:state_code;level:gobierno_nivel;muni:inegi;singleton-body,PUE-Presidencia Municipal de San Nicolás Buenos Aires,PUE,GM,PUE,1
3655,municipal|26|26070|ayuntamiento|,1,municipal,26,26070,General Plutarco Elías Calles,ayuntamiento,,high,state:state_code;level:gobierno_nivel;muni:inegi;singleton-body,SON-Presidencia Municipal de General Plutarco Elías Calles,SON,GM,SON,1
3656,municipal|20|20031|ayuntamiento|,2,municipal,20,20031,Tamazulápam del Espíritu Santo,ayuntamiento,,high,state:state_code;level:gobierno_nivel;muni:inegi;singleton-body,OAX-Presidencia Municipal de Tamazulápam del Espíritu Santo,OAX,GM,OAX,1
3657,municipal|27||gobierno municipal (agregado)|_AGREGADO,1,municipal,27,,,gobierno municipal (agregado),_AGREGADO,low,state:siglas;catch-all,_Gobierno Municipal del Estado de Tabasco,TAB,GM,,724
3658,municipal|25||gobierno municipal (agregado)|_AGREGADO,1,municipal,25,,,gobierno municipal (agregado),_AGREGADO,low,state:siglas;catch-all,_Gobierno Municipal del Estado de Sinaloa,SIN,GM,,148
3659,state|07||gobierno estatal (agregado)|_AGREGADO,1,state,07,,,gobierno estatal (agregado),_AGREGADO,high,state:siglas;catch-all,_Gobierno del Estado de Chiapas,CHIS,GE,,1530
3660,state|08||gobierno estatal (agregado)|_AGREGADO,1,state,08,,,gobierno estatal (agregado),_AGREGADO,high,state:siglas;catch-all,_Gobierno del Estado de Chihuahua,CHIH,GE,,1036
3661,state|13||gobierno estatal (agregado)|_AGREGADO,1,state,13,,,gobierno estatal (agregado),_AGREGADO,high,state:siglas;catch-all,_Gobierno del Estado de Hidalgo,HGO,GE,,1742
3662,state|06||gobierno estatal (agregado)|_AGREGADO,1,state,06,,,gobierno estatal (agregado),_AGREGADO,high,state:siglas;catch-all,_Gobierno del Estado de Colima,COL,GE,,350
3663,state|18||gobierno estatal (agregado)|_AGREGADO,1,state,18,,,gobierno estatal (agregado),_AGREGADO,high,state:siglas;catch-all,_Gobierno del Estado de Nayarit,NAY,GE,,588
3664,state|04||gobierno estatal (agregado)|_AGREGADO,1,state,04,,,gobierno estatal (agregado),_AGREGADO,high,state:siglas;catch-all,_Gobierno del Estado de Campeche,CAMP,GE,,1011
3665,municipal|30||gobierno municipal (agregado)|_AGREGADO,1,municipal,30,,,gobierno municipal (agregado),_AGREGADO,low,state:siglas;catch-all,_Gobierno Municipal del Estado de Veracruz de Ignacio de la Llave,VER,GM,,651
3666,state|27||gobierno estatal (agregado)|_AGREGADO,1,state,27,,,gobierno estatal (agregado),_AGREGADO,high,state:siglas;catch-all,_Gobierno del Estado de Tabasco,TAB,GE,,2528
3667,,,federal,,,,organismo,SEGURIDAD ALIMENTARIA MEXICANA,n/a,level:gobierno_nivel,Seguridad Alimentaria Mexicana,SEGALMEX,APF,,537
3668,,,federal,,,,organismo,ADMINISTRACION DEL SISTEMA PORTUARIO NACIONAL VERACRUZ,n/a,level:gobierno_nivel,"Administración del Sistema Portuario Nacional Veracruz, S.A. de C.V.",ASIPONA-Veracruz,APF,,1556
3669,municipal|15||gobierno municipal (agregado)|_AGREGADO,1,municipal,15,,,gobierno municipal (agregado),_AGREGADO,low,state:siglas;catch-all,_Gobierno Municipal del Estado de México,MEX,GM,,569
3670,municipal|07||gobierno municipal (agregado)|_AGREGADO,1,municipal,07,,,gobierno municipal (agregado),_AGREGADO,low,state:siglas;catch-all,_Gobierno Municipal del Estado de Chiapas,CHIS,GM,,167
3671,,,federal,,,,secretaria,SECRETARIA DE INFRAESTRUCTURA COMUNICACIONES Y TRANSPORTES,n/a,level:gobierno_nivel,"Secretaría de Infraestructura, Comunicaciones y Transportes",SICT,APF,,13336
3672,state|30||gobierno estatal (agregado)|_AGREGADO,1,state,30,,,gobierno estatal (agregado),_AGREGADO,high,state:siglas;catch-all,_Gobierno del Estado de Veracruz de Ignacio de la Llave,VER,GE,,2742
3673,state|22||gobierno estatal (agregado)|_AGREGADO,1,state,22,,,gobierno estatal (agregado),_AGREGADO,high,state:siglas;catch-all,_Gobierno del Estado de Querétaro,QRO,GE,,890
3674,state|31||gobierno estatal (agregado)|_AGREGADO,1,state,31,,,gobierno estatal (agregado),_AGREGADO,high,state:siglas;catch-all,_Gobierno del Estado de Yucatán,YUC,GE,,1171
3675,municipal|11||gobierno municipal (agregado)|_AGREGADO,1,municipal,11,,,gobierno municipal (agregado),_AGREGADO,low,state:siglas;catch-all,_Gobierno Municipal del Estado de Guanajuato,GTO,GM,,392
3676,state|14||gobierno estatal (agregado)|_AGREGADO,1,state,14,,,gobierno estatal (agregado),_AGREGADO,high,state:siglas;catch-all,_Gobierno del Estado de Jalisco,JAL,GE,,1195
3677,,,federal,,,,fiscalia/procuraduria,FISCALIA GENERAL DE LA REPUBLICA,n/a,level:gobierno_nivel,Fiscalía General de la República,FGR,APF,,2653
3678,,,federal,,,,organismo,FINANCIERA PARA EL BIENESTAR,n/a,level:gobierno_nivel,Financiera para el Bienestar,FINABIEN,APF,,969
3679,,,federal,,,,organismo,INSTITUTO PARA DEVOLVER AL PUEBLO LO ROBADO,n/a,level:gobierno_nivel,Instituto para Devolver al Pueblo lo Robado,INDEP,APF,,1091
3680,municipal|19||gobierno municipal (agregado)|_AGREGADO,1,municipal,19,,,gobierno municipal (agregado),_AGREGADO,low,state:siglas;catch-all,_Gobierno Municipal del Estado de Nuevo León,NL,GM,,56
3681,state|26||gobierno estatal (agregado)|_AGREGADO,1,state,26,,,gobierno estatal (agregado),_AGREGADO,high,state:siglas;catch-all,_Gobierno del Estado de Sonora,SON,GE,,1091
3682,state|02||gobierno estatal (agregado)|_AGREGADO,1,state,02,,,gobierno estatal (agregado),_AGREGADO,high,state:siglas;catch-all,_Gobierno del Estado de Baja California,BC,GE,,484
3683,state|28||gobierno estatal (agregado)|_AGREGADO,1,state,28,,,gobierno estatal (agregado),_AGREGADO,high,state:siglas;catch-all,_Gobierno del Estado de Tamaulipas,TAMPS,GE,,1019
3684,state|15||gobierno estatal (agregado)|_AGREGADO,1,state,15,,,gobierno estatal (agregado),_AGREGADO,high,state:siglas;catch-all,_Gobierno del Estado de México,MEX,GE,,492
3685,state|24||gobierno estatal (agregado)|_AGREGADO,1,state,24,,,gobierno estatal (agregado),_AGREGADO,high,state:siglas;catch-all,_Gobierno del Estado de San Luis Potosí,SLP,GE,,570
3686,state|11||gobierno estatal (agregado)|_AGREGADO,1,state,11,,,gobierno estatal (agregado),_AGREGADO,high,state:siglas;catch-all,_Gobierno del Estado de Guanajuato,GTO,GE,,1191
3687,state|10||gobierno estatal (agregado)|_AGREGADO,1,state,10,,,gobierno estatal (agregado),_AGREGADO,high,state:siglas;catch-all,_Gobierno del Estado de Durango,DGO,GE,,865
3688,,,federal,,,,organismo,ADMINISTRACION DEL SISTEMA PORTUARIO NACIONAL MAZATLAN,n/a,level:gobierno_nivel,"Administración del Sistema Portuario Nacional Mazatlán, S.A. de C.V.",ASIPONA-Mazatlán,APF,,506
3689,,,federal,,,,organismo,ADMINISTRACION DEL SISTEMA PORTUARIO NACIONAL GUAYMAS,n/a,level:gobierno_nivel,"Administración del Sistema Portuario Nacional Guaymas, S.A. de C.V.",ASIPONA-Guaymas,APF,,935
3690,state|05||gobierno estatal (agregado)|_AGREGADO,1,state,05,,,gobierno estatal (agregado),_AGREGADO,high,state:siglas;catch-all,_Gobierno del Estado de Coahuila de Zaragoza,COAH,GE,,642
3691,,,federal,,,,organismo,ADMINISTRACION DEL SISTEMA PORTUARIO NACIONAL PUERTO VALLARTA,n/a,level:gobierno_nivel,"Administración del Sistema Portuario Nacional Puerto Vallarta, S.A. de C.V.",ASIPONA-Puerto Vallarta,APF,,234
3692,,,federal,,,,organismo,LOTERIA NACIONAL,n/a,level:gobierno_nivel,Lotería Nacional,LOTERIA,APF,,1214
3693,,,federal,,,,organismo,FONATUR INFRAESTRUCTURA,n/a,level:gobierno_nivel,"FONATUR Infraestructura, S.A. de C.V.",FONATUR Infraestructura,APF,,3228
3694,state|20||gobierno estatal (agregado)|_AGREGADO,1,state,20,,,gobierno estatal (agregado),_AGREGADO,high,state:siglas;catch-all,_Gobierno del Estado de Oaxaca,OAX,GE,,857
3695,municipal|32||gobierno municipal (agregado)|_AGREGADO,1,municipal,32,,,gobierno municipal (agregado),_AGREGADO,low,state:siglas;catch-all,_Gobierno Municipal del Estado de Zacatecas,ZAC,GM,,107
3696,municipal|01||gobierno municipal (agregado)|_AGREGADO,1,municipal,01,,,gobierno municipal (agregado),_AGREGADO,low,state:siglas;catch-all,_Gobierno Municipal del Estado de Aguascalientes,AGS,GM,,90
3697,state|01||gobierno estatal (agregado)|_AGREGADO,1,state,01,,,gobierno estatal (agregado),_AGREGADO,high,state:siglas;catch-all,_Gobierno del Estado de Aguascalientes,AGS,GE,,1859
3698,state|16||gobierno estatal (agregado)|_AGREGADO,1,state,16,,,gobierno estatal (agregado),_AGREGADO,high,state:siglas;catch-all,_Gobierno del Estado de Michoacán de Ocampo,MICH,GE,,1175
3699,,,federal,,,,organismo,ADMINISTRACION DEL SISTEMA PORTUARIO NACIONAL TUXPAN,n/a,level:gobierno_nivel,"Administración del Sistema Portuario Nacional Tuxpan, S.A. de C.V.",ASIPONA-Tuxpan,APF,,519
3700,,,federal,,,,organismo,ADMINISTRACION DEL SISTEMA PORTUARIO NACIONAL TOPOLOBAMPO,n/a,level:gobierno_nivel,"Administración del Sistema Portuario Nacional Topolobampo, S.A. de C.V.",ASIPONA-Topolobampo,APF,,175
3701,state|23||gobierno estatal (agregado)|_AGREGADO,1,state,23,,,gobierno estatal (agregado),_AGREGADO,high,state:siglas;catch-all,_Gobierno del Estado de Quintana Roo,QROO,GE,,1023
3702,municipal|06||gobierno municipal (agregado)|_AGREGADO,1,municipal,06,,,gobierno municipal (agregado),_AGREGADO,low,state:siglas;catch-all,_Gobierno Municipal del Estado de Colima,COL,GM,,74
3703,state|19||gobierno estatal (agregado)|_AGREGADO,1,state,19,,,gobierno estatal (agregado),_AGREGADO,high,state:siglas;catch-all,_Gobierno del Estado de Nuevo León,NL,GE,,515
3704,municipal|23||gobierno municipal (agregado)|_AGREGADO,1,municipal,23,,,gobierno municipal (agregado),_AGREGADO,low,state:siglas;catch-all,_Gobierno Municipal del Estado de Quintana Roo,QROO,GM,,112
3705,,,federal,,,,organismo,ADMINISTRACION DEL SISTEMA PORTUARIO NACIONAL PUERTO CHIAPAS,n/a,level:gobierno_nivel,"Administración del Sistema Portuario Nacional Puerto Chiapas, S.A. de C.V.",ASIPONA-Puerto Chiapas,APF,,305
3706,state|12||gobierno estatal (agregado)|_AGREGADO,1,state,12,,,gobierno estatal (agregado),_AGREGADO,high,state:siglas;catch-all,_Gobierno del Estado de Guerrero,GRO,GE,,288
3707,municipal|14||gobierno municipal (agregado)|_AGREGADO,1,municipal,14,,,gobierno municipal (agregado),_AGREGADO,low,state:siglas;catch-all,_Gobierno Municipal del Estado de Jalisco,JAL,GM,,34
3708,municipal|28||gobierno municipal (agregado)|_AGREGADO,1,municipal,28,,,gobierno municipal (agregado),_AGREGADO,low,state:siglas;catch-all,_Gobierno Municipal del Estado de Tamaulipas,TAMPS,GM,,578
3709,,,federal,,,,organismo,ADMINISTRACION DEL SISTEMA PORTUARIO NACIONAL SALINA CRUZ,n/a,level:gobierno_nivel,"Administración del Sistema Portuario Nacional Salina Cruz, S.A. de C.V.",ASIPONA- Salina Cruz,APF,,425
3710,municipal|16||gobierno municipal (agregado)|_AGREGADO,1,municipal,16,,,gobierno municipal (agregado),_AGREGADO,low,state:siglas;catch-all,_Gobierno Municipal del Estado de Michoacán de Ocampo,MICH,GM,,304
3711,state|32||gobierno estatal (agregado)|_AGREGADO,1,state,32,,,gobierno estatal (agregado),_AGREGADO,high,state:siglas;catch-all,_Gobierno del Estado de Zacatecas,ZAC,GE,,779
3712,,,federal,,,,organismo,ADMINISTRACION DEL SISTEMA PORTUARIO NACIONAL MANZANILLO,n/a,level:gobierno_nivel,"Administración del Sistema Portuario Nacional Manzanillo, S.A. de C.V.",ASIPONA-Manzanillo,APF,,1805
3713,municipal|04||gobierno municipal (agregado)|_AGREGADO,1,municipal,04,,,gobierno municipal (agregado),_AGREGADO,low,state:siglas;catch-all,_Gobierno Municipal del Estado de Campeche,CAMP,GM,,151
3714,,,federal,,,,organismo,BANCO DEL BIENESTAR S N C I B D,n/a,level:gobierno_nivel,"Banco del Bienestar, S.N.C., I.B.D.",BANCODELBIENESTAR,APF,,485
3715,municipal|05||gobierno municipal (agregado)|_AGREGADO,1,municipal,05,,,gobierno municipal (agregado),_AGREGADO,low,state:siglas;catch-all,_Gobierno Municipal del Estado de Coahuila de Zaragoza,COAH,GM,,108
3716,,,federal,,,,organismo,FIDEICOMISO UNIVERSIDAD MARITIMA Y PORTUARIA DE MEXICO,n/a,level:gobierno_nivel,Fideicomiso Universidad Marítima y Portuaria de México,FIDENA,APF,,1777
3717,municipal|21||gobierno municipal (agregado)|_AGREGADO,1,municipal,21,,,gobierno municipal (agregado),_AGREGADO,low,state:siglas;catch-all,_Gobierno Municipal del Estado de Puebla,PUE,GM,,313
3718,state|29||gobierno estatal (agregado)|_AGREGADO,1,state,29,,,gobierno estatal (agregado),_AGREGADO,high,state:siglas;catch-all,_Gobierno del Estado de Tlaxcala,TLAX,GE,,223
3719,state|03||gobierno estatal (agregado)|_AGREGADO,1,state,03,,,gobierno estatal (agregado),_AGREGADO,high,state:siglas;catch-all,_Gobierno del Estado de Baja California Sur,BCS,GE,,325
3720,state|17||gobierno estatal (agregado)|_AGREGADO,1,state,17,,,gobierno estatal (agregado),_AGREGADO,high,state:siglas;catch-all,_Gobierno del Estado de Morelos,MOR,GE,,389
3721,,,federal,,,,organismo,GUARDIA NACIONAL,n/a,level:gobierno_nivel,Guardia Nacional,GN,APF,,983
3722,,,federal,,,,organismo,ADMINISTRACION DEL SISTEMA PORTUARIO NACIONAL DOS BOCAS,n/a,level:gobierno_nivel,"Administración del Sistema Portuario Nacional Dos Bocas, S.A. de C.V.",ASIPONA-Dos Bocas,APF,,456
3723,,,federal,,,,organismo,CONSEJO NACIONAL DE HUMANIDADES CIENCIAS Y TECNOLOGIAS,n/a,level:gobierno_nivel,"Consejo Nacional de Humanidades, Ciencias y Tecnologías",CONAHCYT,APF,,165
3724,,,federal,,,,organismo,ADMINISTRACION DEL SISTEMA PORTUARIO NACIONAL PROGRESO,n/a,level:gobierno_nivel,"Administración del Sistema Portuario Nacional Progreso, S.A. de C.V.",ASIPONA-Progreso,APF,,949
3725,,,federal,,,,organismo,CENTRO NACIONAL DE INTELIGENCIA,n/a,level:gobierno_nivel,Centro Nacional de Inteligencia,CNI,APF,,398
3726,municipal|24||gobierno municipal (agregado)|_AGREGADO,1,municipal,24,,,gobierno municipal (agregado),_AGREGADO,low,state:siglas;catch-all,_Gobierno Municipal del Estado de San Luis Potosí,SLP,GM,,256
3727,municipal|02||gobierno municipal (agregado)|_AGREGADO,1,municipal,02,,,gobierno municipal (agregado),_AGREGADO,low,state:siglas;catch-all,_Gobierno Municipal del Estado de Baja California,BC,GM,,18
3728,,,federal,,,,organismo,ADMINISTRACION DEL SISTEMA PORTUARIO NACIONAL COATZACOALCOS,n/a,level:gobierno_nivel,"Administración del Sistema Portuario Nacional Coatzacoalcos, S.A. de C.V.",ASIPONA-Coatzacoalcos,APF,,599
3729,,,federal,,,,organismo,ADMINISTRACION DEL SISTEMA PORTUARIO NACIONAL LAZARO CARDENAS,n/a,level:gobierno_nivel,"Administración del Sistema Portuario Nacional Lázaro Cárdenas, S.A. de C.V.",ASIPONA-Lázaro Cárdenas,APF,,1836
3730,municipal|13||gobierno municipal (agregado)|_AGREGADO,1,municipal,13,,,gobierno municipal (agregado),_AGREGADO,low,state:siglas;catch-all,_Gobierno Municipal del Estado de Hidalgo,HGO,GM,,143
3731,,,federal,,,,organismo,ADMINISTRACION DEL SISTEMA PORTUARIO NACIONAL ALTAMIRA,n/a,level:gobierno_nivel,"Administración del Sistema Portuario Nacional Altamira, S.A. de C.V.",ASIPONA-Altamira,APF,,410
3732,state|25||gobierno estatal (agregado)|_AGREGADO,1,state,25,,,gobierno estatal (agregado),_AGREGADO,high,state:siglas;catch-all,_Gobierno del Estado de Sinaloa,SIN,GE,,209
3733,state|21||gobierno estatal (agregado)|_AGREGADO,1,state,21,,,gobierno estatal (agregado),_AGREGADO,high,state:siglas;catch-all,_Gobierno del Estado de Puebla,PUE,GE,,961
3734,,,federal,,,,organismo,ADMINISTRACION DEL SISTEMA PORTUARIO NACIONAL ENSENADA,n/a,level:gobierno_nivel,"Administración del Sistema Portuario Nacional Ensenada, S.A. de C.V.",ASIPONA-Ensenada,APF,,490
3735,municipal|26||gobierno municipal (agregado)|_AGREGADO,1,municipal,26,,,gobierno municipal (agregado),_AGREGADO,low,state:siglas;catch-all,_Gobierno Municipal del Estado de Sonora,SON,GM,,192
3736,municipal|10||gobierno municipal (agregado)|_AGREGADO,1,municipal,10,,,gobierno municipal (agregado),_AGREGADO,low,state:siglas;catch-all,_Gobierno Municipal del Estado de Durango,DGO,GM,,93
3737,municipal|03||gobierno municipal (agregado)|_AGREGADO,1,municipal,03,,,gobierno municipal (agregado),_AGREGADO,low,state:siglas;catch-all,_Gobierno Municipal del Estado de Baja California Sur,BCS,GM,,55
3738,municipal|18||gobierno municipal (agregado)|_AGREGADO,1,municipal,18,,,gobierno municipal (agregado),_AGREGADO,low,state:siglas;catch-all,_Gobierno Municipal del Estado de Nayarit,NAY,GM,,111
3739,municipal|08||gobierno municipal (agregado)|_AGREGADO,1,municipal,08,,,gobierno municipal (agregado),_AGREGADO,low,state:siglas;catch-all,_Gobierno Municipal del Estado de Chihuahua,CHIH,GM,,61
3740,,,federal,,,,organismo,AGENCIA FEDERAL DE AVIACION CIVIL,n/a,level:gobierno_nivel,Agencia Federal de Aviación Civil,AFAC,APF,,111
3741,,,autonomous,,,,organismo,COMISION NACIONAL PARA LA MEJORA CONTINUA DE LA EDUCACION,n/a,level:gobierno_nivel,Comisión Nacional para la Mejora Continua de la Educación,MEJOREDU,APF,,261
3742,,,federal,,,,organismo,ADMINISTRACION DEL SISTEMA PORTUARIO NACIONAL TAMPICO,n/a,level:gobierno_nivel,"Administración del Sistema Portuario Nacional Tampico, S.A. de C.V.",ASIPONA-Tampico,APF,,528
3743,municipal|22||gobierno municipal (agregado)|_AGREGADO,1,municipal,22,,,gobierno municipal (agregado),_AGREGADO,low,state:siglas;catch-all,_Gobierno Municipal del Estado de Querétaro,QRO,GM,,74
3744,,,federal,,,,servicios de salud,INSTITUTO DE SALUD PARA EL BIENESTAR,n/a,level:gobierno_nivel,Instituto de Salud para el Bienestar,INSABI,APF,,3654
3745,municipal|20||gobierno municipal (agregado)|_AGREGADO,1,municipal,20,,,gobierno municipal (agregado),_AGREGADO,low,state:siglas;catch-all,_Gobierno Municipal del Estado de Oaxaca,OAX,GM,,247
3746,state|09||gobierno estatal (agregado)|_AGREGADO,1,state,09,,,gobierno estatal (agregado),_AGREGADO,high,state:siglas;catch-all,_Gobierno del Estado de Ciudad de México,CDMX,GE,,551
3747,municipal|29||gobierno municipal (agregado)|_AGREGADO,1,municipal,29,,,gobierno municipal (agregado),_AGREGADO,low,state:siglas;catch-all,_Gobierno Municipal del Estado de Tlaxcala,TLAX,GM,,59
3748,,,federal,,,,organismo,COMISION DE APELACION Y ARBITRAJE DEL DEPORTE,n/a,level:gobierno_nivel,Comisión de Apelación y Arbitraje del Deporte,CAAD,APF,,11
3749,,,federal,,,,organismo,CENTRO NACIONAL PARA LA SALUD DE LA INFANCIA Y LA ADOLESCENCIA,n/a,level:gobierno_nivel,Centro Nacional para la Salud de la Infancia y la Adolescencia,CENSIA,APF,,52
3750,municipal|12||gobierno municipal (agregado)|_AGREGADO,1,municipal,12,,,gobierno municipal (agregado),_AGREGADO,low,state:siglas;catch-all,_Gobierno Municipal del Estado de Guerrero,GRO,GM,,32
3751,,,federal,,,,organismo,UNIDAD DEL SISTEMA PARA LA CARRERA DE LAS MAESTRAS Y LOS MAESTROS,n/a,level:gobierno_nivel,Unidad del Sistema para la Carrera de las Maestras y los Maestros,USCMM,APF,,39
3752,municipal|31||gobierno municipal (agregado)|_AGREGADO,1,municipal,31,,,gobierno municipal (agregado),_AGREGADO,low,state:siglas;catch-all,_Gobierno Municipal del Estado de Yucatán,YUC,GM,,19
3753,,,federal,,,,universidad estatal,UNIVERSIDAD ABIERTA Y A DISTANCIA DE MEXICO,n/a,level:gobierno_nivel,Universidad Abierta y a Distancia de México,UNADM,APF,,68
3754,,,federal,,,,secretaria,SECRETARIA DE SEGURIDAD Y PROTECCION CIUDADANA,n/a,level:gobierno_nivel,Secretaría de Seguridad y Protección Ciudadana,SSPC,APF,,519
3755,municipal|17||gobierno municipal (agregado)|_AGREGADO,1,municipal,17,,,gobierno municipal (agregado),_AGREGADO,low,state:siglas;catch-all,_Gobierno Municipal del Estado de Morelos,MOR,GM,,65
3756,municipal|09||gobierno municipal (agregado)|_AGREGADO,1,municipal,09,,,gobierno municipal (agregado),_AGREGADO,low,state:siglas;catch-all,_Gobierno Municipal del Estado de Ciudad de México,CDMX,GM,,22
3757,,,federal,,,,organismo,BIENESTAR,n/a,level:gobierno_nivel,BIENESTAR,BIENESTAR,APF,,652
3758,,,federal,,,,organismo,SALUD,n/a,level:gobierno_nivel,SALUD,SALUD,APF,,1468
3759,,,federal,,,,organismo,GOBERNACION,n/a,level:gobierno_nivel,GOBERNACIÓN,SEGOB,APF,,307
3760,,,federal,,,,organismo,CULTURA,n/a,level:gobierno_nivel,CULTURA,CULTURA,APF,,402
3761,,,federal,,,,organismo,EDUCACION PUBLICA,n/a,level:gobierno_nivel,EDUCACIÓN PÚBLICA,SEP,APF,,67
3762,,,federal,,,,organismo,FUNCION PUBLICA,n/a,level:gobierno_nivel,FUNCIÓN PÚBLICA,SEFUPU,APF,,85
3763,,,federal,,,,organismo,COMUNICACIONES Y TRANSPORTES,n/a,level:gobierno_nivel,COMUNICACIONES Y TRANSPORTES,SCT,APF,,83
3764,,,federal,,,,organismo,DESARROLLO AGRARIO TERRITORIAL Y URBANO,n/a,level:gobierno_nivel,"DESARROLLO AGRARIO, TERRITORIAL Y URBANO",SEDATU,APF,,601
3765,,,federal,,,,organismo,ENTIDADES NO SECTORIZADAS,n/a,level:gobierno_nivel,ENTIDADES NO SECTORIZADAS,ENTNOSEC,APF,,548
3766,,,federal,,,,organismo,INFRAESTRUCTURA COMUNICACIONES Y TRANSPORTES,n/a,level:gobierno_nivel,"INFRAESTRUCTURA, COMUNICACIONES Y TRANSPORTES",SICT,APF,,4816
3767,,,federal,,,,organismo,SEGURIDAD Y PROTECCION CIUDADANA,n/a,level:gobierno_nivel,SEGURIDAD Y PROTECCIÓN CIUDADANA,SPC,APF,,391
3768,,,federal,,,,organismo,TURISMO,n/a,level:gobierno_nivel,TURISMO,SECTUR,APF,,276
3769,,,federal,,,,organismo,TRABAJO Y PREVISION SOCIAL,n/a,level:gobierno_nivel,TRABAJO Y PREVISIÓN SOCIAL,STPS,APF,,1390
3770,,,federal,,,,organismo,MEDIO AMBIENTE Y RECURSOS NATURALES,n/a,level:gobierno_nivel,MEDIO AMBIENTE Y RECURSOS NATURALES,SEMARNAT,APF,,468
3771,,,federal,,,,organismo,CORREDOR INTEROCEANICO DEL ISTMO DE TEHUANTEPEC,n/a,level:gobierno_nivel,Corredor Interoceánico del Istmo de Tehuantepec,CIIT,APF,,149
3772,,,federal,,,,organismo,AGENCIA NACIONAL DE ADUANAS DE MEXICO,n/a,level:gobierno_nivel,Agencia Nacional de Aduanas de México,ANAM,GF,,123
3773,,,federal,,,,organismo,DEFENSA NACIONAL,n/a,level:gobierno_nivel,DEFENSA NACIONAL,SEDENA,APF,,130
3774,,,federal,,,,organismo,OFICINA DE LA PRESIDENCIA DE LA REPUBLICA,n/a,level:gobierno_nivel,OFICINA DE LA PRESIDENCIA DE LA REPÚBLICA,PRESIDENCIA,APF,,80
3775,,,federal,,,,organismo,CENTRO FEDERAL DE CONCILIACION Y REGISTRO LABORAL,n/a,level:gobierno_nivel,Centro Federal de Conciliación y Registro Laboral,CFCRL,APF,,216
3776,,,federal,,,,organismo,AEROPUERTO INTERNACIONAL FELIPE ANGELES,n/a,level:gobierno_nivel,"Aeropuerto Internacional Felipe Ángeles, S.A. de C.V.",AIFA,APF,,72
3777,,,federal,,,,organismo,MARINA,n/a,level:gobierno_nivel,MARINA,SEMAR,APF,,22
3778,,,federal,,,,organismo,PREVISIONES Y APORTACIONES PARA LOS SISTEMAS DE EDUCACION BASICA NORMAL TECNOLOGICA Y DE ADULTOS,n/a,level:gobierno_nivel,"PREVISIONES Y APORTACIONES PARA LOS SISTEMAS DE EDUCACIÓN BÁSICA, NORMAL, TECNOLÓGICA Y DE ADULTOS",RAMO 25,APF,,33
3779,,,federal,,,,secretaria,SECRETARIA ANTICORRUPCION Y BUEN GOBIERNO,n/a,level:gobierno_nivel,SECRETARÍA ANTICORRUPCIÓN Y BUEN GOBIERNO,SABG,APF,,4386
3780,,,federal,,,,servicios de salud,SERVICIOS DE SALUD DEL INSTITUTO MEXICANO DEL SEGURO SOCIAL PARA EL BIENESTAR,n/a,level:gobierno_nivel,SERVICIOS DE SALUD DEL INSTITUTO MEXICANO DEL SEGURO SOCIAL PARA EL BIENESTAR,IMSSBIENESTAR,APF,,11323
3781,municipal|32|32044|ayuntamiento|,2,municipal,32,32044,Tabasco,ayuntamiento,,high,state:clave;text-state-overruled:27;level:GEM/GM;muni:inegi;singleton-body,TABASCO,,GEM,,2
3782,state|13||universidad tecnologica|UNIVERSIDAD TECNOLOGICA TULANCINGO,2,state,13,,,universidad tecnologica,UNIVERSIDAD TECNOLOGICA TULANCINGO,high,state:clave;level:GEM/GE,UNIVERSIDAD TECNOLÓGICA TULANCINGO,UTECTULANCINGO,GEM,,131
3784,state|30||secretaria|SECRETARIA DE INFRAESTRUCTURA Y OBRAS PUBLICAS,2,state,30,,,secretaria,SECRETARIA DE INFRAESTRUCTURA Y OBRAS PUBLICAS,high,state:clave;level:GEM/GE,SECRETARIA DE INFRAESTRUCTURA Y OBRAS PÚBLICAS,,GEM,,160
3785,,,federal,,,,organismo,ALIMENTACION PARA EL BIENESTAR,n/a,level:gobierno_nivel,"ALIMENTACIÓN PARA EL BIENESTAR, S.A. DE C.V.",DICONSA,APF,,41426
3786,municipal|28|28041|ayuntamiento|,3,municipal,28,28041,Victoria,ayuntamiento,,high,state:clave;level:GEM/GM;muni:inegi;singleton-body,VICTORIA,,GEM,,33
3787,,,federal,,,,secretaria,SECRETARIA DE LAS MUJERES,n/a,level:gobierno_nivel,SECRETARÍA DE LAS MUJERES,SEMUJERES,APF,,655
3788,,,federal,,,,organismo,INSTITUTO MEXICANO DE INVESTIGACION EN PESCA Y ACUACULTURA SUSTENTABLES,n/a,level:gobierno_nivel,INSTITUTO MEXICANO DE INVESTIGACIÓN EN PESCA Y ACUACULTURA SUSTENTABLES,IMIPAS,APF,,478
3789,state|27||secretaria|SECRETARIA DE ORDENAMIENTO TERRITORIAL Y OBRAS PUBLICAS,2,state,27,,,secretaria,SECRETARIA DE ORDENAMIENTO TERRITORIAL Y OBRAS PUBLICAS,high,state:clave;level:GEM/GE,SECRETARÍA DE ORDENAMIENTO TERRITORIAL Y OBRAS PÚBLICAS,SOTOP,GEM,,529
3791,state|19||infraestructura educativa|INSTITUTO CONSTRUCTOR DE INFRAESTRUCTURA FISICA EDUCATIVA Y DEPORTIVA,2,state,19,,,infraestructura educativa,INSTITUTO CONSTRUCTOR DE INFRAESTRUCTURA FISICA EDUCATIVA Y DEPORTIVA,high,state:clave;level:GEM/GE,INSTITUTO CONSTRUCTOR DE INFRAESTRUCTURA FISICA EDUCATIVA Y DEPORTIVA DE NUEVO LEON,ICIFED,GEM,,102
3792,municipal|18|18017|ayuntamiento|,3,municipal,18,18017,Tepic,ayuntamiento,,high,state:clave;level:GEM/GM;muni:inegi;singleton-body,TEPIC,,GEM,,14
3793,municipal|03|03008|ayuntamiento|,3,municipal,03,03008,Los Cabos,ayuntamiento,,high,state:clave;level:GEM/GM;muni:inegi;singleton-body,LOS CABOS,,GEM,,15
3794,,,federal,,,,organismo,INNOVABIENESTAR DE MEXICO,n/a,level:gobierno_nivel,"INNOVABIENESTAR DE MÉXICO, S.A.P.I. DE C.V.",IBDEMEX,APF,,147
3796,state|21||universidad tecnologica|UNIVERSIDAD TECNOLOGICA BILINGUE INTERNACIONAL Y SUSTENTABLE,1,state,21,,,universidad tecnologica,UNIVERSIDAD TECNOLOGICA BILINGUE INTERNACIONAL Y SUSTENTABLE,high,state:clave;level:GEM/GE,UNIVERSIDAD TECNOLÓGICA BILINGÜE INTERNACIONAL Y SUSTENTABLE DE PUEBLA,UTBIS PUEBLA,GEM,,42
3797,municipal|23|23009|ayuntamiento|,3,municipal,23,23009,Tulum,ayuntamiento,,high,state:clave;level:GEM/GM;muni:inegi;singleton-body,TULUM,,GEM,,15
3800,state|30||secretaria|CONTRALORIA GENERAL,3,state,30,,,secretaria,CONTRALORIA GENERAL,high,state:clave;level:GEM/GE,CONTRALORÍA GENERAL,,GEM,,27
3801,state|27||colegio de bachilleres|COLEGIO DE BACHILLERES,3,state,27,,,colegio de bachilleres,COLEGIO DE BACHILLERES,high,state:clave;level:GEM/GE,COLEGIO DE BACHILLERES DE TABASCO,COBATAB,GEM,,75
3802,,,federal,,,,organismo,BANCO DEL BIENESTAR S N C I B D,n/a,level:gobierno_nivel,"BANCO DEL BIENESTAR S.N.C., I.B.D.",BANCODELBIENESTAR,APF,,268
3803,state|06||secretaria|SECRETARIA DE INFRAESTRUCTURA DESARROLLO URBANO Y MOVILIDAD,1,state,06,,,secretaria,SECRETARIA DE INFRAESTRUCTURA DESARROLLO URBANO Y MOVILIDAD,high,state:clave;level:GEM/GE,"SECRETARÍA DE INFRAESTRUCTURA, DESARROLLO URBANO Y MOVILIDAD",SEIDUM,GEM,,93
3804,state|26||secretaria|SECRETARIA DE AGRICULTURA GANADERIA RECURSOS HIDRAULICOS PESCA Y ACUACULTURA,3,state,26,,,secretaria,SECRETARIA DE AGRICULTURA GANADERIA RECURSOS HIDRAULICOS PESCA Y ACUACULTURA,high,state:clave;level:GEM/GE,"SECRETARIA DE AGRICULTURA, GANADERÍA, RECURSOS HIDRÁULICOS, PESCA Y ACUACULTURA",,GEM,,170
3805,state|07||organismo|COMISION DE CAMINOS,2,state,07,,,organismo,COMISION DE CAMINOS,high,state:clave;level:GEM/GE,COMISIÓN ESTATAL DE CAMINOS,CCIH,GEM,,87
3806,,,federal,,,,organismo,AEROPUERTO INTERNACIONAL FELIPE ANGELES,n/a,level:gobierno_nivel,"AEROPUERTO INTERNACIONAL FELIPE ÁNGELES, S.A DE C.V.",AIFA,APF,,300
3807,,,federal,,,,organismo,GRUPO AEROPORTUARIO FERROVIARIO DE SERVICIOS AUXILIARES Y CONEXOS OLMECA MAYA MEXICA,n/a,level:gobierno_nivel,"GRUPO AEROPORTUARIO, FERROVIARIO, DE SERVICIOS AUXILIARES Y CONEXOS, OLMECA-MAYA-MEXICA, S.A. DE C.V.",GAFSACOMM,APF,,398
3808,municipal|27|27004|ayuntamiento|,3,municipal,27,27004,Centro,ayuntamiento,,high,state:clave;level:GEM/GM;muni:inegi;singleton-body,CENTRO,,GEM,,116
3809,state|04||cecyte|COLEGIO DE ESTUDIOS CIENTIFICOS Y TECNOLOGICOS,1,state,04,,,cecyte,COLEGIO DE ESTUDIOS CIENTIFICOS Y TECNOLOGICOS,high,state:clave;level:GEM/GE,COLEGIO DE ESTUDIOS CIENTÍFICOS Y TECNOLÓGICOS DEL ESTADO DE CAMPECHE,CECYTEC,GEM,,113
3810,state|07||servicios de salud|,3,state,07,,,servicios de salud,,high,state:clave;level:GEM/GE;singleton-body,INSTITUTO DE SALUD,,GEM,,217
3811,state|12||secretaria|SECRETARIA DE DESARROLLO URBANO OBRAS PUBLICAS Y ORDENAMIENTO TERRITORIAL,2,state,12,,,secretaria,SECRETARIA DE DESARROLLO URBANO OBRAS PUBLICAS Y ORDENAMIENTO TERRITORIAL,high,state:clave;level:GEM/GE,"SECRETARÍA DE DESARROLLO URBANO, OBRAS PÚBLICAS Y ORDENAMIENTO TERRITORIAL",,GEM,,9
3812,state|12||organismo de agua|COMISION DE AGUA POTABLE ALCANTARILLADO Y SANEAMIENTO,3,state,12,,,organismo de agua,COMISION DE AGUA POTABLE ALCANTARILLADO Y SANEAMIENTO,high,state:clave;level:GEM/GE,"COMISIÓN DE AGUA POTABLE, ALCANTARILLADO Y SANEAMIENTO DEL ESTADO DE GUERRERO",CAPASEG,GEM,,192
3813,state|30||organismo|INSTITUTO DE ESPACIOS EDUCATIVOS,2,state,30,,,organismo,INSTITUTO DE ESPACIOS EDUCATIVOS,high,state:clave;level:GEM/GE,INSTITUTO DE ESPACIOS EDUCATIVOS DEL ESTADO DE VERACRUZ,IEEV,GEM,,148
3814,municipal|07|07048|ayuntamiento|,1,municipal,07,07048,Juárez,ayuntamiento,,high,state:clave;level:GEM/GM;muni:inegi;singleton-body,JUÁREZ,,GEM,,47
3815,state|26||secretaria|SECRETARIA EJECUTIVA DE SEGURIDAD PUBLICA,2,state,26,,,secretaria,SECRETARIA EJECUTIVA DE SEGURIDAD PUBLICA,high,state:clave;level:GEM/GE,SECRETARÍA EJECUTIVA DE SEGURIDAD PÚBLICA DEL ESTADO DE SONORA,,GEM,,2
3816,state|07||universidad estatal|UNIVERSIDAD DE CIENCIAS Y ARTES,3,state,07,,,universidad estatal,UNIVERSIDAD DE CIENCIAS Y ARTES,high,state:clave;level:GEM/GE,UNIVERSIDAD DE CIENCIAS Y ARTES DE CHIAPAS,INICACH,GEM,,51
3817,state|08||organismo|INSTITUTO DE SALUD,2,state,08,,,organismo,INSTITUTO DE SALUD,medium,state:clave;level:GEM/GE;gentilicio-stripped,INSTITUTO CHIHUAHUENSE DE SALUD,ICHISAL,GEM,,79
3818,state|20||fiscalia/procuraduria|FISCALIA GENERAL,1,state,20,,,fiscalia/procuraduria,FISCALIA GENERAL,high,state:clave;level:GEM/GE,FISCALÍA GENERAL,,GEM,,10
3820,state|22||universidad politecnica|UNIVERSIDAD POLITECNICA DE SANTA ROSA JAUREGUI,2,state,22,,,universidad politecnica,UNIVERSIDAD POLITECNICA DE SANTA ROSA JAUREGUI,high,state:clave;level:GEM/GE,UNIVERSIDAD POLITÉCNICA DE SANTA ROSA JÁUREGUI,UPARJ,GEM,,37
3821,state|09||secretaria|SECRETARIA DE GOBIERNO,1,state,09,,,secretaria,SECRETARIA DE GOBIERNO,high,state:clave;level:GEM/GE,SECRETARÍA DE GOBIERNO,,GEM,,254
3822,state|01||servicios de salud|,3,state,01,,,servicios de salud,,high,state:clave;level:GEM/GE;singleton-body,INSTITUTO DE SERVICIOS DE SALUD DEL ESTADO DE AGUASCALIENTES,ISSEA,GEM,,236
3823,state|01||universidad politecnica|UNIVERSIDAD POLITECNICA,2,state,01,,,universidad politecnica,UNIVERSIDAD POLITECNICA,high,state:clave;level:GEM/GE,UNIVERSIDAD POLITÉCNICA DE AGUASCALIENTES,UPA,GEM,,34
3824,state|09||secretaria|SECRETARIA DE OBRAS Y SERVICIOS,2,state,09,,,secretaria,SECRETARIA DE OBRAS Y SERVICIOS,high,state:clave;level:GEM/GE,SECRETARÍA DE OBRAS Y SERVICIOS,SOBSECDMX,GEM,,149
3825,state|21||secretaria|SECRETARIA DE PLANEACION FINANZAS Y ADMINISTRACION,1,state,21,,,secretaria,SECRETARIA DE PLANEACION FINANZAS Y ADMINISTRACION,high,state:clave;level:GEM/GE,"SECRETARÍA DE PLANEACIÓN, FINANZAS Y ADMINISTRACIÓN",SAPUEBLA,GEM,,384
3826,state|28||secretaria|SECRETARIA DE ADMINISTRACION,4,state,28,,,secretaria,SECRETARIA DE ADMINISTRACION,high,state:clave;level:GEM/GE,SECRETARÍA DE ADMINISTRACIÓN,,GEM,,233
3827,,,federal,,,,secretaria,SECRETARIA DE CIENCIA HUMANIDADES TECNOLOGIA E INNOVACION,n/a,level:gobierno_nivel,"SECRETARÍA DE CIENCIA, HUMANIDADES, TECNOLOGÍA E INNOVACIÓN",SECIHTI,APF,,165
3828,state|30||secretaria|SECRETARIA DEL MEDIO AMBIENTE,1,state,30,,,secretaria,SECRETARIA DEL MEDIO AMBIENTE,high,state:clave;level:GEM/GE,SECRETARÍA DEL MEDIO AMBIENTE,,GEM,,286
3829,municipal|10|10005|ayuntamiento|,3,municipal,10,10005,Durango,ayuntamiento,,high,state:clave;level:GEM/GM;muni:inegi;singleton-body,DURANGO,DGO,GEM,,25
3830,municipal|11|11017|organismo de agua|JUNTA DE AGUA POTABLE DRENAJE ALCANTARILLADO Y SANEAMIENTO,2,municipal,11,11017,Irapuato,organismo de agua,JUNTA DE AGUA POTABLE DRENAJE ALCANTARILLADO Y SANEAMIENTO,high,state:clave;level:GEM/EPP;muni:inegi,JUNTA DE AGUA POTABLE DRENAJE ALCANTARILLADO Y SANEAMIENTO DEL MUNICIPIO DE IRAPUATO,JAPAMI,GEM,,18
3831,state|04||secretaria|SECRETARIA DE DESARROLLO URBANO Y OBRAS PUBLICAS,3,state,04,,,secretaria,SECRETARIA DE DESARROLLO URBANO Y OBRAS PUBLICAS,high,state:clave;level:GEM/GE,SECRETARÍA DE DESARROLLO URBANO Y OBRAS PÚBLICAS,,GEM,,115
3832,municipal|28|28043|ayuntamiento|,1,municipal,28,28043,Xicoténcatl,ayuntamiento,,high,state:clave;level:GEM/GM;muni:inegi;singleton-body,XICOTÉNCATL,,GEM,,2
3833,state|16||organismo|COMITE DE ADQUISICIONES DEL PODER EJECUTIVO,2,state,16,,,organismo,COMITE DE ADQUISICIONES DEL PODER EJECUTIVO,high,state:clave;level:GEM/GE,COMITÉ DE ADQUISICIONES DEL PODER EJECUTIVO,,GEM,,44
3834,state|18||organismo de agua|COMISION DE AGUA POTABLE Y ALCANTARILLADO,3,state,18,,,organismo de agua,COMISION DE AGUA POTABLE Y ALCANTARILLADO,high,state:clave;level:GEM/GE,COMISIÓN ESTATAL DE AGUA POTABLE Y ALCANTARILLADO,CEA,GEM,,52
3835,,,federal,,,,secretaria,SECRETARIA DE SEGURIDAD Y PROTECCION CIUDADANA ORGANO ADMINISTRATIVO DESCONCENTRADO PREVENCION Y REINSERCION SOCIAL,n/a,level:gobierno_nivel,SECRETARIA DE SEGURIDAD Y PROTECCION CIUDADANA ORGANO ADMINISTRATIVO DESCONCENTRADO PREVENCION Y REINSERCION SOCIAL,PRS,APF,,160
3836,state|18||servicios de salud|,3,state,18,,,servicios de salud,,high,state:clave;level:GEM/GE;singleton-body,SERVICIOS DE SALUD PÚBLICA DE NAYARIT,SSN,GEM,,254
3837,municipal|26|26029|ayuntamiento|,4,municipal,26,26029,Guaymas,ayuntamiento,,high,state:clave;level:GEM/GM;muni:inegi;singleton-body,GUAYMAS,,GEM,,10
3838,state|29||secretaria|OFICIALIA MAYOR DE GOBIERNO,1,state,29,,,secretaria,OFICIALIA MAYOR DE GOBIERNO,high,state:clave;level:GEM/GE,OFICIALÍA MAYOR DE GOBIERNO,,GEM,,244
3839,state|14||infraestructura educativa|INSTITUTO DE INFRAESTRUCTURA FISICA EDUCATIVA,2,state,14,,,infraestructura educativa,INSTITUTO DE INFRAESTRUCTURA FISICA EDUCATIVA,high,state:clave;level:GEM/GE,INSTITUTO DE INFRAESTRUCTURA FÍSICA EDUCATIVA DEL ESTADO DE JALISCO,INFEJAL,GEM,,109
3840,state|01||infraestructura educativa|INSTITUTO DE INFRAESTRUCTURA FISICA EDUCATIVA,2,state,01,,,infraestructura educativa,INSTITUTO DE INFRAESTRUCTURA FISICA EDUCATIVA,high,state:clave;level:GEM/GE,INSTITUTO DE INFRAESTRUCTURA FÍSICA EDUCATIVA DEL ESTADO DE AGUASCALIENTES,IIFEA,GEM,,24
3841,municipal|30|30210|ayuntamiento|,1,municipal,30,30210,Uxpanapa,ayuntamiento,,high,state:clave;level:GEM/GM;muni:inegi;singleton-body,UXPANAPA,,GEM,,2
3842,municipal|30|30016|ayuntamiento|,2,municipal,30,30016,La Antigua,ayuntamiento,,high,state:clave;level:GEM/GM;muni:inegi;singleton-body,LA ANTIGUA,,GEM,,6
3843,municipal|04|04002|ayuntamiento|,3,municipal,04,04002,Campeche,ayuntamiento,,high,state:clave;level:GEM/GM;muni:inegi;singleton-body,CAMPECHE,,GEM,,14
3844,municipal|28|28033|ayuntamiento|,3,municipal,28,28033,Río Bravo,ayuntamiento,,high,state:clave;level:GEM/GM;muni:inegi;singleton-body,RÍO BRAVO,,GEM,,9
3845,municipal|27|27006|ayuntamiento|,2,municipal,27,27006,Cunduacán,ayuntamiento,,high,state:clave;level:GEM/GM;muni:inegi;singleton-body,CUNDUACÁN,,GEM,,41
3846,state|30||secretaria|SECRETARIA DE EDUCACION,2,state,30,,,secretaria,SECRETARIA DE EDUCACION,high,state:clave;level:GEM/GE,SECRETARÍA DE EDUCACIÓN,SEV,GEM,,562
3847,state|30||poder judicial|,3,state,30,,,poder judicial,,high,state:clave;level:GEM/GE;singleton-body,PODER JUDICIAL,,GEM,,28
3848,municipal|28|28027|ayuntamiento|,2,municipal,28,28027,Nuevo Laredo,ayuntamiento,,high,state:clave;level:GEM/GM;muni:inegi;singleton-body,NUEVO LAREDO,,GEM,,46
3849,state|04||organismo|AUTORIDAD DEL PATRIMONIO CULTURAL,1,state,04,,,organismo,AUTORIDAD DEL PATRIMONIO CULTURAL,high,state:clave;level:GEM/GE,AUTORIDAD DEL PATRIMONIO CULTURAL DEL ESTADO DE CAMPECHE,APCEC,GEM,,40
3850,municipal|19|19014|organismo|DR ARROYO,1,municipal,19,19014,Doctor Arroyo,organismo,DR ARROYO,high,state:clave;level:GEM/GM;muni:inegi,DR. ARROYO,,GEM,,18
3851,state|04||organismo|INSTITUTO DE LA MUJER,2,state,04,,,organismo,INSTITUTO DE LA MUJER,high,state:clave;level:GEM/GE,INSTITUTO DE LA MUJER DEL ESTADO DE CAMPECHE,IMEC,GEM,,83
3852,state|04||secretaria|SECRETARIA DE ADMINISTRACION Y FINANZAS,1,state,04,,,secretaria,SECRETARIA DE ADMINISTRACION Y FINANZAS,high,state:clave;level:GEM/GE,SECRETARÍA DE ADMINISTRACIÓN Y FINANZAS,,GEM,,104
3853,municipal|28|28003|ayuntamiento|,3,municipal,28,28003,Altamira,ayuntamiento,,high,state:clave;level:GEM/GM;muni:inegi;singleton-body,ALTAMIRA,,GEM,,50
3855,state|22||organismo|COLEGIO DE ESTUDIOS CIENTIFICOS TECNOLOGICOS,1,state,22,,,organismo,COLEGIO DE ESTUDIOS CIENTIFICOS TECNOLOGICOS,high,state:clave;level:GEM/GE,COLEGIO DE ESTUDIOS CIENTÍFICOS TECNOLÓGICOS DEL ESTADO DE QUERÉTARO,CECYTEQ,GEM,,28
3856,state|28||secretaria|SECRETARIA DE OBRAS PUBLICAS,2,state,28,,,secretaria,SECRETARIA DE OBRAS PUBLICAS,high,state:clave;level:GEM/GE,SECRETARIA DE OBRAS PUBLICAS DEL GOBIERNO DEL ESTADO DE TAMAULIPAS,SOP,GEM,,353
3857,state|27||universidad tecnologica|UNIVERSIDAD TECNOLOGICA,2,state,27,,,universidad tecnologica,UNIVERSIDAD TECNOLOGICA,high,state:clave;level:GEM/GE,UNIVERSIDAD TECNOLÓGICA DE TABASCO,UTTAB,GEM,,89
3858,municipal|11|TXT:COMITE MUNICIPAL DE AGUA POTABLE Y ALCANTARILLADO JUVENTINO ROSAS|organismo de agua|COMITE MUNICIPAL DE AGUA POTABLE Y ALCANTARILLADO JUVENTINO ROSAS,1,municipal,11,TXT:COMITE MUNICIPAL DE AGUA POTABLE Y ALCANTARILLADO JUVENTINO ROSAS,,organismo de agua,COMITE MUNICIPAL DE AGUA POTABLE Y ALCANTARILLADO JUVENTINO ROSAS,low,state:clave;level:GEM/EPP;muni:unresolved,COMITÉ MUNICIPAL DE AGUA POTABLE Y ALCANTARILLADO JUVENTINO ROSAS,CEMAPAJ,GEM,,1
3859,state|08||universidad estatal|UNIVERSIDAD AUTONOMA DE CD JUAREZ,2,state,08,,,universidad estatal,UNIVERSIDAD AUTONOMA DE CD JUAREZ,high,state:clave;level:GEM/GE,UNIVERSIDAD AUTÓNOMA DE CD. JUÁREZ,UACJ,GEM,,32
3860,municipal|28|28032|ayuntamiento|,4,municipal,28,28032,Reynosa,ayuntamiento,,high,state:clave;level:GEM/GM;muni:inegi;singleton-body,REYNOSA,,GEM,,125
3861,state|14||organismo|INSTITUTO TECNOLOGICO JOSE MARIO MOLINA PASQUEL Y HENRIQUEZ,1,state,14,,,organismo,INSTITUTO TECNOLOGICO JOSE MARIO MOLINA PASQUEL Y HENRIQUEZ,high,state:clave;level:GEM/GE,INSTITUTO TECNOLÓGICO JOSÉ MARIO MOLINA PASQUEL Y HENRÍQUEZ,TECMM,GEM,,52
3862,state|14||organismo|INSTITUTO DE FORMACION PARA EL TRABAJO,1,state,14,,,organismo,INSTITUTO DE FORMACION PARA EL TRABAJO,high,state:clave;level:GEM/GE,INSTITUTO DE FORMACIÓN PARA EL TRABAJO DEL ESTADO DE JALISCO,IDEFT,GEM,,40
3863,state|17||organismo|INSTITUTO DE LA MUJER,2,state,17,,,organismo,INSTITUTO DE LA MUJER,high,state:clave;level:GEM/GE,INSTITUTO DE LA MUJER PARA EL ESTADO DE MORELOS,IMMORELOS,GEM,,17
3864,state|31||organismo de agua|JUNTA DE AGUA POTABLE Y ALCANTARILLADO,3,state,31,,,organismo de agua,JUNTA DE AGUA POTABLE Y ALCANTARILLADO,high,state:clave;level:GEM/GE,JUNTA DE AGUA POTABLE Y ALCANTARILLADO DE YUCATÁN,JAPAY,GEM,,61
3865,state|06||organismo|COORDINACION DE LOS SERVICIOS EDUCATIVOS,2,state,06,,,organismo,COORDINACION DE LOS SERVICIOS EDUCATIVOS,high,state:clave;level:GEM/GE,COORDINACIÓN DE LOS SERVICIOS EDUCATIVOS DEL ESTADO DE COLIMA,,GEM,,142
3866,state|08||organismo de agua|JUNTA CENTRAL DE AGUA Y SANEAMIENTO,3,state,08,,,organismo de agua,JUNTA CENTRAL DE AGUA Y SANEAMIENTO,high,state:clave;level:GEM/GE,JUNTA CENTRAL DE AGUA Y SANEAMIENTO,JCAS,GEM,,60
3867,state|26||organismo|CENTRO REGIONAL DE FORMACION PROFESIONAL DOCENTE,2,state,26,,,organismo,CENTRO REGIONAL DE FORMACION PROFESIONAL DOCENTE,high,state:clave;level:GEM/GE,CENTRO REGIONAL DE FORMACIÓN PROFESIONAL DOCENTE DE SONORA,CRESON,GEM,,4
3868,state|13||organismo de agua|COMISION DE AGUA Y ALCANTARILLADO,2,state,13,,,organismo de agua,COMISION DE AGUA Y ALCANTARILLADO,high,state:clave;level:GEM/GE,COMISIÓN ESTATAL DE AGUA Y ALCANTARILLADO,CEAA,GEM,,149
3869,state|08||organismo|SERVICIOS EDUCATIVOS,2,state,08,,,organismo,SERVICIOS EDUCATIVOS,high,state:clave;level:GEM/GE,SERVICIOS EDUCATIVOS DEL ESTADO DE CHIHUAHUA,SEECH,GEM,,21
3870,state|05||universidad estatal|UNIVERSIDAD AUTONOMA,2,state,05,,,universidad estatal,UNIVERSIDAD AUTONOMA,high,state:clave;level:GEM/GE,UNIVERSIDAD AUTÓNOMA DE COAHUILA,UADEC,GEM,,5
3871,municipal|15|15025|organismo de agua|SERVICIOS DE AGUA POTABLE ALCANTARILLADO Y SANEAMIENTO,2,municipal,15,15025,Chalco,organismo de agua,SERVICIOS DE AGUA POTABLE ALCANTARILLADO Y SANEAMIENTO,high,state:clave;level:GEM/EPP;muni:inegi,"SERVICIOS DE AGUA POTABLE, ALCANTARILLADO Y SANEAMIENTO DEL MUNICIPIO DE CHALCO",ODAPAS,GEM,,7
3872,municipal|08|08019|ayuntamiento|,3,municipal,08,08019,Chihuahua,ayuntamiento,,high,state:clave;level:GEM/GM;muni:inegi;singleton-body,CHIHUAHUA,CHIH,GEM,,28
3873,municipal|08|08019|organismo|CONSEJO DE URBANIZACION MUNICIPAL,1,municipal,08,08019,Chihuahua,organismo,CONSEJO DE URBANIZACION MUNICIPAL,high,state:clave;level:GEM/EPP;muni:inegi,CONSEJO DE URBANIZACIÓN MUNICIPAL DE CHIHUAHUA,CUM,GEM,,31
3874,state|03||infraestructura educativa|INSTITUTO DE LA INFRAESTRUCTURA FISICA EDUCATIVA,3,state,03,,,infraestructura educativa,INSTITUTO DE LA INFRAESTRUCTURA FISICA EDUCATIVA,medium,state:clave;level:GEM/GE;gentilicio-stripped,INSTITUTO SUDCALIFORNIANO DE LA INFRAESTRUCTURA FÍSICA EDUCATIVA,ISIFE,GEM,,41
3875,state|27||organismo de agua|COMISION DE AGUA Y SANEAMIENTO,3,state,27,,,organismo de agua,COMISION DE AGUA Y SANEAMIENTO,high,state:clave;level:GEM/GE,COMISIÓN ESTATAL DE AGUA Y SANEAMIENTO,CEAS,GEM,,115
3876,state|05||organismo|CENTRO DE CONCILIACION LABORAL,1,state,05,,,organismo,CENTRO DE CONCILIACION LABORAL,high,state:clave;level:GEM/GE,CENTRO DE CONCILIACIÓN LABORAL DEL ESTADO DE COAHUILA DE ZARAGOZA,CCLCZ,GEM,,5
3877,state|30||organismo|INSTITUTO DE LAS MUJERES,2,state,30,,,organismo,INSTITUTO DE LAS MUJERES,medium,state:clave;level:GEM/GE;gentilicio-stripped,INSTITUTO VERACRUZANO DE LAS MUJERES,IVEMUJERES,GEM,,45
3878,,,federal,,,,organismo,COMISION NACIONAL DE ENERGIA,n/a,level:gobierno_nivel,COMISIÓN NACIONAL DE ENERGÍA,CNE,APF,,68
3879,state|15||universidad estatal|UNIVERSIDAD DEL BICENTENARIO,2,state,15,,,universidad estatal,UNIVERSIDAD DEL BICENTENARIO,medium,state:clave;level:GEM/GE;gentilicio-stripped,UNIVERSIDAD MEXIQUENSE DEL BICENTENARIO,UMB,GEM,,43
3880,municipal|11|11007|organismo de agua|JUNTA MUNICIPAL DE AGUA POTABLE Y ALCANTARILLADO,3,municipal,11,11007,Celaya,organismo de agua,JUNTA MUNICIPAL DE AGUA POTABLE Y ALCANTARILLADO,high,state:clave;level:GEM/EPP;muni:inegi,JUNTA MUNICIPAL DE AGUA POTABLE Y ALCANTARILLADO DE CELAYA,JUMAPA,GEM,,30
3882,state|27||hospital|HOSPITAL REGIONAL DE ALTA ESPECIALIDAD DR JUAN GRAHAM CASASUS,1,state,27,,,hospital,HOSPITAL REGIONAL DE ALTA ESPECIALIDAD DR JUAN GRAHAM CASASUS,high,state:clave;level:GEM/GE,HOSPITAL REGIONAL DE ALTA ESPECIALIDAD DR. JUAN GRAHAM CASASUS,SSA-HRAEDJGC,GEM,,176
3883,state|21||universidad estatal|UNIVERSIDAD INTERSERRANA,1,state,21,,,universidad estatal,UNIVERSIDAD INTERSERRANA,high,state:clave;level:GEM/GE,UNIVERSIDAD INTERSERRANA DEL ESTADO DE PUEBLA,UIEPA,GEM,,65
3885,state|03||organismo de agua|COMISION DEL AGUA,3,state,03,,,organismo de agua,COMISION DEL AGUA,high,state:clave;level:GEM/GE,COMISIÓN ESTATAL DEL AGUA,,GEM,,162
3886,state|07||organismo de agua|INSTITUTO DEL AGUA,2,state,07,,,organismo de agua,INSTITUTO DEL AGUA,high,state:clave;level:GEM/GE,INSTITUTO ESTATAL DEL AGUA,IEA,GEM,,10
3887,state|19||organismo|INSTITUTO DE LAS MUJERES,2,state,19,,,organismo,INSTITUTO DE LAS MUJERES,high,state:clave;level:GEM/GE,INSTITUTO ESTATAL DE LAS MUJERES,IEMNL,GEM,,15
3888,state|08||organismo|INSTITUTO DE LAS MUJERES,1,state,08,,,organismo,INSTITUTO DE LAS MUJERES,medium,state:clave;level:GEM/GE;gentilicio-stripped,INSTITUTO CHIHUAHUENSE DE LAS MUJERES,,GEM,,7
3889,state|30||tecnologico superior (estatal)|INSTITUTO TECNOLOGICO SUPERIOR DE TANTOYUCA,2,state,30,,,tecnologico superior (estatal),INSTITUTO TECNOLOGICO SUPERIOR DE TANTOYUCA,high,state:clave;level:GEM/GE,INSTITUTO TECNOLÓGICO SUPERIOR DE TANTOYUCA,ITSTA,GEM,,38
3890,state|12||secretaria de salud|,2,state,12,,,secretaria de salud,,high,state:clave;level:GEM/GE;singleton-body,SECRETARÍA DE SALUD (GRO),,GEM,,73
3891,municipal|20|TXT:COMUNIDAD INDIGENA DE SANTA MARIA YAHUICHE|comunidad indigena|COMUNIDAD INDIGENA DE SANTA MARIA YAHUICHE,1,municipal,20,TXT:COMUNIDAD INDIGENA DE SANTA MARIA YAHUICHE,,comunidad indigena,COMUNIDAD INDIGENA DE SANTA MARIA YAHUICHE,low,state:clave;level:GEM/CI;muni:unresolved,COMUNIDAD INDÍGENA DE SANTA MARÍA YAHUICHE,,GEM,,1
3892,state|04||dif estatal|,2,state,04,,,dif estatal,,high,state:clave;level:GEM/GE;singleton-body,SISTEMA PARA EL DESARROLLO INTEGRAL DE LA FAMILIA DEL ESTADO DE CAMPECHE,DIFCAMPECHE,GEM,,18
3893,state|11||fiscalia/procuraduria|FISCALIA GENERAL,1,state,11,,,fiscalia/procuraduria,FISCALIA GENERAL,high,state:clave;level:GEM/GE,FISCALÍA GENERAL DEL ESTADO DE GUANAJUATO,FGEGUANAJUATO,GEM,,11
3894,state|17||colegio de bachilleres|COLEGIO DE BACHILLERES,1,state,17,,,colegio de bachilleres,COLEGIO DE BACHILLERES,high,state:clave;level:GEM/GE,COLEGIO DE BACHILLERES DEL ESTADO DE MORELOS,COBAEM,GEM,,13
3895,state|27||universidad politecnica|UNIVERSIDAD POLITECNICA DEL GOLFO DE MEXICO,2,state,27,,,universidad politecnica,UNIVERSIDAD POLITECNICA DEL GOLFO DE MEXICO,high,state:clave;level:GEM/GE,UNIVERSIDAD POLITÉCNICA DEL GOLFO DE MÉXICO,UPDELGOLFO,GEM,,11
3896,municipal|11|11015|ayuntamiento|,2,municipal,11,11015,Guanajuato,ayuntamiento,,high,state:clave;level:GEM/GM;muni:inegi;singleton-body,GUANAJUATO,,GEM,,7
3897,state|11||secretaria|SECRETARIA DE FINANZAS Y ADMINISTRACION,1,state,11,,,secretaria,SECRETARIA DE FINANZAS Y ADMINISTRACION,high,state:clave;level:GEM/GE,SECRETARÍA DE FINANZAS Y ADMINISTRACIÓN,FINANZASGTO,GEM,,99
3898,state|01||organismo|INSTITUTO DE LAS MUJERES,2,state,01,,,organismo,INSTITUTO DE LAS MUJERES,medium,state:clave;level:GEM/GE;gentilicio-stripped,INSTITUTO AGUASCALENTENSE DE LAS MUJERES,IAM,GEM,,12
3899,state|08||organismo|INSTITUTO DE CAPACITACION PARA EL TRABAJO,1,state,08,,,organismo,INSTITUTO DE CAPACITACION PARA EL TRABAJO,high,state:clave;level:GEM/GE,INSTITUTO DE CAPACITACIÓN PARA EL TRABAJO DEL ESTADO DE CHIHUAHUA,ICATECH,GEM,,50
3900,state|20||organismo de agua|COMISION DEL AGUA PARA EL BIENESTAR,1,state,20,,,organismo de agua,COMISION DEL AGUA PARA EL BIENESTAR,high,state:clave;level:GEM/GE,COMISIÓN ESTATAL DEL AGUA PARA EL BIENESTAR,CEA,GEM,,32
3901,municipal|27|27001|ayuntamiento|,2,municipal,27,27001,Balancán,ayuntamiento,,high,state:clave;level:GEM/GM;muni:inegi;singleton-body,BALANCÁN,,GEM,,10
3902,municipal|15|15076|organismo de agua|ORGANISMO PUBLICO DESCENTRALIZADO PARA LA PRESTACION DE LOS SERVICIOS DE AGUA POTABLE ALCANTARILLADO Y SANEAMIENTO,1,municipal,15,15076,San Mateo Atenco,organismo de agua,ORGANISMO PUBLICO DESCENTRALIZADO PARA LA PRESTACION DE LOS SERVICIOS DE AGUA POTABLE ALCANTARILLADO Y SANEAMIENTO,high,state:clave;level:GEM/EPP;muni:inegi,"ORGANISMO PÚBLICO DESCENTRALIZADO PARA LA PRESTACIÓN DE LOS SERVICIOS DE AGUA POTABLE, ALCANTARILLADO Y SANEAMIENTO DEL MUNICIPIO DE SAN MATEO ATENCO",OPDAPAS,GEM,,5
3903,state|31||infraestructura educativa|INSTITUTO PARA EL DESARROLLO Y CERTIFICACION DE LA INFRAESTRUCTURA FISICA EDUCATIVA Y ELECTRICA,1,state,31,,,infraestructura educativa,INSTITUTO PARA EL DESARROLLO Y CERTIFICACION DE LA INFRAESTRUCTURA FISICA EDUCATIVA Y ELECTRICA,high,state:clave;level:GEM/GE,INSTITUTO PARA EL DESARROLLO Y CERTIFICACIÓN DE LA INFRAESTRUCTURA FÍSICA EDUCATIVA Y ELÉCTRICA DE YUCATÁN,IDEFEEY,GEM,,33
3904,municipal|13|13003|ayuntamiento|,2,municipal,13,13003,Actopan,ayuntamiento,,high,state:clave;level:GEM/GM;muni:inegi;singleton-body,ACTOPAN,,GEM,,18
3905,state|07||secretaria|SECRETARIA DE INFRAESTRUCTURA,2,state,07,,,secretaria,SECRETARIA DE INFRAESTRUCTURA,high,state:clave;level:GEM/GE,SECRETARÍA DE INFRAESTRUCTURA,SEINFRA,GEM,,124
3906,state|30||cecyte|COLEGIO DE ESTUDIOS CIENTIFICOS Y TECNOLOGICOS,1,state,30,,,cecyte,COLEGIO DE ESTUDIOS CIENTIFICOS Y TECNOLOGICOS,high,state:clave;level:GEM/GE,COLEGIO DE ESTUDIOS CIENTÍFICOS Y TECNOLÓGICOS,CECYTEV,GEM,,43
3908,state|21||universidad intercultural|UNIVERSIDAD INTERCULTURAL,2,state,21,,,universidad intercultural,UNIVERSIDAD INTERCULTURAL,high,state:clave;level:GEM/GE,UNIVERSIDAD INTERCULTURAL DEL ESTADO DE PUEBLA,UIEP,GEM,,4
3909,state|14||organismo de agua|SISTEMA INTERMUNICIPAL DE LOS SERVICIOS DE AGUA POTABLE Y ALCANTARILLADO,2,state,14,,,organismo de agua,SISTEMA INTERMUNICIPAL DE LOS SERVICIOS DE AGUA POTABLE Y ALCANTARILLADO,high,state:clave;level:GEM/GE,SISTEMA INTERMUNICIPAL DE LOS SERVICIOS DE AGUA POTABLE Y ALCANTARILLADO,SIAPA,GEM,,26
3910,state|19||dif estatal|,3,state,19,,,dif estatal,,high,state:clave;level:GEM/GE;singleton-body,SISTEMA PARA EL DESARROLLO INTEGRAL DE LA FAMILIA DE NUEVO LEÓN,DIFNL,GEM,,33
3911,state|25||secretaria|SECRETARIA DE EDUCACION PUBLICA Y CULTURA,2,state,25,,,secretaria,SECRETARIA DE EDUCACION PUBLICA Y CULTURA,high,state:clave;level:GEM/GE,SECRETARÍA DE EDUCACIÓN PÚBLICA Y CULTURA,SEPYC,GEM,,19
3912,municipal|30|30038|ayuntamiento|,2,municipal,30,30038,Coatepec,ayuntamiento,,high,state:clave;level:GEM/GM;muni:inegi;singleton-body,COATEPEC,,GEM,,26
3913,state|27||universidad intercultural|UNIVERSIDAD INTERCULTURAL,1,state,27,,,universidad intercultural,UNIVERSIDAD INTERCULTURAL,high,state:clave;level:GEM/GE,UNIVERSIDAD INTERCULTURAL DEL ESTADO DE TABASCO,UIET,GEM,,3
3914,state|30||organismo|HIDROSISTEMA DE CORDOBA,1,state,30,,,organismo,HIDROSISTEMA DE CORDOBA,high,state:clave;level:GEM/EPP,HIDROSISTEMA DE CÓRDOBA,,GEM,,17
3915,municipal|15|15109|organismo de agua|ORGANISMO PUBLICO DESCENTRALIZADO PARA LA PRESTACION DE LOS SERVICIOS DE AGUA POTABLE ALCANTARILLADO Y SANEAMIENTO,1,municipal,15,15109,Tultitlán,organismo de agua,ORGANISMO PUBLICO DESCENTRALIZADO PARA LA PRESTACION DE LOS SERVICIOS DE AGUA POTABLE ALCANTARILLADO Y SANEAMIENTO,high,state:clave;level:GEM/EPP;muni:inegi,"ORGANISMO PÚBLICO DESCENTRALIZADO PARA LA PRESTACION DE LOS SERVICIOS DE AGUA POTABLE, ALCANTARILLADO Y SANEAMIENTO DEL MUNICIPIO DE TULTITLAN",APAST,GEM,,32
3916,municipal|21|21132|ayuntamiento|,2,municipal,21,21132,San Martín Texmelucan,ayuntamiento,,high,state:clave;level:GEM/GM;muni:inegi;singleton-body,SAN MARTÍN TEXMELUCAN,,GEM,,1
3917,state|02||dif estatal|,2,state,02,,,dif estatal,,high,state:clave;level:GEM/GE;singleton-body,SISTEMA PARA EL DESARROLLO INTEGRAL DE LA FAMILIA DE BAJA CALIFORNIA,DIFBC,GEM,,23
3918,municipal|26|26043|ayuntamiento|,3,municipal,26,26043,Nogales,ayuntamiento,,high,state:clave;level:GEM/GM;muni:inegi;singleton-body,NOGALES,,GEM,,3
3919,municipal|24|24040|ayuntamiento|,1,municipal,24,24040,Tamuín,ayuntamiento,,high,state:clave;level:GEM/GM;muni:inegi;singleton-body,TAMUÍN,,GEM,,11
3920,state|24||infraestructura educativa|INSTITUTO DE INFRAESTRUCTURA FISICA EDUCATIVA,3,state,24,,,infraestructura educativa,INSTITUTO DE INFRAESTRUCTURA FISICA EDUCATIVA,high,state:clave;level:GEM/GE,INSTITUTO ESTATAL DE INFRAESTRUCTURA FÍSICA EDUCATIVA,IEIFE,GEM,,87
3921,municipal|25|25006|ayuntamiento|,3,municipal,25,25006,Culiacán,ayuntamiento,,high,state:clave;level:GEM/GM;muni:inegi;singleton-body,CULIACÁN,,GEM,,17
3922,municipal|27|27005|ayuntamiento|,3,municipal,27,27005,Comalcalco,ayuntamiento,,high,state:clave;level:GEM/GM;muni:inegi;singleton-body,COMALCALCO,,GEM,,7
3923,municipal|17|17014|ayuntamiento|,2,municipal,17,17014,Mazatepec,ayuntamiento,,high,state:clave;level:GEM/GM;muni:inegi;singleton-body,MAZATEPEC,,GEM,,2
3924,state|30||secretaria|SECRETARIA DE FINANZAS Y PLANEACION,2,state,30,,,secretaria,SECRETARIA DE FINANZAS Y PLANEACION,high,state:clave;level:GEM/GE,SECRETARÍA DE FINANZAS Y PLANEACIÓN,,GEM,,11
3925,municipal|15|15087|ayuntamiento|,1,municipal,15,15087,Temoaya,ayuntamiento,,high,state:clave;level:GEM/GM;muni:inegi;singleton-body,TEMOAYA,,GEM,,7
3926,state|02||secretaria|SECRETARIA DE INFRAESTRUCTURA DESARROLLO URBANO Y REORDENACION TERRITORIAL,1,state,02,,,secretaria,SECRETARIA DE INFRAESTRUCTURA DESARROLLO URBANO Y REORDENACION TERRITORIAL,high,state:clave;level:GEM/GE,"SECRETARÍA DE INFRAESTRUCTURA, DESARROLLO URBANO Y REORDENACIÓN TERRITORIAL",SIDURT,GEM,,3
3927,state|04||organismo|INSTITUTO DE CAPACITACION PARA EL TRABAJO,2,state,04,,,organismo,INSTITUTO DE CAPACITACION PARA EL TRABAJO,high,state:clave;level:GEM/GE,INSTITUTO DE CAPACITACIÓN PARA EL TRABAJO DEL ESTADO DE CAMPECHE,ICATCAM,GEM,,5
3928,municipal|26|26055|organismo de agua|ORGANISMO OPERADOR MUNICIPAL DE AGUA POTABLE ALCANTARILLADO Y SANEAMIENTO,1,municipal,26,26055,San Luis Río Colorado,organismo de agua,ORGANISMO OPERADOR MUNICIPAL DE AGUA POTABLE ALCANTARILLADO Y SANEAMIENTO,high,state:clave;level:GEM/EPP;muni:inegi,"ORGANISMO OPERADOR MUNICIPAL DE AGUA POTABLE, ALCANTARILLADO Y SANEAMIENTO DE SAN LUIS RÍO COLORADO",OOMAPASSLRC,GEM,,6
3929,state|04||infraestructura educativa|INSTITUTO DE INFRAESTRUCTURA FISICA EDUCATIVA,2,state,04,,,infraestructura educativa,INSTITUTO DE INFRAESTRUCTURA FISICA EDUCATIVA,high,state:clave;level:GEM/GE,INSTITUTO DE INFRAESTRUCTURA FÍSICA EDUCATIVA DEL ESTADO DE CAMPECHE,INIFEEC,GEM,,83
3930,municipal|04|04001|ayuntamiento|,2,municipal,04,04001,Calkiní,ayuntamiento,,high,state:clave;level:GEM/GM;muni:inegi;singleton-body,CALKINÍ,,GEM,,10
3931,municipal|32|32054|ayuntamiento|,2,municipal,32,32054,Villa Hidalgo,ayuntamiento,,high,state:clave;level:GEM/GM;muni:inegi;singleton-body,VILLA HIDALGO,,GEM,,7
3932,municipal|28|28022|ayuntamiento|,4,municipal,28,28022,Matamoros,ayuntamiento,,high,state:clave;level:GEM/GM;muni:inegi;singleton-body,MATAMOROS,,GEM,,130
3933,state|20||universidad estatal|UNIVERSIDAD AUTONOMA BENITO JUAREZ,3,state,20,,,universidad estatal,UNIVERSIDAD AUTONOMA BENITO JUAREZ,high,state:clave;level:GEM/GE,UNIVERSIDAD AUTÓNOMA BENITO JUÁREZ,UABJO,GEM,,67
3934,state|01||organismo de agua|INSTITUTO DEL AGUA,3,state,01,,,organismo de agua,INSTITUTO DEL AGUA,high,state:clave;level:GEM/GE,INSTITUTO DEL AGUA DEL ESTADO,INAGUA,GEM,,27
3935,state|16||secretaria|SECRETARIA DE CONTRALORIA,2,state,16,,,secretaria,SECRETARIA DE CONTRALORIA,high,state:clave;level:GEM/GE,SECRETARÍA DE CONTRALORÍA,,GEM,,68
3936,state|19||organismo de agua|SERVICIOS DE AGUA Y DRENAJE DE MONTERREY I P D,2,state,19,,,organismo de agua,SERVICIOS DE AGUA Y DRENAJE DE MONTERREY I P D,high,state:clave;level:GEM/GE,"SERVICIOS DE AGUA Y DRENAJE DE MONTERREY, I.P.D.",SADM,GEM,,46
3938,municipal|15|15037|organismo de agua|ORGANISMO PUBLICO DESCENTRALIZADO PARA LA PRESTACION DE LOS SERVICIOS DE AGUA POTABLE DRENAJE Y TRATAMIENTO DE AGUAS RESIDUALES MEXICO,1,municipal,15,15037,Huixquilucan,organismo de agua,ORGANISMO PUBLICO DESCENTRALIZADO PARA LA PRESTACION DE LOS SERVICIOS DE AGUA POTABLE DRENAJE Y TRATAMIENTO DE AGUAS RESIDUALES MEXICO,high,state:clave;level:GEM/EPP;muni:inegi,"ORGANISMO PÚBLICO DESCENTRALIZADO PARA LA PRESTACIÓN DE LOS SERVICIOS DE AGUA POTABLE, DRENAJE Y TRATAMIENTO DE AGUAS RESIDUALES DEL MUNICIPIO DE HUIXQUILUCAN, MÉXICO",,GEM,,12
3939,state|30||organismo de agua|INSTITUTO METROPOLITANO DEL AGUA DE LOS MUNICIPIOS Y MEDELLIN DE BRAVO,1,state,30,,,organismo de agua,INSTITUTO METROPOLITANO DEL AGUA DE LOS MUNICIPIOS Y MEDELLIN DE BRAVO,high,state:clave;level:GEM/EPP,INSTITUTO METROPOLITANO DEL AGUA DE LOS MUNICIPIOS DE VERACRUZ Y MEDELLÍN DE BRAVO,,GEM,,6
3940,municipal|11|11011|organismo de agua|JUNTA MUNICIPAL DE AGUA POTABLE Y ALCANTARILLADO,1,municipal,11,11011,Cortazar,organismo de agua,JUNTA MUNICIPAL DE AGUA POTABLE Y ALCANTARILLADO,high,state:clave;level:GEM/EPP;muni:inegi,JUNTA MUNICIPAL DE AGUA POTABLE Y ALCANTARILLADO DE CORTAZAR,JUMAPAC,GEM,,2
3941,municipal|17|17020|ayuntamiento|,2,municipal,17,17020,Tepoztlán,ayuntamiento,,high,state:clave;level:GEM/GM;muni:inegi;singleton-body,TEPOZTLÁN,,GEM,,8
3942,municipal|26|26018|ayuntamiento|,3,municipal,26,26018,Cajeme,ayuntamiento,,high,state:clave;level:GEM/GM;muni:inegi;singleton-body,CAJEME,,GEM,,124
3943,municipal|19|19039|ayuntamiento|,3,municipal,19,19039,Monterrey,ayuntamiento,,high,state:clave;level:GEM/GM;muni:inegi;singleton-body,MONTERREY,,GEM,,2
3944,state|10||organismo|SECRETARIADO EJECUTIVO DEL CONSEJO ESTATAL DE SEGURIDAD PUBLICA,1,state,10,,,organismo,SECRETARIADO EJECUTIVO DEL CONSEJO ESTATAL DE SEGURIDAD PUBLICA,high,state:clave;level:GEM/GE,SECRETARIADO EJECUTIVO DEL CONSEJO ESTATAL DE SEGURIDAD PÚBLICA,SECESP,GEM,,11
3945,state|09||secretaria|SECRETARIA DE SEGURIDAD CIUDADANA,2,state,09,,,secretaria,SECRETARIA DE SEGURIDAD CIUDADANA,high,state:clave;level:GEM/GE,SECRETARÍA DE SEGURIDAD CIUDADANA DE LA CIUDAD DE MÉXICO,,GEM,,6
3946,municipal|30|30145|ayuntamiento|,2,municipal,30,30145,Soconusco,ayuntamiento,,high,state:clave;level:GEM/GM;muni:inegi;singleton-body,SOCONUSCO,,GEM,,7
3947,state|32||organismo de agua|SECRETARIA DEL AGUA Y MEDIO AMBIENTE,2,state,32,,,organismo de agua,SECRETARIA DEL AGUA Y MEDIO AMBIENTE,high,state:clave;level:GEM/GE,SECRETARÍA DEL AGUA Y MEDIO AMBIENTE,SAMA,GEM,,48
3948,municipal|05|05035|ayuntamiento|,3,municipal,05,05035,Torreón,ayuntamiento,,high,state:clave;level:GEM/GM;muni:inegi;singleton-body,TORREÓN,,GEM,,28
3949,state|15||tecnologico superior (estatal)|TECNOLOGICO DE ESTUDIOS SUPERIORES DE JILOTEPEC,1,state,15,,,tecnologico superior (estatal),TECNOLOGICO DE ESTUDIOS SUPERIORES DE JILOTEPEC,high,state:clave;level:GEM/GE,TECNOLÓGICO DE ESTUDIOS SUPERIORES DE JILOTEPEC,TESJI,GEM,,52
3951,state|15||organismo de agua|ORGANISMO DESCENTRALIZADO DEL AGUA POTABLE DE NEZAHUALCOYOTL,1,state,15,,,organismo de agua,ORGANISMO DESCENTRALIZADO DEL AGUA POTABLE DE NEZAHUALCOYOTL,high,state:clave;level:GEM/EPP,ORGANISMO DESCENTRALIZADO DEL AGUA POTABLE DE NEZAHUALCOYOTL,ODAPAS,GEM,,13
3952,state|22||universidad tecnologica|UNIVERSIDAD TECNOLOGICA DE SAN JUAN DEL RIO,2,state,22,,,universidad tecnologica,UNIVERSIDAD TECNOLOGICA DE SAN JUAN DEL RIO,high,state:clave;level:GEM/GE,UNIVERSIDAD TECNOLÓGICA DE SAN JUAN DEL RÍO,UTSJR,GEM,,25
3953,municipal|07|07068|ayuntamiento|,1,municipal,07,07068,Pichucalco,ayuntamiento,,high,state:clave;level:GEM/GM;muni:inegi;singleton-body,PICHUCALCO,,GEM,,22
3954,municipal|28|28009|ayuntamiento|,3,municipal,28,28009,Ciudad Madero,ayuntamiento,,high,state:clave;level:GEM/GM;muni:inegi;singleton-body,CIUDAD MADERO,,GEM,,14
3955,state|05||secretaria|SECRETARIA DE FINANZAS,3,state,05,,,secretaria,SECRETARIA DE FINANZAS,high,state:clave;level:GEM/GE,SECRETARÍA DE FINANZAS,SEFINCOAHUILA,GEM,,114
3956,municipal|32|32056|ayuntamiento|,3,municipal,32,32056,Zacatecas,ayuntamiento,,high,state:clave;level:GEM/GM;muni:inegi;singleton-body,ZACATECAS,,GEM,,9
3957,state|28||organismo|COMAPA ZONA CONURBADA DE LA DESEMBOCADURA DEL RIO PANUCO,1,state,28,,,organismo,COMAPA ZONA CONURBADA DE LA DESEMBOCADURA DEL RIO PANUCO,high,state:clave;level:GEM/GE,COMAPA ZONA CONURBADA DE LA DESEMBOCADURA DEL RÍO PÁNUCO,,GEM,,17
3958,state|04||organismo|INSTITUTO,2,state,04,,,organismo,INSTITUTO,medium,state:clave;level:GEM/GE;gentilicio-stripped,INSTITUTO CAMPECHANO,INSCAMP,GEM,,7
3959,state|32||cecyte|COLEGIO DE ESTUDIOS CIENTIFICOS Y TECNOLOGICOS,2,state,32,,,cecyte,COLEGIO DE ESTUDIOS CIENTIFICOS Y TECNOLOGICOS,high,state:clave;level:GEM/GE,COLEGIO DE ESTUDIOS CIENTÍFICOS Y TECNOLÓGICOS DEL ESTADO DE ZACATECAS,CECYTEZ,GEM,,78
3960,municipal|22|22016|ayuntamiento|,2,municipal,22,22016,San Juan del Río,ayuntamiento,,high,state:clave;level:GEM/GM;muni:inegi;singleton-body,SAN JUAN DEL RÍO,,GEM,,31
3961,municipal|25|25014|organismo de agua|JUNTA MUNICIPAL DE AGUA POTABLE Y ALCANTARILLADO,2,municipal,25,25014,Rosario,organismo de agua,JUNTA MUNICIPAL DE AGUA POTABLE Y ALCANTARILLADO,high,state:clave;level:GEM/EPP;muni:inegi,JUNTA MUNICIPAL DE AGUA POTABLE Y ALCANTARILLADO DE ROSARIO,JUMAPARS,GEM,,4
3962,state|11||organismo de agua|SISTEMA DE AGUA POTABLE Y ALCANTARILLADO DE LEON,2,state,11,,,organismo de agua,SISTEMA DE AGUA POTABLE Y ALCANTARILLADO DE LEON,high,state:clave;level:GEM/EPP,SISTEMA DE AGUA POTABLE Y ALCANTARILLADO DE LEÓN,SAPAL,GEM,,15
3963,municipal|30|30070|ayuntamiento|,2,municipal,30,30070,Hidalgotitlán,ayuntamiento,,high,state:clave;level:GEM/GM;muni:inegi;singleton-body,HIDALGOTITLÁN,,GEM,,1
3964,municipal|27|27003|ayuntamiento|,3,municipal,27,27003,Centla,ayuntamiento,,high,state:clave;level:GEM/GM;muni:inegi;singleton-body,CENTLA,,GEM,,15
3967,state|26||secretaria de salud|,2,state,26,,,secretaria de salud,,high,state:clave;level:GEM/GE;singleton-body,SECRETARÍA DE SALUD PÚBLICA,SSALUDSONORA,GEM,,14
3968,state|16||secretaria|SECRETARIA DE COMUNICACIONES Y OBRAS PUBLICAS,3,state,16,,,secretaria,SECRETARIA DE COMUNICACIONES Y OBRAS PUBLICAS,high,state:clave;level:GEM/GE,SECRETARÍA DE COMUNICACIONES Y OBRAS PÚBLICAS,,GEM,,70
3969,municipal|13|TXT:TLAHUELIPAN|organismo|TLAHUELIPAN,1,municipal,13,TXT:TLAHUELIPAN,,organismo,TLAHUELIPAN,low,state:clave;level:GEM/GM;muni:unresolved,TLAHUELIPAN,,GEM,,2
3970,municipal|02|02004|ayuntamiento|,3,municipal,02,02004,Tijuana,ayuntamiento,,high,state:clave;level:GEM/GM;muni:inegi;singleton-body,TIJUANA,,GEM,,49
3971,state|14||organismo de agua|SISTEMA DE AGUA POTABLE DRENAJE Y ALCANTARILLADO DE PUERTO VALLARTA,1,state,14,,,organismo de agua,SISTEMA DE AGUA POTABLE DRENAJE Y ALCANTARILLADO DE PUERTO VALLARTA,high,state:clave;level:GEM/GE,"SISTEMA DE AGUA POTABLE, DRENAJE Y ALCANTARILLADO DE PUERTO VALLARTA, JALISCO",SEAPAL,GEM,,23
3972,municipal|10|10032|ayuntamiento|,2,municipal,10,10032,Santiago Papasquiaro,ayuntamiento,,high,state:clave;level:GEM/GM;muni:inegi;singleton-body,SANTIAGO PAPASQUIARO,SDUOP,GEM,,17
3973,state|15||universidad estatal|UNIVERSIDAD ESTATAL DEL VALLE DE TOLUCA,2,state,15,,,universidad estatal,UNIVERSIDAD ESTATAL DEL VALLE DE TOLUCA,high,state:clave;level:GEM/GE,UNIVERSIDAD ESTATAL DEL VALLE DE TOLUCA,UNEVT,GEM,,17
3974,state|06||servicios de salud|,2,state,06,,,servicios de salud,,high,state:clave;level:GEM/GE;singleton-body,SERVICIOS DE SALUD DEL ESTADO DE COLIMA,SALUDCOLIMA,GEM,,51
3975,state|11||secretaria|SECRETARIA DE OBRA PUBLICA,3,state,11,,,secretaria,SECRETARIA DE OBRA PUBLICA,high,state:clave;level:GEM/GE,SECRETARÍA DE OBRA PÚBLICA,SICOM,GEM,,84
3976,municipal|28|28007|ayuntamiento|,1,municipal,28,28007,Camargo,ayuntamiento,,high,state:clave;level:GEM/GM;muni:inegi;singleton-body,CAMARGO,,GEM,,49
3977,municipal|10|10009|ayuntamiento|,2,municipal,10,10009,Guanaceví,ayuntamiento,,high,state:clave;level:GEM/GM;muni:inegi;singleton-body,GUANACEVÍ,,GEM,,5
3978,municipal|10|10006|ayuntamiento|,2,municipal,10,10006,General Simón Bolívar,ayuntamiento,,high,state:clave;level:GEM/GM;muni:inegi;singleton-body,GENERAL SIMÓN BOLÍVAR,,GEM,,4
3979,state|23||organismo de agua|COMISION DE AGUA POTABLE Y ALCANTARILLADO,3,state,23,,,organismo de agua,COMISION DE AGUA POTABLE Y ALCANTARILLADO,high,state:clave;level:GEM/GE,COMISIÓN DE AGUA POTABLE Y ALCANTARILLADO,CAPA,GEM,,75
3980,municipal|13|13030|ayuntamiento|,2,municipal,13,13030,Ixmiquilpan,ayuntamiento,,high,state:clave;level:GEM/GM;muni:inegi;singleton-body,IXMIQUILPAN,,GEM,,12
3981,municipal|06|06003|organismo de agua|COMISION DE AGUA POTABLE Y ALCANTARILLADO Y SANEAMIENTO,2,municipal,06,06003,Comala,organismo de agua,COMISION DE AGUA POTABLE Y ALCANTARILLADO Y SANEAMIENTO,high,state:clave;level:GEM/EPP;muni:inegi,COMISIÓN DE AGUA POTABLE Y ALCANTARILLADO Y SANEAMIENTO DEL MUNICIPIO DE COMALA,,GEM,,14
3982,state|09||fiscalia/procuraduria|FISCALIA GENERAL DE JUSTICIA,1,state,09,,,fiscalia/procuraduria,FISCALIA GENERAL DE JUSTICIA,high,state:clave;level:GEM/GE,FISCALÍA GENERAL DE JUSTICIA DE LA CIUDAD DE MÉXICO,FGJCDMX,GEM,,2
3983,municipal|28|28012|ayuntamiento|,1,municipal,28,28012,González,ayuntamiento,,high,state:clave;level:GEM/GM;muni:inegi;singleton-body,GONZÁLEZ,,GEM,,17
3984,municipal|30|30048|ayuntamiento|,2,municipal,30,30048,Cosoleacaque,ayuntamiento,,high,state:clave;level:GEM/GM;muni:inegi;singleton-body,COSOLEACAQUE,,GEM,,2
3985,municipal|21|21019|ayuntamiento|,2,municipal,21,21019,Atlixco,ayuntamiento,,high,state:clave;level:GEM/GM;muni:inegi;singleton-body,ATLIXCO,,GEM,,9
3986,state|07||organismo|CONSEJO DE LA JUDICATURA,2,state,07,,,organismo,CONSEJO DE LA JUDICATURA,high,state:clave;level:GEM/GE,CONSEJO DE LA JUDICATURA,,GEM,,6
3987,municipal|25|25002|organismo de agua|JUNTA MUNICIPAL DE AGUA POTABLE Y ALCANTARILLADO,2,municipal,25,25002,Angostura,organismo de agua,JUNTA MUNICIPAL DE AGUA POTABLE Y ALCANTARILLADO,high,state:clave;level:GEM/EPP;muni:inegi,JUNTA MUNICIPAL DE AGUA POTABLE Y ALCANTARILLADO DE ANGOSTURA,JUMAPANG,GEM,,1
3988,municipal|15|15122|ayuntamiento|,4,municipal,15,15122,Valle de Chalco Solidaridad,ayuntamiento,,high,state:clave;level:GEM/GM;muni:inegi;singleton-body,VALLE DE CHALCO SOLIDARIDAD,,GEM,,14
3989,municipal|28|28023|ayuntamiento|,1,municipal,28,28023,Méndez,ayuntamiento,,high,state:clave;level:GEM/GM;muni:inegi;singleton-body,MÉNDEZ,,GEM,,12
3990,state|28||organismo|INSTITUTO DE VIVIENDA Y URBANISMO,1,state,28,,,organismo,INSTITUTO DE VIVIENDA Y URBANISMO,medium,state:clave;level:GEM/GE;gentilicio-stripped,INSTITUTO TAMAULIPECO DE VIVIENDA Y URBANISMO,ITAVU,GEM,,13
3991,municipal|05|05025|ayuntamiento|,3,municipal,05,05025,Piedras Negras,ayuntamiento,,high,state:clave;level:GEM/GM;muni:inegi;singleton-body,PIEDRAS NEGRAS,,GEM,,19
3992,municipal|18|18020|ayuntamiento|,3,municipal,18,18020,Bahía de Banderas,ayuntamiento,,high,state:clave;level:GEM/GM;muni:inegi;singleton-body,BAHÍA DE BANDERAS,,GEM,,6
3993,municipal|32|32020|ayuntamiento|,2,municipal,32,32020,Jerez,ayuntamiento,,high,state:clave;level:GEM/GM;muni:inegi;singleton-body,JEREZ,,GEM,,23
3994,municipal|30|30193|ayuntamiento|,2,municipal,30,30193,Veracruz,ayuntamiento,,high,state:clave;level:GEM/GM;muni:inegi;singleton-body,VERACRUZ,,GEM,,36
3995,state|07||dif estatal|,2,state,07,,,dif estatal,,high,state:clave;level:GEM/GE;singleton-body,SISTEMA PARA EL DESARROLLO INTEGRAL DE LA FAMILIA DEL ESTADO DE CHIAPAS,DIFCHIAPAS,GEM,,6
3996,municipal|20|20324|ayuntamiento|,2,municipal,20,20324,San Pedro Pochutla,ayuntamiento,,high,state:clave;level:GEM/GM;muni:inegi;singleton-body,SAN PEDRO POCHUTLA,,GEM,,9
3997,state|16||organismo de agua|COMISION DE AGUAS Y GESTION DE CUENCAS,2,state,16,,,organismo de agua,COMISION DE AGUAS Y GESTION DE CUENCAS,high,state:clave;level:GEM/GE,COMISIÓN ESTATAL DE AGUAS Y GESTIÓN DE CUENCAS,CEAC,GEM,,42
3998,state|21||universidad tecnologica|UNIVERSIDAD TECNOLOGICA DE TECAMACHALCO,2,state,21,,,universidad tecnologica,UNIVERSIDAD TECNOLOGICA DE TECAMACHALCO,high,state:clave;level:GEM/GE,UNIVERSIDAD TECNOLÓGICA DE TECAMACHALCO,UTTECAM,GEM,,15
3999,state|21||organismo|BENEMERITA UNIVERSIDAD AUTONOMA,2,state,21,,,organismo,BENEMERITA UNIVERSIDAD AUTONOMA,high,state:clave;level:GEM/GE,BENEMÉRITA UNIVERSIDAD AUTÓNOMA DE PUEBLA,BUAP,GEM,,33
4000,state|15||universidad estatal|UNIVERSIDAD AUTONOMA,2,state,15,,,universidad estatal,UNIVERSIDAD AUTONOMA,high,state:clave;level:GEM/GE,UNIVERSIDAD AUTÓNOMA DEL ESTADO DE MÉXICO,UAEMEX,GEM,,31
4001,municipal|20|20166|ayuntamiento|,1,municipal,20,20166,San José Chiltepec,ayuntamiento,,high,state:clave;level:GEM/GM;muni:inegi;singleton-body,SAN JOSÉ CHILTEPEC,,GEM,,1
4002,municipal|30|30061|ayuntamiento|,1,municipal,30,30061,Las Choapas,ayuntamiento,,high,state:clave;level:GEM/GM;muni:inegi;singleton-body,LAS CHOAPAS,,GEM,,7
4003,municipal|27|27012|ayuntamiento|,2,municipal,27,27012,Macuspana,ayuntamiento,,high,state:clave;level:GEM/GM;muni:inegi;singleton-body,MACUSPANA,,GEM,,49
4004,state|14||dif estatal|,3,state,14,,,dif estatal,,high,state:clave;level:GEM/GE;singleton-body,SISTEMA PARA EL DESARROLLO INTEGRAL DE LA FAMILIA JALISCO,DIFJALISCO,GEM,,6
4005,municipal|11|11027|organismo de agua|COMITE MUNICIPAL DE AGUA POTABLE Y ALCANTARILLADO,3,municipal,11,11027,Salamanca,organismo de agua,COMITE MUNICIPAL DE AGUA POTABLE Y ALCANTARILLADO,high,state:clave;level:GEM/EPP;muni:inegi,COMITÉ MUNICIPAL DE AGUA POTABLE Y ALCANTARILLADO DE SALAMANCA,CMAPAS,GEM,,8
4006,municipal|15|15121|organismo de agua|ORGANISMO PUBLICO DESCENTRALIZADO PARA LA PRESTACION DE LOS SERVICIOS DE AGUA POTABLE ALCANTARILLADO Y SANEAMIENTO,1,municipal,15,15121,Cuautitlán Izcalli,organismo de agua,ORGANISMO PUBLICO DESCENTRALIZADO PARA LA PRESTACION DE LOS SERVICIOS DE AGUA POTABLE ALCANTARILLADO Y SANEAMIENTO,high,state:clave;level:GEM/EPP;muni:inegi,"ORGANISMO PÚBLICO DESCENTRALIZADO PARA LA PRESTACIÓN DE LOS SERVICIOS DE AGUA POTABLE, ALCANTARILLADO Y SANEAMIENTO DEL MUNICIPIO DE CUAUTITLÁN IZCALLI",OPERAGUACI,GEM,,9
4007,municipal|24|24008|ayuntamiento|,2,municipal,24,24008,Cerritos,ayuntamiento,,high,state:clave;level:GEM/GM;muni:inegi;singleton-body,CERRITOS,,GEM,,1
4008,municipal|24|24017|ayuntamiento|,1,municipal,24,24017,Guadalcázar,ayuntamiento,,high,state:clave;level:GEM/GM;muni:inegi;singleton-body,GUADALCÁZAR,,GEM,,2
4009,municipal|24|24007|ayuntamiento|,2,municipal,24,24007,Cedral,ayuntamiento,,high,state:clave;level:GEM/GM;muni:inegi;singleton-body,CEDRAL,,GEM,,2
4010,municipal|27|27014|ayuntamiento|,3,municipal,27,27014,Paraíso,ayuntamiento,,high,state:clave;level:GEM/GM;muni:inegi;singleton-body,PARAÍSO,,GEM,,17
4011,municipal|25|25007|organismo de agua|JUNTA DE AGUA POTABLE Y ALCANTARILLADO,3,municipal,25,25007,Choix,organismo de agua,JUNTA DE AGUA POTABLE Y ALCANTARILLADO,high,state:clave;level:GEM/EPP;muni:inegi,JUNTA DE AGUA POTABLE Y ALCANTARILLADO DEL MUNICIPIO DE CHOIX,JAPAMCH,GEM,,2
4012,municipal|17|17007|organismo de agua|SISTEMA DE AGUA POTABLE Y ALCANTARILLADO SAPAC,1,municipal,17,17007,Cuernavaca,organismo de agua,SISTEMA DE AGUA POTABLE Y ALCANTARILLADO SAPAC,high,state:clave;level:GEM/EPP;muni:inegi,"SISTEMA DE AGUA POTABLE Y ALCANTARILLADO DEL MUNICIPIO DE CUERNAVACA ""SAPAC""",SAPAC,GEM,,5
4014,state|07||organismo|INSTITUTO DE CAPACITACION Y VINCULACION TECNOLOGICA,1,state,07,,,organismo,INSTITUTO DE CAPACITACION Y VINCULACION TECNOLOGICA,high,state:clave;level:GEM/GE,INSTITUTO DE CAPACITACIÓN Y VINCULACIÓN TECNOLÓGICA DEL ESTADO DE CHIAPAS,ICATECH,GEM,,10
4015,municipal|02|02005|ayuntamiento|,2,municipal,02,02005,Playas de Rosarito,ayuntamiento,,high,state:clave;level:GEM/GM;muni:inegi;singleton-body,PLAYAS DE ROSARITO,,GEM,,9
4016,municipal|32|32017|ayuntamiento|,3,municipal,32,32017,Guadalupe,ayuntamiento,,high,state:clave;level:GEM/GM;muni:inegi;singleton-body,GUADALUPE,,GEM,,5
4017,municipal|18|18006|ayuntamiento|,2,municipal,18,18006,Ixtlán del Río,ayuntamiento,,high,state:clave;level:GEM/GM;muni:inegi;singleton-body,IXTLÁN DEL RÍO,,GEM,,4
4018,municipal|11|11033|ayuntamiento|,2,municipal,11,11033,San Luis de la Paz,ayuntamiento,,high,state:clave;level:GEM/GM;muni:inegi;singleton-body,SAN LUIS DE LA PAZ,,GEM,,11
4019,municipal|08|08052|ayuntamiento|,2,municipal,08,08052,Ojinaga,ayuntamiento,,high,state:clave;level:GEM/GM;muni:inegi;singleton-body,OJINAGA,,GEM,,15
4020,municipal|21|21034|ayuntamiento|,2,municipal,21,21034,Coronango,ayuntamiento,,high,state:clave;level:GEM/GM;muni:inegi;singleton-body,CORONANGO,,GEM,,6
4021,state|27||organismo|INSTITUTO DE LA JUVENTUD Y EL DEPORTE INJUDET,1,state,27,,,organismo,INSTITUTO DE LA JUVENTUD Y EL DEPORTE INJUDET,high,state:clave;level:GEM/GE,"INSTITUTO DE LA JUVENTUD Y EL DEPORTE DE TABASCO, INJUDET",INJUDET,GEM,,6
4022,state|01||cecyte|COLEGIO DE ESTUDIOS CIENTIFICOS Y TECNOLOGICOS,2,state,01,,,cecyte,COLEGIO DE ESTUDIOS CIENTIFICOS Y TECNOLOGICOS,high,state:clave;level:GEM/GE,COLEGIO DE ESTUDIOS CIENTÍFICOS Y TECNOLÓGICOS DEL ESTADO DE AGUASCALIENTES,CECYTEA - AGS,GEM,,5
4023,municipal|28|28021|ayuntamiento|,2,municipal,28,28021,El Mante,ayuntamiento,,high,state:clave;level:GEM/GM;muni:inegi;singleton-body,EL MANTE,,GEM,,1
4024,municipal|27|27011|ayuntamiento|,2,municipal,27,27011,Jonuta,ayuntamiento,,high,state:clave;level:GEM/GM;muni:inegi;singleton-body,JONUTA,,GEM,,9
4025,municipal|25|25008|ayuntamiento|,2,municipal,25,25008,Elota,ayuntamiento,,high,state:clave;level:GEM/GM;muni:inegi;singleton-body,ELOTA,,GEM,,2
4026,state|26||secretaria|SECRETARIA DE INFRAESTRUCTURA Y DESARROLLO URBANO,3,state,26,,,secretaria,SECRETARIA DE INFRAESTRUCTURA Y DESARROLLO URBANO,high,state:clave;level:GEM/GE,SECRETARÍA DE INFRAESTRUCTURA Y DESARROLLO URBANO,SIDUR,GEM,,6
4027,state|23||cecyte|COLEGIO DE ESTUDIOS CIENTIFICOS Y TECNOLOGICOS,2,state,23,,,cecyte,COLEGIO DE ESTUDIOS CIENTIFICOS Y TECNOLOGICOS,high,state:clave;level:GEM/GE,COLEGIO DE ESTUDIOS CIENTÍFICOS Y TECNOLÓGICOS DE QUINTANA ROO,CECYTE,GEM,,5
4028,state|23||servicios de salud|,3,state,23,,,servicios de salud,,high,state:clave;level:GEM/GE;singleton-body,SERVICIOS ESTATALES DE SALUD,SESAQROO,GEM,,14
4029,municipal|24|24056|ayuntamiento|,1,municipal,24,24056,Villa de Arista,ayuntamiento,,high,state:clave;level:GEM/GM;muni:inegi;singleton-body,VILLA DE ARISTA,,GEM,,9
4030,municipal|24|24030|ayuntamiento|,1,municipal,24,24030,San Nicolás Tolentino,ayuntamiento,,high,state:clave;level:GEM/GM;muni:inegi;singleton-body,SAN NICOLÁS TOLENTINO,,GEM,,2
4031,state|13||universidad tecnologica|UNIVERSIDAD TECNOLOGICA DE MINERAL DE LA REFORMA,2,state,13,,,universidad tecnologica,UNIVERSIDAD TECNOLOGICA DE MINERAL DE LA REFORMA,high,state:clave;level:GEM/GE,UNIVERSIDAD TECNOLÓGICA DE MINERAL DE LA REFORMA,UTMIRBIS,GEM,,6
4032,state|07||universidad tecnologica|UNIVERSIDAD TECNOLOGICA DE LA SELVA,2,state,07,,,universidad tecnologica,UNIVERSIDAD TECNOLOGICA DE LA SELVA,high,state:clave;level:GEM/GE,UNIVERSIDAD TECNOLÓGICA DE LA SELVA,UTSELVA,GEM,,27
4033,municipal|24|24021|ayuntamiento|,1,municipal,24,24021,Mexquitic de Carmona,ayuntamiento,,high,state:clave;level:GEM/GM;muni:inegi;singleton-body,MEXQUITIC DE CARMONA,,GEM,,2
4034,municipal|24|24010|ayuntamiento|,2,municipal,24,24010,Ciudad del Maíz,ayuntamiento,,high,state:clave;level:GEM/GM;muni:inegi;singleton-body,CIUDAD DEL MAÍZ,,GEM,,1
4035,municipal|24|24023|ayuntamiento|,3,municipal,24,24023,Rayón,ayuntamiento,,high,state:clave;level:GEM/GM;muni:inegi;singleton-body,RAYÓN,,GEM,,5
4036,municipal|20|20461|comunidad indigena|COMUNIDAD INDIGENA QUETZALAPA,1,municipal,20,20461,Santiago del Río,comunidad indigena,COMUNIDAD INDIGENA QUETZALAPA,high,state:clave;level:GEM/CI;muni:inegi,COMUNIDAD INDÍGENA DE SANTIAGO QUETZALAPA,,GEM,,1
4037,municipal|20|20213|ayuntamiento|,2,municipal,20,20213,San Juan Quiahije,ayuntamiento,,high,state:clave;level:GEM/GM;muni:inegi;singleton-body,SAN JUAN QUIAHIJE,,GEM,,6
4038,,,federal,,,,organismo,UNIDAD DEL SISTEMA PARA LA CARRERA DE LAS MAESTRAS Y MAESTROS,n/a,level:gobierno_nivel,UNIDAD DEL SISTEMA PARA LA CARRERA DE LAS MAESTRAS Y MAESTROS,USICAMM,APF,,32
4039,municipal|30|30087|organismo de agua|COMISION MUNICIPAL DE AGUA POTABLE Y SANEAMIENTO,3,municipal,30,30087,Xalapa,organismo de agua,COMISION MUNICIPAL DE AGUA POTABLE Y SANEAMIENTO,high,state:clave;level:GEM/EPP;muni:inegi,COMISIÓN MUNICIPAL DE AGUA POTABLE Y SANEAMIENTO DE XALAPA,CMAS,GEM,,1
4040,state|07||secretaria|SECRETARIA DE SEGURIDAD DEL PUEBLO,1,state,07,,,secretaria,SECRETARIA DE SEGURIDAD DEL PUEBLO,high,state:clave;level:GEM/GE,SECRETARÍA DE SEGURIDAD DEL PUEBLO,SSYPC,GEM,,7
4041,municipal|28|28002|ayuntamiento|,2,municipal,28,28002,Aldama,ayuntamiento,,high,state:clave;level:GEM/GM;muni:inegi;singleton-body,ALDAMA,,GEM,,22
4042,state|22||infraestructura educativa|INSTITUTO DE INFRAESTRUCTURA FISICA EDUCATIVA,2,state,22,,,infraestructura educativa,INSTITUTO DE INFRAESTRUCTURA FISICA EDUCATIVA,high,state:clave;level:GEM/GE,INSTITUTO DE INFRAESTRUCTURA FISICA EDUCATIVA DEL ESTADO DE QUERÉTARO,IIFEQ,GEM,,4
4043,state|26||universidad estatal|UNIVERSIDAD ESTATAL,2,state,26,,,universidad estatal,UNIVERSIDAD ESTATAL,high,state:clave;level:GEM/GE,UNIVERSIDAD ESTATAL DE SONORA,UES,GEM,,9
4044,state|15||organismo de agua|ORGANISMO DESCENTRALIZADO DE AGUA POTABLE DE TLALNEPANTLA,1,state,15,,,organismo de agua,ORGANISMO DESCENTRALIZADO DE AGUA POTABLE DE TLALNEPANTLA,high,state:clave;level:GEM/EPP,ORGANISMO DESCENTRALIZADO DE AGUA POTABLE DE TLALNEPANTLA,OPDM,GEM,,5
4045,state|32||secretaria|SECRETARIA DE DESARROLLO URBANO,1,state,32,,,secretaria,SECRETARIA DE DESARROLLO URBANO,high,state:clave;level:GEM/GE,SECRETARIA DE DESARROLLO URBANO,,GEM,,6
4046,state|04||tecnologico superior (estatal)|INSTITUTO TECNOLOGICO SUPERIOR DE CALKINI,3,state,04,,,tecnologico superior (estatal),INSTITUTO TECNOLOGICO SUPERIOR DE CALKINI,high,state:clave;level:GEM/GE,INSTITUTO TECNOLÓGICO SUPERIOR DE CALKINI,ITESCAM,GEM,,7
4047,municipal|30|30090|ayuntamiento|,1,municipal,30,30090,Jamapa,ayuntamiento,,high,state:clave;level:GEM/GM;muni:inegi;singleton-body,JAMAPA,,GEM,,2
4048,municipal|26|26036|organismo de agua|ORGANISMO OPERADOR MUNICIPAL DE AGUA POTABLE ALCANTARILLADO Y SANEAMIENTO,1,municipal,26,26036,Magdalena,organismo de agua,ORGANISMO OPERADOR MUNICIPAL DE AGUA POTABLE ALCANTARILLADO Y SANEAMIENTO,high,state:clave;level:GEM/GM;muni:inegi,"ORGANISMO OPERADOR MUNICIPAL DE AGUA POTABLE, ALCANTARILLADO Y SANEAMIENTO DE MAGDALENA, SONORA",OOMAPASMAGDALENA,GEM,,2
4049,municipal|25|25009|ayuntamiento|,2,municipal,25,25009,Escuinapa,ayuntamiento,,high,state:clave;level:GEM/GM;muni:inegi;singleton-body,ESCUINAPA,,GEM,,2
4050,municipal|32|32057|ayuntamiento|,2,municipal,32,32057,Trancoso,ayuntamiento,,high,state:clave;level:GEM/GM;muni:inegi;singleton-body,TRANCOSO,,GEM,,1
4051,state|32||organismo de agua|SISTEMA DE AGUA POTABLE Y ALCANTARILLADO DE CALERA,1,state,32,,,organismo de agua,SISTEMA DE AGUA POTABLE Y ALCANTARILLADO DE CALERA,high,state:clave;level:GEM/EPP,SISTEMA DE AGUA POTABLE Y ALCANTARILLADO DE CALERA,SAPAC,GEM,,3
4052,municipal|04|04013|ayuntamiento|,1,municipal,04,04013,Dzitbalché,ayuntamiento,,high,state:clave;level:GEM/GM;muni:inegi;singleton-body,DZITBALCHÉ,,GEM,,8
4053,state|06||infraestructura educativa|INSTITUTO DE LA INFRAESTRUCTURA FISICA EDUCATIVA,2,state,06,,,infraestructura educativa,INSTITUTO DE LA INFRAESTRUCTURA FISICA EDUCATIVA,medium,state:clave;level:GEM/GE;gentilicio-stripped,INSTITUTO COLIMENSE DE LA INFRAESTRUCTURA FÍSICA EDUCATIVA,,GEM,,14
4054,municipal|27|27017|ayuntamiento|,2,municipal,27,27017,Tenosique,ayuntamiento,,high,state:clave;level:GEM/GM;muni:inegi;singleton-body,TENOSIQUE,,GEM,,3
4055,municipal|03|03008|organismo de agua|ORGANISMO OPERADOR MUNICIPAL DEL SISTEMA DE AGUA POTABLE ALCANTARILLADO Y SANEAMIENTO,2,municipal,03,03008,Los Cabos,organismo de agua,ORGANISMO OPERADOR MUNICIPAL DEL SISTEMA DE AGUA POTABLE ALCANTARILLADO Y SANEAMIENTO,high,state:clave;level:GEM/EPP;muni:inegi,"ORGANISMO OPERADOR MUNICIPAL DEL SISTEMA DE AGUA POTABLE, ALCANTARILLADO Y SANEAMIENTO DE LOS CABOS",OOMSAPAS,GEM,,4
4056,municipal|03|03003|organismo de agua|ORGANISMO OPERADOR MUNICIPAL DEL SISTEMA DE AGUA POTABLE ALCANTARILLADO Y SANEAMIENTO,2,municipal,03,03003,La Paz,organismo de agua,ORGANISMO OPERADOR MUNICIPAL DEL SISTEMA DE AGUA POTABLE ALCANTARILLADO Y SANEAMIENTO,high,state:clave;level:GEM/EPP;muni:inegi,ORGANISMO OPERADOR MUNICIPAL DEL SISTEMA DE AGUA POTABLE ALCANTARILLADO Y SANEAMIENTO (OOMSAPAS) LA PAZ,OOMSAPAS,GEM,,8
4057,municipal|30|30124|ayuntamiento|,2,municipal,30,30124,Papantla,ayuntamiento,,high,state:clave;level:GEM/GM;muni:inegi;singleton-body,PAPANTLA,,GEM,,34
4058,municipal|30|30194|ayuntamiento|,1,municipal,30,30194,Villa Aldama,ayuntamiento,,high,state:clave;level:GEM/GM;muni:inegi;singleton-body,VILLA ALDAMA,,GEM,,1
4059,municipal|28|28038|ayuntamiento|,3,municipal,28,28038,Tampico,ayuntamiento,,high,state:clave;level:GEM/GM;muni:inegi;singleton-body,TAMPICO,,GEM,,12
4060,municipal|24|24020|ayuntamiento|,2,municipal,24,24020,Matehuala,ayuntamiento,,high,state:clave;level:GEM/GM;muni:inegi;singleton-body,MATEHUALA,,GEM,,8
4061,municipal|20|20490|ayuntamiento|,1,municipal,20,20490,Santiago Texcalcingo,ayuntamiento,,high,state:clave;level:GEM/GM;muni:inegi;singleton-body,SANTIAGO TEXCALCINGO,,GEM,,2
4062,municipal|29|29031|ayuntamiento|,2,municipal,29,29031,Tetla de la Solidaridad,ayuntamiento,,high,state:clave;level:GEM/GM;muni:inegi;singleton-body,TETLA DE LA SOLIDARIDAD,,GEM,,3
4063,municipal|28|28010|ayuntamiento|,2,municipal,28,28010,Cruillas,ayuntamiento,,high,state:clave;level:GEM/GM;muni:inegi;singleton-body,CRUILLAS,,GEM,,33
4064,municipal|28|28035|ayuntamiento|,2,municipal,28,28035,San Fernando,ayuntamiento,,high,state:clave;level:GEM/GM;muni:inegi;singleton-body,SAN FERNANDO,,GEM,,30
4065,state|25||organismo de agua|JUNTA DE AGUA POTABLE Y ALCANTARILLADO DE COSALA,1,state,25,,,organismo de agua,JUNTA DE AGUA POTABLE Y ALCANTARILLADO DE COSALA,high,state:clave;level:GEM/EPP,JUNTA DE AGUA POTABLE Y ALCANTARILLADO DE COSALÁ,JAPACO,GEM,,1
4066,state|11||organismo de agua|SISTEMA DE AGUA POTABLE ALCANTARILLADO Y SANEAMIENTO DE PURISIMA DEL RINCON,1,state,11,,,organismo de agua,SISTEMA DE AGUA POTABLE ALCANTARILLADO Y SANEAMIENTO DE PURISIMA DEL RINCON,high,state:clave;level:GEM/EPP,SISTEMA DE AGUA POTABLE ALCANTARILLADO Y SANEAMIENTO DE PURISIMA DEL RINCÓN,SAPAP,GEM,,6
4067,state|19||servicios de salud|,3,state,19,,,servicios de salud,,high,state:clave;level:GEM/GE;singleton-body,"SERVICIOS DE SALUD DE NUEVO LEON, O.P.D.",SALUDNL,GEM,,14
4068,municipal|14|14039|ayuntamiento|,3,municipal,14,14039,Guadalajara,ayuntamiento,,high,state:clave;level:GEM/GM;muni:inegi;singleton-body,GUADALAJARA,,GEM,,4
4069,municipal|32|32025|ayuntamiento|,2,municipal,32,32025,Luis Moya,ayuntamiento,,high,state:clave;level:GEM/GM;muni:inegi;singleton-body,LUIS MOYA,,GEM,,7
4070,state|15||universidad politecnica|UNIVERSIDAD POLITECNICA DEL VALLE DE MEXICO,2,state,15,,,universidad politecnica,UNIVERSIDAD POLITECNICA DEL VALLE DE MEXICO,high,state:clave;level:GEM/GE,UNIVERSIDAD POLITÉCNICA DEL VALLE DE MÉXICO,UPVM,GEM,,14
4071,state|13||universidad politecnica|UNIVERSIDAD POLITECNICA DE FRANCISCO I MADERO,2,state,13,,,universidad politecnica,UNIVERSIDAD POLITECNICA DE FRANCISCO I MADERO,high,state:clave;level:GEM/GE,UNIVERSIDAD POLITÉCNICA DE FRANCISCO I. MADERO,UPFIM,GEM,,5
4072,municipal|30|30141|ayuntamiento|,2,municipal,30,30141,San Andrés Tuxtla,ayuntamiento,,high,state:clave;level:GEM/GM;muni:inegi;singleton-body,SAN ANDRÉS TUXTLA,,GEM,,11
4073,municipal|07|07089|ayuntamiento|,2,municipal,07,07089,Tapachula,ayuntamiento,,high,state:clave;level:GEM/GM;muni:inegi;singleton-body,TAPACHULA,,GEM,,2
4074,state|07||organismo|CENTRO ESTATAL DE PREVENCION SOCIAL DE LA VIOLENCIA Y PARTICIPACION CIUDADANA,1,state,07,,,organismo,CENTRO ESTATAL DE PREVENCION SOCIAL DE LA VIOLENCIA Y PARTICIPACION CIUDADANA,high,state:clave;level:GEM/GE,CENTRO ESTATAL DE PREVENCIÓN SOCIAL DE LA VIOLENCIA Y PARTICIPACIÓN CIUDADANA,CEPSVYPC,GEM,,3
4075,state|07||universidad politecnica|UNIVERSIDAD POLITECNICA,1,state,07,,,universidad politecnica,UNIVERSIDAD POLITECNICA,high,state:clave;level:GEM/GE,UNIVERSIDAD POLITÉCNICA DEL ESTADO DE CHIAPAS,UPCHIAPAS,GEM,,6
4076,municipal|21|21156|ayuntamiento|,2,municipal,21,21156,Tehuacán,ayuntamiento,,high,state:clave;level:GEM/GM;muni:inegi;singleton-body,TEHUACÁN,,GEM,,1
4077,state|03||secretaria|SECRETARIA DE PLANEACION URBANA INFRAESTRUCTURA Y MOVILIDAD,2,state,03,,,secretaria,SECRETARIA DE PLANEACION URBANA INFRAESTRUCTURA Y MOVILIDAD,high,state:clave;level:GEM/GE,"SECRETARÍA DE PLANEACIÓN URBANA, INFRAESTRUCTURA Y MOVILIDAD",SEPUM,GEM,,7
4078,state|13||secretaria|SECRETARIA DE INFRAESTRUCTURA PUBLICA Y DESARROLLO URBANO SOSTENIBLE,1,state,13,,,secretaria,SECRETARIA DE INFRAESTRUCTURA PUBLICA Y DESARROLLO URBANO SOSTENIBLE,high,state:clave;level:GEM/GE,SECRETARÍA DE INFRAESTRUCTURA PÚBLICA Y DESARROLLO URBANO SOSTENIBLE,,GEM,,34
4079,municipal|03|03003|ayuntamiento|,3,municipal,03,03003,La Paz,ayuntamiento,,high,state:clave;level:GEM/GM;muni:inegi;singleton-body,LA PAZ,,GEM,,2
4080,municipal|28|28013|ayuntamiento|,2,municipal,28,28013,Güémez,ayuntamiento,,high,state:clave;level:GEM/GM;muni:inegi;singleton-body,GÜÉMEZ,,GEM,,10
4081,state|15||secretaria|SECRETARIA DE MOVILIDAD,1,state,15,,,secretaria,SECRETARIA DE MOVILIDAD,high,state:clave;level:GEM/GE,SECRETARÍA DE MOVILIDAD,SMOVILIDAD,GEM,,2
4082,municipal|30|30191|ayuntamiento|,1,municipal,30,30191,Ursulo Galván,ayuntamiento,,high,state:clave;level:GEM/GM;muni:inegi;singleton-body,URSULO GALVÁN,,GEM,,5
4083,municipal|30|30163|ayuntamiento|,1,municipal,30,30163,Tenochtitlán,ayuntamiento,,high,state:clave;level:GEM/GM;muni:inegi;singleton-body,TENOCHTITLÁN,,GEM,,2
4084,municipal|20|20156|ayuntamiento|,1,municipal,20,20156,San Ildefonso Villa Alta,ayuntamiento,,high,state:clave;level:GEM/GM;muni:inegi;singleton-body,SAN ILDEFONSO VILLA ALTA,,GEM,,2
4085,municipal|13|13002|ayuntamiento|,2,municipal,13,13002,Acaxochitlán,ayuntamiento,,high,state:clave;level:GEM/GM;muni:inegi;singleton-body,ACAXOCHITLÁN,,GEM,,1
4086,state|17||organismo de agua|SISTEMA DE AGUA POTABLE Y SANEAMIENTO DE YAUTEPEC,1,state,17,,,organismo de agua,SISTEMA DE AGUA POTABLE Y SANEAMIENTO DE YAUTEPEC,high,state:clave;level:GEM/EPP,"SISTEMA DE AGUA POTABLE Y SANEAMIENTO DE YAUTEPEC, MORELOS",SAPSY,GEM,,9
4087,state|27||secretaria|SECRETARIA DE BIENESTAR SUSTENTABILIDAD Y CAMBIO CLIMATICO,1,state,27,,,secretaria,SECRETARIA DE BIENESTAR SUSTENTABILIDAD Y CAMBIO CLIMATICO,high,state:clave;level:GEM/GE,"SECRETARIA DE BIENESTAR, SUSTENTABILIDAD Y CAMBIO CLIMATICO",BIENESTARGOBTAB,GEM,,4
4088,state|26||dif estatal|,3,state,26,,,dif estatal,,high,state:clave;level:GEM/GE;singleton-body,SISTEMA PARA EL DESARROLLO INTEGRAL DE LA FAMILIA EN EL ESTADO DE SONORA,DIFSON,GEM,,4
4089,state|07||fiscalia/procuraduria|FISCALIA GENERAL,1,state,07,,,fiscalia/procuraduria,FISCALIA GENERAL,high,state:clave;level:GEM/GE,FISCALÍA GENERAL DEL ESTADO,FGE,GEM,,10
4090,state|14||organismo|CONSEJO PARA EL FOMENTO DEPORTIVO Y EL APOYO A LA JUVENTUD,2,state,14,,,organismo,CONSEJO PARA EL FOMENTO DEPORTIVO Y EL APOYO A LA JUVENTUD,high,state:clave;level:GEM/GE,CONSEJO ESTATAL PARA EL FOMENTO DEPORTIVO Y EL APOYO A LA JUVENTUD,CODE,GEM,,13
4091,municipal|26|26062|ayuntamiento|,2,municipal,26,26062,Suaqui Grande,ayuntamiento,,high,state:clave;level:GEM/GM;muni:inegi;singleton-body,SUAQUI GRANDE,,GEM,,1
4092,state|20||universidad estatal|UNIVERSIDAD DEL ISTMO,3,state,20,,,universidad estatal,UNIVERSIDAD DEL ISTMO,high,state:clave;level:GEM/GE,UNIVERSIDAD DEL ISTMO,UNISTMO,GEM,,7
4093,municipal|21|21114|ayuntamiento|,3,municipal,21,21114,Puebla,ayuntamiento,,high,state:clave;level:GEM/GM;muni:inegi;singleton-body,PUEBLA,,GEM,,4
4094,municipal|20|20405|ayuntamiento|,2,municipal,20,20405,Villa de Chilapa de Díaz,ayuntamiento,,high,state:clave;level:GEM/GM;muni:inegi;singleton-body,VILLA DE CHILAPA DE DÍAZ,,GEM,,2
4095,municipal|17|17006|ayuntamiento|,2,municipal,17,17006,Cuautla,ayuntamiento,,high,state:clave;level:GEM/GM;muni:inegi;singleton-body,CUAUTLA,,GEM,,6
4096,state|13||tecnologico superior (estatal)|INSTITUTO TECNOLOGICO SUPERIOR DEL ORIENTE,2,state,13,,,tecnologico superior (estatal),INSTITUTO TECNOLOGICO SUPERIOR DEL ORIENTE,high,state:clave;level:GEM/GE,INSTITUTO TECNOLÓGICO SUPERIOR DEL ORIENTE,ITESA,GEM,,18
4097,state|13||universidad intercultural|UNIVERSIDAD INTERCULTURAL,2,state,13,,,universidad intercultural,UNIVERSIDAD INTERCULTURAL,high,state:clave;level:GEM/GE,UNIVERSIDAD INTERCULTURAL DEL ESTADO DE HIDALGO,UICEH,GEM,,9
4098,municipal|32|32005|ayuntamiento|,2,municipal,32,32005,Calera,ayuntamiento,,high,state:clave;level:GEM/GM;muni:inegi;singleton-body,CALERA,,GEM,,11
4099,municipal|08|08050|ayuntamiento|,3,municipal,08,08050,Nuevo Casas Grandes,ayuntamiento,,high,state:clave;level:GEM/GM;muni:inegi;singleton-body,NUEVO CASAS GRANDES,,GEM,,2
4100,municipal|01|01006|organismo de agua|COMISION DE AGUA POTABLE Y ALCANTARILLADO,1,municipal,01,01006,Pabellón de Arteaga,organismo de agua,COMISION DE AGUA POTABLE Y ALCANTARILLADO,high,state:clave;level:GEM/EPP;muni:inegi,COMISIÓN DE AGUA POTABLE Y ALCANTARILLADO DEL MUNICIPIO DE PABELLÓN DE ARTEAGA,CAPAPA,GEM,,2
4101,municipal|11|11031|organismo de agua|SISTEMA DE AGUA POTABLE Y ALCANTARILLADO,2,municipal,11,11031,San Francisco del Rincón,organismo de agua,SISTEMA DE AGUA POTABLE Y ALCANTARILLADO,high,state:clave;level:GEM/EPP;muni:inegi,SISTEMA DE AGUA POTABLE Y ALCANTARILLADO DEL MUNICIPIO DE SAN FRANCISCO DEL RINCÓN,SAPAF,GEM,,5
4102,state|29||infraestructura educativa|INSTITUTO DE LA INFRAESTRUCTURA FISICA EDUCATIVA,2,state,29,,,infraestructura educativa,INSTITUTO DE LA INFRAESTRUCTURA FISICA EDUCATIVA,medium,state:clave;level:GEM/GE;gentilicio-stripped,INSTITUTO TLAXCALTECA DE LA INFRAESTRUCTURA FÍSICA EDUCATIVA,ITIFE,GEM,,23
4103,municipal|15|15125|ayuntamiento|,3,municipal,15,15125,Tonanitla,ayuntamiento,,high,state:clave;level:GEM/GM;muni:inegi;singleton-body,TONANITLA,,GEM,,1
4104,municipal|11|11028|ayuntamiento|,2,municipal,11,11028,Salvatierra,ayuntamiento,,high,state:clave;level:GEM/GM;muni:inegi;singleton-body,SALVATIERRA,,GEM,,5
4105,state|14||secretaria|SECRETARIA DE INFRAESTRUCTURA Y OBRA PUBLICA,2,state,14,,,secretaria,SECRETARIA DE INFRAESTRUCTURA Y OBRA PUBLICA,high,state:clave;level:GEM/GE,SECRETARÍA DE INFRAESTRUCTURA Y OBRA PÚBLICA,,GEM,,8
4106,municipal|24|24035|organismo de agua intermunicipal|ORGANISMO INTERMUNICIPAL METROPOLITANO DE AGUA POTABLE ALCANTARILLADO SANEAMIENTO Y SERVICIOS CONEXOS DE LOS MUNICIPIOS DE CERRO DE SAN PEDRO,2,municipal,24,24035,Soledad de Graciano Sánchez,organismo de agua intermunicipal,ORGANISMO INTERMUNICIPAL METROPOLITANO DE AGUA POTABLE ALCANTARILLADO SANEAMIENTO Y SERVICIOS CONEXOS DE LOS MUNICIPIOS DE CERRO DE SAN PEDRO,high,state:clave;level:GEM/EPP;muni:inegi,"ORGANISMO INTERMUNICIPAL METROPOLITANO DE AGUA POTABLE, ALCANTARILLADO, SANEAMIENTO Y SERVICIOS CONEXOS DE LOS MUNICIPIOS DE CERRO DE SAN PEDRO, SAN LUIS POTOSÍ Y SOLEDAD DE GRACIANO SÁNCHEZ",INTERAPAS,GEM,,29
4107,state|07||secretaria|SECRETARIA DE LA MUJER E IGUALDAD DE GENERO,1,state,07,,,secretaria,SECRETARIA DE LA MUJER E IGUALDAD DE GENERO,high,state:clave;level:GEM/GE,SECRETARÍA DE LA MUJER E IGUALDAD DE GÉNERO,,GEM,,61
4108,state|30||tecnologico superior (estatal)|INSTITUTO TECNOLOGICO SUPERIOR DE MARTINEZ DE LA TORRE,1,state,30,,,tecnologico superior (estatal),INSTITUTO TECNOLOGICO SUPERIOR DE MARTINEZ DE LA TORRE,high,state:clave;level:GEM/GE,INSTITUTO TECNOLÓGICO SUPERIOR DE MARTÍNEZ DE LA TORRE,ITSMT,GEM,,3
4109,municipal|13|13052|ayuntamiento|,2,municipal,13,13052,San Agustín Tlaxiaca,ayuntamiento,,high,state:clave;level:GEM/GM;muni:inegi;singleton-body,SAN AGUSTÍN TLAXIACA,,GEM,,5
4110,municipal|30|30077|ayuntamiento|,1,municipal,30,30077,Isla,ayuntamiento,,high,state:clave;level:GEM/GM;muni:inegi;singleton-body,ISLA,,GEM,,2
4111,state|01||organismo|INSTITUTO CULTURAL,2,state,01,,,organismo,INSTITUTO CULTURAL,high,state:clave;level:GEM/GE,INSTITUTO CULTURAL DE AGUASCALIENTES,ICA,GEM,,2
4112,municipal|10|10003|ayuntamiento|,2,municipal,10,10003,Coneto de Comonfort,ayuntamiento,,high,state:clave;level:GEM/GM;muni:inegi;singleton-body,CONETO DE COMONFORT,,GEM,,2
4113,state|13||universidad politecnica|UNIVERSIDAD POLITECNICA DE TULANCINGO,3,state,13,,,universidad politecnica,UNIVERSIDAD POLITECNICA DE TULANCINGO,high,state:clave;level:GEM/GE,UNIVERSIDAD POLITECNICA DE TULANCINGO,UPT,GEM,,4
4114,municipal|30|30069|ayuntamiento|,2,municipal,30,30069,Gutiérrez Zamora,ayuntamiento,,high,state:clave;level:GEM/GM;muni:inegi;singleton-body,GUTIÉRREZ ZAMORA,,GEM,,27
4115,state|19||universidad estatal|UNIVERSIDAD AUTONOMA,1,state,19,,,universidad estatal,UNIVERSIDAD AUTONOMA,high,state:clave;level:GEM/GE,UNIVERSIDAD AUTÓNOMA DE NUEVO LEÓN,UANL,GEM,,39
4117,municipal|08|08013|ayuntamiento|,1,municipal,08,08013,Casas Grandes,ayuntamiento,,high,state:clave;level:GEM/GM;muni:inegi;singleton-body,CASAS GRANDES,,GEM,,1
4118,state|30||organismo|INSTITUTO DE CAPACITACION PARA EL TRABAJO,1,state,30,,,organismo,INSTITUTO DE CAPACITACION PARA EL TRABAJO,high,state:clave;level:GEM/GE,INSTITUTO DE CAPACITACIÓN PARA EL TRABAJO DEL ESTADO DE VERACRUZ,ICATVER,GEM,,29
4119,municipal|28|28025|ayuntamiento|,2,municipal,28,28025,Miguel Alemán,ayuntamiento,,high,state:clave;level:GEM/GM;muni:inegi;singleton-body,MIGUEL ALEMÁN,,GEM,,35
4120,state|06||organismo|SECRETARIADO EJECUTIVO DEL SISTEMA ESTATAL DE SEGURIDAD PUBLICA,2,state,06,,,organismo,SECRETARIADO EJECUTIVO DEL SISTEMA ESTATAL DE SEGURIDAD PUBLICA,high,state:clave;level:GEM/GE,SECRETARIADO EJECUTIVO DEL SISTEMA ESTATAL DE SEGURIDAD PÚBLICA,SESESP,GEM,,17
4121,state|07||universidad intercultural|UNIVERSIDAD INTERCULTURAL,2,state,07,,,universidad intercultural,UNIVERSIDAD INTERCULTURAL,high,state:clave;level:GEM/GE,UNIVERSIDAD INTERCULTURAL DE CHIAPAS,UNICH,GEM,,3
4122,municipal|08|08021|ayuntamiento|,3,municipal,08,08021,Delicias,ayuntamiento,,high,state:clave;level:GEM/GM;muni:inegi;singleton-body,DELICIAS,,GEM,,9
4123,municipal|03|03001|ayuntamiento|,2,municipal,03,03001,Comondú,ayuntamiento,,high,state:clave;level:GEM/GM;muni:inegi;singleton-body,COMONDÚ,,GEM,,4
4124,municipal|30|30130|ayuntamiento|,1,municipal,30,30130,Playa Vicente,ayuntamiento,,high,state:clave;level:GEM/GM;muni:inegi;singleton-body,PLAYA VICENTE,,GEM,,10
4125,municipal|27|27008|ayuntamiento|,3,municipal,27,27008,Huimanguillo,ayuntamiento,,high,state:clave;level:GEM/GM;muni:inegi;singleton-body,HUIMANGUILLO,,GEM,,18
4126,municipal|22|22014|ayuntamiento|,4,municipal,22,22014,Querétaro,ayuntamiento,,high,state:clave;level:GEM/GM;muni:inegi;singleton-body,QUERÉTARO,QRO,GEM,,4
4127,municipal|28|28030|ayuntamiento|,2,municipal,28,28030,Padilla,ayuntamiento,,high,state:clave;level:GEM/GM;muni:inegi;singleton-body,PADILLA,,GEM,,2
4128,municipal|30|30108|ayuntamiento|,1,municipal,30,30108,Minatitlán,ayuntamiento,,high,state:clave;level:GEM/GM;muni:inegi;singleton-body,MINATITLÁN,,GEM,,1
4129,municipal|20|20088|ayuntamiento|,2,municipal,20,20088,San Andrés Cabecera Nueva,ayuntamiento,,high,state:clave;level:GEM/GM;muni:inegi;singleton-body,SAN ANDRÉS CABECERA NUEVA,,GEM,,6
4130,state|15||universidad estatal|UNIVERSIDAD ESTATAL DEL VALLE DE ECATEPEC,2,state,15,,,universidad estatal,UNIVERSIDAD ESTATAL DEL VALLE DE ECATEPEC,high,state:clave;level:GEM/GE,UNIVERSIDAD ESTATAL DEL VALLE DE ECATEPEC,UNEVE,GEM,,5
4131,municipal|28|28008|ayuntamiento|,2,municipal,28,28008,Casas,ayuntamiento,,high,state:clave;level:GEM/GM;muni:inegi;singleton-body,CASAS,,GEM,,3
4132,state|13||tecnologico superior (estatal)|INSTITUTO TECNOLOGICO SUPERIOR DEL OCCIDENTE,3,state,13,,,tecnologico superior (estatal),INSTITUTO TECNOLOGICO SUPERIOR DEL OCCIDENTE,high,state:clave;level:GEM/GE,INSTITUTO TECNOLÓGICO SUPERIOR DEL OCCIDENTE,ITSOEH,GEM,,11
4133,municipal|15|15011|ayuntamiento|,2,municipal,15,15011,Atenco,ayuntamiento,,high,state:clave;level:GEM/GM;muni:inegi;singleton-body,ATENCO,,GEM,,4
4134,state|22||universidad estatal|UNIVERSIDAD AERONAUTICA,1,state,22,,,universidad estatal,UNIVERSIDAD AERONAUTICA,high,state:clave;level:GEM/GE,UNIVERSIDAD AERONÁUTICA EN QUERÉTARO,UNAQ,GEM,,10
4135,state|22||organismo|COLEGIO DE EDUCACION PROFESIONAL Y TECNICA,2,state,22,,,organismo,COLEGIO DE EDUCACION PROFESIONAL Y TECNICA,high,state:clave;level:GEM/GE,COLEGIO DE EDUCACIÓN PROFESIONAL Y TÉCNICA DEL ESTADO DE QUERÉTARO,CONALEP,GEM,,1
4136,,,federal,,,,organismo,RADIO EDUCACION,n/a,level:gobierno_nivel,RADIO EDUCACION,E-Radio,APF,,215
4137,municipal|21|21188|ayuntamiento|,2,municipal,21,21188,Tochimilco,ayuntamiento,,high,state:clave;level:GEM/GM;muni:inegi;singleton-body,TOCHIMILCO,,GEM,,1
4138,municipal|27|27010|ayuntamiento|,3,municipal,27,27010,Jalpa de Méndez,ayuntamiento,,high,state:clave;level:GEM/GM;muni:inegi;singleton-body,JALPA DE MÉNDEZ,,GEM,,6
4139,state|21||universidad tecnologica|UNIVERSIDAD TECNOLOGICA DE XICOTEPEC DE JUAREZ,3,state,21,,,universidad tecnologica,UNIVERSIDAD TECNOLOGICA DE XICOTEPEC DE JUAREZ,high,state:clave;level:GEM/GE,UNIVERSIDAD TECNOLÓGICA DE XICOTEPEC DE JUÁREZ,UTXJ,GEM,,1
4140,municipal|01|01002|ayuntamiento|,2,municipal,01,01002,Asientos,ayuntamiento,,high,state:clave;level:GEM/GM;muni:inegi;singleton-body,ASIENTOS,ASIENTOS,GEM,,2
4141,municipal|24|24016|ayuntamiento|,2,municipal,24,24016,Ebano,ayuntamiento,,high,state:clave;level:GEM/GM;muni:inegi;singleton-body,EBANO,,GEM,,28
4142,state|13||universidad tecnologica|UNIVERSIDAD TECNOLOGICA DE LA ZONA METROPOLITANA DEL VALLE DE MEXICO,1,state,13,,,universidad tecnologica,UNIVERSIDAD TECNOLOGICA DE LA ZONA METROPOLITANA DEL VALLE DE MEXICO,high,state:clave;level:GEM/GE,UNIVERSIDAD TECNOLÓGICA DE LA ZONA METROPOLITANA DEL VALLE DE MÉXICO,UTVAM,GEM,,4
4143,municipal|23|23001|ayuntamiento|,3,municipal,23,23001,Cozumel,ayuntamiento,,high,state:clave;level:GEM/GM;muni:inegi;singleton-body,COZUMEL,,GEM,,2
4144,municipal|26|26030|ayuntamiento|,3,municipal,26,26030,Hermosillo,ayuntamiento,,high,state:clave;level:GEM/GM;muni:inegi;singleton-body,HERMOSILLO,,GEM,,19
4145,state|27||hospital|HOSPITAL REGIONAL DE ALTA ESPECIALIDAD DE SALUD MENTAL,2,state,27,,,hospital,HOSPITAL REGIONAL DE ALTA ESPECIALIDAD DE SALUD MENTAL,high,state:clave;level:GEM/GE,HOSPITAL REGIONAL DE ALTA ESPECIALIDAD DE SALUD MENTAL,SSA-HRAESM,GEM,,2
4146,municipal|30|30033|ayuntamiento|,1,municipal,30,30033,Cazones de Herrera,ayuntamiento,,high,state:clave;level:GEM/GM;muni:inegi;singleton-body,CAZONES DE HERRERA,,GEM,,3
4147,municipal|28|28024|ayuntamiento|,1,municipal,28,28024,Mier,ayuntamiento,,high,state:clave;level:GEM/GM;muni:inegi;singleton-body,MIER,,GEM,,11
4148,state|13||organismo|CONSEJO PARA LA CULTURA Y LAS ARTES,2,state,13,,,organismo,CONSEJO PARA LA CULTURA Y LAS ARTES,high,state:clave;level:GEM/GE,CONSEJO ESTATAL PARA LA CULTURA Y LAS ARTES,CECA,GEM,,1
4149,municipal|27|27015|ayuntamiento|,2,municipal,27,27015,Tacotalpa,ayuntamiento,,high,state:clave;level:GEM/GM;muni:inegi;singleton-body,TACOTALPA,,GEM,,1
4150,municipal|30|30079|ayuntamiento|,1,municipal,30,30079,Ixhuacán de los Reyes,ayuntamiento,,high,state:clave;level:GEM/GM;muni:inegi;singleton-body,IXHUACÁN DE LOS REYES,,GEM,,7
4151,municipal|13|13009|ayuntamiento|,2,municipal,13,13009,El Arenal,ayuntamiento,,high,state:clave;level:GEM/GM;muni:inegi;singleton-body,EL ARENAL,,GEM,,4
4152,municipal|13|13028|ayuntamiento|,2,municipal,13,13028,Huejutla de Reyes,ayuntamiento,,high,state:clave;level:GEM/GM;muni:inegi;singleton-body,HUEJUTLA DE REYES,,GEM,,12
4153,municipal|13|13049|ayuntamiento|,2,municipal,13,13049,Pisaflores,ayuntamiento,,high,state:clave;level:GEM/GM;muni:inegi;singleton-body,PISAFLORES,,GEM,,5
4154,municipal|13|13025|ayuntamiento|,1,municipal,13,13025,Huautla,ayuntamiento,,high,state:clave;level:GEM/GM;muni:inegi;singleton-body,HUAUTLA,,GEM,,1
4155,municipal|13|13055|ayuntamiento|,2,municipal,13,13055,Santiago de Anaya,ayuntamiento,,high,state:clave;level:GEM/GM;muni:inegi;singleton-body,SANTIAGO DE ANAYA,,GEM,,4
4156,municipal|13|13016|ayuntamiento|,2,municipal,13,13016,Cuautepec de Hinojosa,ayuntamiento,,high,state:clave;level:GEM/GM;muni:inegi;singleton-body,CUAUTEPEC DE HINOJOSA,,GEM,,2
4157,municipal|21|21134|ayuntamiento|,2,municipal,21,21134,San Matías Tlalancaleca,ayuntamiento,,high,state:clave;level:GEM/GM;muni:inegi;singleton-body,SAN MATIAS TLALANCALECA,,GEM,,2
4158,state|32||universidad tecnologica|UNIVERSIDAD TECNOLOGICA,2,state,32,,,universidad tecnologica,UNIVERSIDAD TECNOLOGICA,high,state:clave;level:GEM/GE,UNIVERSIDAD TECNOLÓGICA DEL ESTADO DE ZACATECAS,UTZAC,GEM,,3
4159,municipal|15|15096|ayuntamiento|,2,municipal,15,15096,Tequixquiac,ayuntamiento,,high,state:clave;level:GEM/GM;muni:inegi;singleton-body,TEQUIXQUIAC,,GEM,,2
4160,state|27||hospital|HOSPITAL REGIONAL DE ALTA ESPECIALIDAD DEL NINO,1,state,27,,,hospital,HOSPITAL REGIONAL DE ALTA ESPECIALIDAD DEL NINO,high,state:clave;level:GEM/GE,HOSPITAL REGIONAL DE ALTA ESPECIALIDAD DEL NIÑO,SSA-HRAEN,GEM,,45
4161,state|16||organismo de agua|SISTEMA DE AGUA POTABLE ALCANTARILLADO Y SANEAMIENTO DE LA PIEDAD,2,state,16,,,organismo de agua,SISTEMA DE AGUA POTABLE ALCANTARILLADO Y SANEAMIENTO DE LA PIEDAD,high,state:clave;level:GEM/EPP,"SISTEMA DE AGUA POTABLE, ALCANTARILLADO Y SANEAMIENTO DE LA PIEDAD (SAPAS)",SAPAS,GEM,,3
4162,municipal|17|17019|ayuntamiento|,2,municipal,17,17019,Tepalcingo,ayuntamiento,,high,state:clave;level:GEM/GM;muni:inegi;singleton-body,TEPALCINGO,,GEM,,2
4163,municipal|28|28019|ayuntamiento|,2,municipal,28,28019,Llera,ayuntamiento,,high,state:clave;level:GEM/GM;muni:inegi;singleton-body,LLERA,,GEM,,1
4164,municipal|14|14067|ayuntamiento|,3,municipal,14,14067,Puerto Vallarta,ayuntamiento,,high,state:clave;level:GEM/GM;muni:inegi;singleton-body,PUERTO VALLARTA,,GEM,,3
4165,municipal|28|28028|ayuntamiento|,2,municipal,28,28028,Nuevo Morelos,ayuntamiento,,high,state:clave;level:GEM/GM;muni:inegi;singleton-body,NUEVO MORELOS,,GEM,,6
4166,state|30||tecnologico superior (estatal)|INSTITUTO TECNOLOGICO SUPERIOR DE TIERRA BLANCA,1,state,30,,,tecnologico superior (estatal),INSTITUTO TECNOLOGICO SUPERIOR DE TIERRA BLANCA,high,state:clave;level:GEM/GE,INSTITUTO TECNOLÓGICO SUPERIOR DE TIERRA BLANCA,ITSTB,GEM,,4
4167,state|30||tecnologico superior (estatal)|INSTITUTO TECNOLOGICO SUPERIOR DE PEROTE,1,state,30,,,tecnologico superior (estatal),INSTITUTO TECNOLOGICO SUPERIOR DE PEROTE,high,state:clave;level:GEM/GE,INSTITUTO TECNOLÓGICO SUPERIOR DE PEROTE,ITSPEROTE,GEM,,11
4168,state|30||tecnologico superior (estatal)|INSTITUTO TECNOLOGICO SUPERIOR DE JUAN RODRIGUEZ CLARA,2,state,30,,,tecnologico superior (estatal),INSTITUTO TECNOLOGICO SUPERIOR DE JUAN RODRIGUEZ CLARA,high,state:clave;level:GEM/GE,INSTITUTO TECNOLÓGICO SUPERIOR DE JUAN RODRÍGUEZ CLARA,,GEM,,2
4169,state|01||universidad tecnologica|UNIVERSIDAD TECNOLOGICA EL RETONO,1,state,01,,,universidad tecnologica,UNIVERSIDAD TECNOLOGICA EL RETONO,high,state:clave;level:GEM/GE,UNIVERSIDAD TECNOLÓGICA EL RETOÑO,UTR,GEM,,9
4170,municipal|20|20310|ayuntamiento|,1,municipal,20,20310,San Pedro Ixtlahuaca,ayuntamiento,,high,state:clave;level:GEM/GM;muni:inegi;singleton-body,SAN PEDRO IXTLAHUACA,,GEM,,2
4171,municipal|20|20447|ayuntamiento|,2,municipal,20,20447,Santa María Zacatepec,ayuntamiento,,high,state:clave;level:GEM/GM;muni:inegi;singleton-body,SANTA MARÍA ZACATEPEC,,GEM,,2
4172,municipal|25|25012|ayuntamiento|,3,municipal,25,25012,Mazatlán,ayuntamiento,,high,state:clave;level:GEM/GM;muni:inegi;singleton-body,MAZATLÁN,,GEM,,4
4173,state|19||universidad tecnologica|UNIVERSIDAD TECNOLOGICA GRAL MARIANO ESCOBEDO,3,state,19,,,universidad tecnologica,UNIVERSIDAD TECNOLOGICA GRAL MARIANO ESCOBEDO,high,state:clave;level:GEM/GE,UNIVERSIDAD TECNOLÓGICA GRAL. MARIANO ESCOBEDO,UTENL,GEM,,2
4174,municipal|28|28040|ayuntamiento|,2,municipal,28,28040,Valle Hermoso,ayuntamiento,,high,state:clave;level:GEM/GM;muni:inegi;singleton-body,VALLE HERMOSO,,GEM,,22
4175,state|30||universidad tecnologica|UNIVERSIDAD TECNOLOGICA DEL CENTRO,2,state,30,,,universidad tecnologica,UNIVERSIDAD TECNOLOGICA DEL CENTRO,high,state:clave;level:GEM/GE,UNIVERSIDAD TECNOLÓGICA DEL CENTRO,UTCV,GEM,,4
4176,state|23||universidad politecnica|UNIVERSIDAD POLITECNICA DE BACALAR,2,state,23,,,universidad politecnica,UNIVERSIDAD POLITECNICA DE BACALAR,high,state:clave;level:GEM/GE,UNIVERSIDAD POLITÉCNICA DE BACALAR,UPB,GEM,,5
4177,municipal|27|27002|ayuntamiento|,3,municipal,27,27002,Cárdenas,ayuntamiento,,high,state:clave;level:GEM/GM;muni:inegi;singleton-body,CÁRDENAS,,GEM,,7
4178,state|21||tecnologico superior (estatal)|INSTITUTO TECNOLOGICO SUPERIOR DE LA SIERRA NEGRA DE AJALPAN,2,state,21,,,tecnologico superior (estatal),INSTITUTO TECNOLOGICO SUPERIOR DE LA SIERRA NEGRA DE AJALPAN,high,state:clave;level:GEM/GE,INSTITUTO TECNOLÓGICO SUPERIOR DE LA SIERRA NEGRA DE AJALPAN,ITSSNA,GEM,,11
4179,municipal|07|07065|ayuntamiento|,3,municipal,07,07065,Palenque,ayuntamiento,,high,state:clave;level:GEM/GM;muni:inegi;singleton-body,PALENQUE,,GEM,,4
4180,municipal|26|26064|ayuntamiento|,1,municipal,26,26064,Trincheras,ayuntamiento,,high,state:clave;level:GEM/GM;muni:inegi;singleton-body,TRINCHERAS,,GEM,,1
4181,state|32||colegio de bachilleres|COLEGIO DE BACHILLERES,2,state,32,,,colegio de bachilleres,COLEGIO DE BACHILLERES,high,state:clave;level:GEM/GE,COLEGIO DE BACHILLERES DEL ESTADO DE ZACATECAS,COBAEZ,GEM,,26
4182,state|10||colegio de bachilleres|COLEGIO DE BACHILLERES,2,state,10,,,colegio de bachilleres,COLEGIO DE BACHILLERES,high,state:clave;level:GEM/GE,COLEGIO DE BACHILLERES DEL ESTADO DE DURANGO,COBAED,GEM,,2
4183,municipal|18|18008|organismo de agua|ORGANISMO OPERADOR MUNICIPAL DE AGUA POTABLE Y ALCANTARILLADO Y SANEAMIENTO,1,municipal,18,18008,Xalisco,organismo de agua,ORGANISMO OPERADOR MUNICIPAL DE AGUA POTABLE Y ALCANTARILLADO Y SANEAMIENTO,high,state:clave;level:GEM/EPP;muni:inegi,ORGANISMO OPERADOR MUNICIPAL DE AGUA POTABLE Y ALCANTARILLADO Y SANEAMIENTO DE XALISCO,OROMAPAS,GEM,,1
4184,municipal|28|28018|ayuntamiento|,1,municipal,28,28018,Jiménez,ayuntamiento,,high,state:clave;level:GEM/GM;muni:inegi;singleton-body,JIMÉNEZ,,GEM,,7
4185,state|13||tecnologico superior (estatal)|INSTITUTO TECNOLOGICO SUPERIOR DE HUICHAPAN,2,state,13,,,tecnologico superior (estatal),INSTITUTO TECNOLOGICO SUPERIOR DE HUICHAPAN,high,state:clave;level:GEM/GE,INSTITUTO TECNOLÓGICO SUPERIOR DE HUICHAPAN,ITESHU,GEM,,20
4186,municipal|24|24024|ayuntamiento|,1,municipal,24,24024,Rioverde,ayuntamiento,,high,state:clave;level:GEM/GM;muni:inegi;singleton-body,RIOVERDE,,GEM,,6
4187,state|03||universidad estatal|UNIVERSIDAD AUTONOMA,1,state,03,,,universidad estatal,UNIVERSIDAD AUTONOMA,high,state:clave;level:GEM/GE,UNIVERSIDAD AUTÓNOMA DE BAJA CALIFORNIA SUR,UABCS,GEM,,9
4189,municipal|08|08010|ayuntamiento|,1,municipal,08,08010,Buenaventura,ayuntamiento,,high,state:clave;level:GEM/GM;muni:inegi;singleton-body,BUENAVENTURA,,GEM,,1
4190,state|10||universidad estatal|UNIVERSIDAD JUAREZ,2,state,10,,,universidad estatal,UNIVERSIDAD JUAREZ,high,state:clave;level:GEM/GE,UNIVERSIDAD JUAREZ DEL ESTADO DE DURANGO,UJED,GEM,,8
4191,municipal|30|30152|ayuntamiento|,2,municipal,30,30152,Tampico Alto,ayuntamiento,,high,state:clave;level:GEM/GM;muni:inegi;singleton-body,TAMPICO ALTO,,GEM,,1
4192,municipal|04|04003|ayuntamiento|,3,municipal,04,04003,Carmen,ayuntamiento,,high,state:clave;level:GEM/GM;muni:inegi;singleton-body,CARMEN,,GEM,,11
4193,municipal|25|25016|organismo de agua|JUNTA MUNICIPAL DE AGUA POTABLE Y ALCANTARILLADO,2,municipal,25,25016,San Ignacio,organismo de agua,JUNTA MUNICIPAL DE AGUA POTABLE Y ALCANTARILLADO,high,state:clave;level:GEM/EPP;muni:inegi,JUNTA MUNICIPAL DE AGUA POTABLE Y ALCANTARILLADO DE SAN IGNACIO,JUMAPASI,GEM,,1
4194,state|14||cecyte|COLEGIO DE ESTUDIOS CIENTIFICOS Y TECNOLOGICOS,1,state,14,,,cecyte,COLEGIO DE ESTUDIOS CIENTIFICOS Y TECNOLOGICOS,high,state:clave;level:GEM/GE,COLEGIO DE ESTUDIOS CIENTÍFICOS Y TECNOLÓGICOS DEL ESTADO DE JALISCO (CECYTEJ),CECYTEJ,GEM,,1
4195,state|32||universidad estatal|UNIVERSIDAD AUTONOMA,2,state,32,,,universidad estatal,UNIVERSIDAD AUTONOMA,high,state:clave;level:GEM/GE,UNIVERSIDAD AUTÓNOMA DE ZACATECAS,UAZ,GEM,,1
4196,municipal|25|25001|ayuntamiento|,2,municipal,25,25001,Ahome,ayuntamiento,,high,state:clave;level:GEM/GM;muni:inegi;singleton-body,AHOME,,GEM,,20
4197,state|15||organismo de agua|ORGANISMO PUBLICO DESCENTRALIZADO PARA LA PRESTACION DE LOS SERVICIOS DE AGUA POTABLE ALCANTARILLADO Y SANEAMIENTO DE JILOTEPEC,1,state,15,,,organismo de agua,ORGANISMO PUBLICO DESCENTRALIZADO PARA LA PRESTACION DE LOS SERVICIOS DE AGUA POTABLE ALCANTARILLADO Y SANEAMIENTO DE JILOTEPEC,high,state:clave;level:GEM/EPP,ORGANISMO PÚBLICO DESCENTRALIZADO PARA LA PRESTACIÓN DE LOS SERVICIOS DE AGUA POTABLE ALCANTARILLADO  Y SANEAMIENTO DE JILOTEPEC,ODAPAS,GEM,,1
4198,municipal|11|11029|organismo de agua|COMITE MUNICIPAL DE AGUA POTABLE Y ALCANTARILLADO,1,municipal,11,11029,San Diego de la Unión,organismo de agua,COMITE MUNICIPAL DE AGUA POTABLE Y ALCANTARILLADO,high,state:clave;level:GEM/EPP;muni:inegi,COMITÉ MUNICIPAL DE AGUA POTABLE Y ALCANTARILLADO DE SAN DIEGO DE LA UNIÓN,CMAPAS,GEM,,2
4199,municipal|18|18008|ayuntamiento|,2,municipal,18,18008,Xalisco,ayuntamiento,,high,state:clave;level:GEM/GM;muni:inegi;singleton-body,XALISCO,,GEM,,4
4200,state|30||tecnologico superior (estatal)|INSTITUTO TECNOLOGICO SUPERIOR DE MISANTLA,1,state,30,,,tecnologico superior (estatal),INSTITUTO TECNOLOGICO SUPERIOR DE MISANTLA,high,state:clave;level:GEM/GE,INSTITUTO TECNOLÓGICO SUPERIOR DE MISANTLA,ITSM,GEM,,1
4201,state|13||organismo de agua|COMISION DE AGUA Y ALCANTARILLADO DEL VALLE DEL MEZQUITAL,2,state,13,,,organismo de agua,COMISION DE AGUA Y ALCANTARILLADO DEL VALLE DEL MEZQUITAL,high,state:clave;level:GEM/GE,COMISIÓN DE AGUA Y ALCANTARILLADO DEL VALLE DEL MEZQUITAL,CAASVAM,GEM,,3
4202,state|17||organismo de agua|SISTEMA DE CONSERVACION AGUA POTABLE Y SANEAMIENTO DE AGUA DE JIUTEPEC,1,state,17,,,organismo de agua,SISTEMA DE CONSERVACION AGUA POTABLE Y SANEAMIENTO DE AGUA DE JIUTEPEC,high,state:clave;level:GEM/EPP,"SISTEMA DE CONSERVACIÓN, AGUA POTABLE Y SANEAMIENTO DE AGUA DE JIUTEPEC, MORELOS",SCAPSJ,GEM,,1
4203,municipal|30|30131|ayuntamiento|,2,municipal,30,30131,Poza Rica de Hidalgo,ayuntamiento,,high,state:clave;text-state-overruled:13;level:GEM/GM;muni:inegi;singleton-body,POZA RICA DE HIDALGO,,GEM,,3
4204,municipal|32|32019|ayuntamiento|,1,municipal,32,32019,Jalpa,ayuntamiento,,high,state:clave;level:GEM/GM;muni:inegi;singleton-body,JALPA,,GEM,,3
4205,municipal|26|26042|ayuntamiento|,2,municipal,26,26042,Navojoa,ayuntamiento,,high,state:clave;level:GEM/GM;muni:inegi;singleton-body,NAVOJOA,,GEM,,3
4206,state|08||organismo|CENTRO DE CONCILIACION LABORAL,1,state,08,,,organismo,CENTRO DE CONCILIACION LABORAL,high,state:clave;level:GEM/GE,CENTRO DE CONCILIACIÓN LABORAL DEL ESTADO DE CHIHUAHUA,CCL,GEM,,1
4207,state|31||organismo|INSTITUTO DE SEGURIDAD JURIDICA PATRIMONIAL,2,state,31,,,organismo,INSTITUTO DE SEGURIDAD JURIDICA PATRIMONIAL,high,state:clave;level:GEM/GE,INSTITUTO DE SEGURIDAD JURÍDICA PATRIMONIAL DE YUCATÁN,INSEJUPY,GEM,,11
4208,municipal|26|26048|ayuntamiento|,3,municipal,26,26048,Puerto Peñasco,ayuntamiento,,high,state:clave;level:GEM/GM;muni:inegi;singleton-body,PUERTO PEÑASCO,,GEM,,11
4209,municipal|20|20393|ayuntamiento|,1,municipal,20,20393,Santa Lucía Ocotlán,ayuntamiento,,high,state:clave;level:GEM/GM;muni:inegi;singleton-body,SANTA LUCÍA OCOTLÁN,,GEM,,1
4210,municipal|04|04007|ayuntamiento|,2,municipal,04,04007,Palizada,ayuntamiento,,high,state:clave;level:GEM/GM;muni:inegi;singleton-body,PALIZADA,,GEM,,5
4211,municipal|08|08054|ayuntamiento|,2,municipal,08,08054,Riva Palacio,ayuntamiento,,high,state:clave;level:GEM/GM;muni:inegi;singleton-body,RIVA PALACIO,,GEM,,2
4212,municipal|24|24039|ayuntamiento|,3,municipal,24,24039,Tampamolón Corona,ayuntamiento,,high,state:clave;level:GEM/GM;muni:inegi;singleton-body,TAMPAMOLÓN CORONA,,GEM,,3
4213,municipal|30|30010|ayuntamiento|,2,municipal,30,30010,Altotonga,ayuntamiento,,high,state:clave;level:GEM/GM;muni:inegi;singleton-body,ALTOTONGA,,GEM,,1
4214,state|30||universidad tecnologica|UNIVERSIDAD TECNOLOGICA DEL SURESTE,2,state,30,,,universidad tecnologica,UNIVERSIDAD TECNOLOGICA DEL SURESTE,high,state:clave;level:GEM/GE,UNIVERSIDAD TECNOLÓGICA DEL SURESTE,UTSV,GEM,,8
4215,state|26||organismo|EL COLEGIO,2,state,26,,,organismo,EL COLEGIO,high,state:clave;level:GEM/GE,EL COLEGIO DE SONORA,COLSON,GEM,,7
4216,municipal|32|32023|ayuntamiento|,2,municipal,32,32023,Juchipila,ayuntamiento,,high,state:clave;level:GEM/GM;muni:inegi;singleton-body,JUCHIPILA,,GEM,,1
4217,municipal|31|31101|ayuntamiento|,2,municipal,31,31101,Umán,ayuntamiento,,high,state:clave;level:GEM/GM;muni:inegi;singleton-body,UMÁN,UMAN,GEM,,2
4218,municipal|32|32055|ayuntamiento|,2,municipal,32,32055,Villanueva,ayuntamiento,,high,state:clave;level:GEM/GM;muni:inegi;singleton-body,VILLANUEVA,,GEM,,5
4219,municipal|32|32040|ayuntamiento|,2,municipal,32,32040,Sain Alto,ayuntamiento,,high,state:clave;level:GEM/GM;muni:inegi;singleton-body,SAIN ALTO,,GEM,,3
4220,municipal|18|18015|ayuntamiento|,2,municipal,18,18015,Santiago Ixcuintla,ayuntamiento,,high,state:clave;level:GEM/GM;muni:inegi;singleton-body,SANTIAGO IXCUINTLA,,GEM,,2
4221,municipal|13|13064|ayuntamiento|,1,municipal,13,13064,Tepetitlán,ayuntamiento,,high,state:clave;level:GEM/GM;muni:inegi;singleton-body,TEPETITLÁN,,GEM,,7
4222,municipal|13|13019|ayuntamiento|,2,municipal,13,13019,Chilcuautla,ayuntamiento,,high,state:clave;level:GEM/GM;muni:inegi;singleton-body,CHILCUAUTLA,,GEM,,5
4223,municipal|25|25018|ayuntamiento|,3,municipal,25,25018,Navolato,ayuntamiento,,high,state:clave;level:GEM/GM;muni:inegi;singleton-body,NAVOLATO,,GEM,,4
4224,municipal|13|13078|ayuntamiento|,2,municipal,13,13078,Xochiatipan,ayuntamiento,,high,state:clave;level:GEM/GM;muni:inegi;singleton-body,XOCHIATIPAN,,GEM,,2
4225,municipal|31|31027|ayuntamiento|,1,municipal,31,31027,Dzidzantún,ayuntamiento,,high,state:clave;level:GEM/GM;muni:inegi;singleton-body,DZIDZANTÚN,,GEM,,1
4226,municipal|31|31048|ayuntamiento|,1,municipal,31,31048,Maxcanú,ayuntamiento,,high,state:clave;level:GEM/GM;muni:inegi;singleton-body,MAXCANÚ,,GEM,,1
4227,municipal|31|31056|ayuntamiento|,1,municipal,31,31056,Oxkutzcab,ayuntamiento,,high,state:clave;level:GEM/GM;muni:inegi;singleton-body,OXKUTZCAB,,GEM,,1
4228,municipal|31|31058|ayuntamiento|,2,municipal,31,31058,Peto,ayuntamiento,,high,state:clave;level:GEM/GM;muni:inegi;singleton-body,PETO,,GEM,,1
4229,municipal|29|29007|ayuntamiento|,2,municipal,29,29007,El Carmen Tequexquitla,ayuntamiento,,high,state:clave;level:GEM/GM;muni:inegi;singleton-body,EL CARMEN TEQUEXQUITLA,,GEM,,1
4230,municipal|32|32039|ayuntamiento|,2,municipal,32,32039,Río Grande,ayuntamiento,,high,state:clave;level:GEM/GM;muni:inegi;singleton-body,RÍO GRANDE,,GEM,,12
4231,state|10||universidad politecnica|UNIVERSIDAD POLITECNICA GOMEZ PALACIO,1,state,10,,,universidad politecnica,UNIVERSIDAD POLITECNICA GOMEZ PALACIO,high,state:clave;level:GEM/GE,UNIVERSIDAD POLITÉCNICA GÓMEZ PALACIO,UPGOP,GEM,,3
4233,state|20||organismo|INSTITUTO DE EDUCACION PUBLICA,2,state,20,,,organismo,INSTITUTO DE EDUCACION PUBLICA,high,state:clave;level:GEM/GE,INSTITUTO ESTATAL DE EDUCACIÓN PÚBLICA,IEEPO,GEM,,2
4234,municipal|30|30003|ayuntamiento|,2,municipal,30,30003,Acayucan,ayuntamiento,,high,state:clave;level:GEM/GM;muni:inegi;singleton-body,ACAYUCAN,,GEM,,1
4235,state|07||organismo|COMISION DE BUSQUEDA DE PERSONAS,1,state,07,,,organismo,COMISION DE BUSQUEDA DE PERSONAS,high,state:clave;level:GEM/GE,COMISIÓN ESTATAL DE BÚSQUEDA DE PERSONAS,,GEM,,2
4236,municipal|32|32037|ayuntamiento|,2,municipal,32,32037,Pánuco,ayuntamiento,,high,state:clave;level:GEM/GM;muni:inegi;singleton-body,PÁNUCO,,GEM,,5
4237,state|17||organismo|SISTEMA PARA EL DESARROLLO IINTEGRAL DE LA FAMILIA,2,state,17,,,organismo,SISTEMA PARA EL DESARROLLO IINTEGRAL DE LA FAMILIA,high,state:clave;level:GEM/GE,SISTEMA PARA EL DESARROLLO IINTEGRAL DE LA FAMILIA MORELOS,DIFMORELOS,GEM,,19
4238,municipal|25|25016|ayuntamiento|,2,municipal,25,25016,San Ignacio,ayuntamiento,,high,state:clave;level:GEM/GM;muni:inegi;singleton-body,SAN IGNACIO,,GEM,,2
4239,municipal|20|20025|ayuntamiento|,1,municipal,20,20025,Chahuites,ayuntamiento,,high,state:clave;level:GEM/GM;muni:inegi;singleton-body,CHAHUITES,,GEM,,1
4240,municipal|20|20051|ayuntamiento|,1,municipal,20,20051,Magdalena Teitipac,ayuntamiento,,high,state:clave;level:GEM/GM;muni:inegi;singleton-body,MAGDALENA TEITIPAC,,GEM,,1
4241,municipal|20|20157|ayuntamiento|,1,municipal,20,20157,San Jacinto Amilpas,ayuntamiento,,high,state:clave;level:GEM/GM;muni:inegi;singleton-body,SAN JACINTO AMILPAS,,GEM,,1
4242,municipal|20|20294|ayuntamiento|,2,municipal,20,20294,San Pablo Huitzo,ayuntamiento,,high,state:clave;level:GEM/GM;muni:inegi;singleton-body,SAN PABLO HUITZO,,GEM,,3
4243,municipal|13|13041|ayuntamiento|,2,municipal,13,13041,Mixquiahuala de Juárez,ayuntamiento,,high,state:clave;level:GEM/GM;muni:inegi;singleton-body,MIXQUIAHUALA DE JUÁREZ,,GEM,,1
4244,municipal|10|10016|ayuntamiento|,2,municipal,10,10016,Nombre de Dios,ayuntamiento,,high,state:clave;level:GEM/GM;muni:inegi;singleton-body,NOMBRE DE DIOS,,GEM,,3
4245,municipal|13|13084|ayuntamiento|,2,municipal,13,13084,Zimapán,ayuntamiento,,high,state:clave;level:GEM/GM;muni:inegi;singleton-body,ZIMAPÁN,,GEM,,2
4246,municipal|28|28016|ayuntamiento|,2,municipal,28,28016,Hidalgo,ayuntamiento,,high,state:clave;text-state-overruled:13;level:GEM/GM;muni:inegi;singleton-body,HIDALGO,,GEM,,4
4247,municipal|01|01001|ayuntamiento|,3,municipal,01,01001,Aguascalientes,ayuntamiento,,high,state:clave;level:GEM/GM;muni:inegi;singleton-body,AGUASCALIENTES,AGS,GEM,,14
4248,municipal|10|10001|ayuntamiento|,2,municipal,10,10001,Canatlán,ayuntamiento,,high,state:clave;level:GEM/GM;muni:inegi;singleton-body,CANATLÁN,,GEM,,2
4249,municipal|32|32010|ayuntamiento|,2,municipal,32,32010,Fresnillo,ayuntamiento,,high,state:clave;level:GEM/GM;muni:inegi;singleton-body,FRESNILLO,,GEM,,12
4250,state|11||tecnologico superior (estatal)|INSTITUTO TECNOLOGICO SUPERIOR DE IRAPUATO,1,state,11,,,tecnologico superior (estatal),INSTITUTO TECNOLOGICO SUPERIOR DE IRAPUATO,high,state:clave;level:GEM/GE,INSTITUTO TECNOLÓGICO SUPERIOR DE IRAPUATO,ITESI,GEM,,2
4251,state|30||universidad tecnologica|UNIVERSIDAD TECNOLOGICA DE GUTIERREZ ZAMORA,2,state,30,,,universidad tecnologica,UNIVERSIDAD TECNOLOGICA DE GUTIERREZ ZAMORA,high,state:clave;level:GEM/GE,UNIVERSIDAD TECNOLÓGICA DE GUTIERREZ ZAMORA,UTGZ,GEM,,30
4252,state|20||secretaria|SECRETARIA DE INFRAESTRUCTURAS Y COMUNICACIONES,1,state,20,,,secretaria,SECRETARIA DE INFRAESTRUCTURAS Y COMUNICACIONES,high,state:clave;level:GEM/GE,SECRETARÍA DE INFRAESTRUCTURAS Y COMUNICACIONES,SINFRA,GEM,,32
4253,state|18||organismo|INSTITUTO PARA LA MUJER,1,state,18,,,organismo,INSTITUTO PARA LA MUJER,medium,state:clave;level:GEM/GE;gentilicio-stripped,INSTITUTO PARA LA MUJER NAYARITA,INMUNAY,GEM,,34
4254,municipal|28|28001|ayuntamiento|,1,municipal,28,28001,Abasolo,ayuntamiento,,high,state:clave;level:GEM/GM;muni:inegi;singleton-body,ABASOLO,,GEM,,9
4255,state|18||universidad politecnica|UNIVERSIDAD POLITECNICA,1,state,18,,,universidad politecnica,UNIVERSIDAD POLITECNICA,high,state:clave;level:GEM/GE,UNIVERSIDAD POLITÉCNICA DEL ESTADO DE NAYARIT,UPNAY,GEM,,21
4256,state|20||organismo|CAMINOS BIENESTAR,1,state,20,,,organismo,CAMINOS BIENESTAR,high,state:clave;level:GEM/GE,CAMINOS BIENESTAR,CABIEN,GEM,,16
4257,state|13||organismo|INSTITUTO DE LAS MUJERES,1,state,13,,,organismo,INSTITUTO DE LAS MUJERES,medium,state:clave;level:GEM/GE;gentilicio-stripped,INSTITUTO HIDALGUENSE DE LAS MUJERES,IHM,GEM,,198
4258,,,federal,,,,organismo,AEROLINEA DEL ESTADO MEXICANO,n/a,level:gobierno_nivel,"AEROLÍNEA DEL ESTADO MEXICANO, S.A. DE C.V.",AEM,APF,,83
4259,municipal|30|30206|ayuntamiento|,1,municipal,30,30206,Nanchital de Lázaro Cárdenas del Río,ayuntamiento,,high,state:clave;level:GEM/GM;muni:inegi;singleton-body,NANCHITAL DE LÁZARO CÁRDENAS DEL RÍO,,GEM,,3
4260,,,federal,,,,organismo,TREN MAYA,n/a,level:gobierno_nivel,"TREN MAYA, S.A. DE C.V.",TRENMAYA,APF,,145
4261,state|30||tecnologico superior (estatal)|INSTITUTO TECNOLOGICO SUPERIOR DE SAN ANDRES TUXTLA,1,state,30,,,tecnologico superior (estatal),INSTITUTO TECNOLOGICO SUPERIOR DE SAN ANDRES TUXTLA,high,state:clave;level:GEM/GE,INSTITUTO TECNOLÓGICO SUPERIOR DE SAN ANDRÉS TUXTLA,ITSSAT,GEM,,10
4262,municipal|16|16102|ayuntamiento|,3,municipal,16,16102,Uruapan,ayuntamiento,,high,state:clave;level:GEM/GM;muni:inegi;singleton-body,URUAPAN,,GEM,,31
4263,state|30||tecnologico superior (estatal)|INSTITUTO TECNOLOGICO SUPERIOR DE CHICONTEPEC,1,state,30,,,tecnologico superior (estatal),INSTITUTO TECNOLOGICO SUPERIOR DE CHICONTEPEC,high,state:clave;level:GEM/GE,INSTITUTO TECNOLÓGICO SUPERIOR DE CHICONTEPEC,ITSCHINCONTEPEC,GEM,,6
4264,state|12||secretaria|SECRETARIA DE CONTRALORIA Y TRANSPARENCIA GUBERNAMENTAL,1,state,12,,,secretaria,SECRETARIA DE CONTRALORIA Y TRANSPARENCIA GUBERNAMENTAL,high,state:clave;level:GEM/GE,SECRETARÍA DE CONTRALORÍA Y TRANSPARENCIA GUBERNAMENTAL,SCTG,GEM,,21
4265,state|30||organismo|COMISION EJECUTIVA ESTATAL DE ATENCION INTEGRAL A VICTIMAS,1,state,30,,,organismo,COMISION EJECUTIVA ESTATAL DE ATENCION INTEGRAL A VICTIMAS,high,state:clave;level:GEM/GE,COMISIÓN EJECUTIVA ESTATAL DE ATENCIÓN INTEGRAL A VÍCTIMAS,CEEAIV,GEM,,1
4266,municipal|30|TXT:SISTEMA INTERMUNICIPAL DE GESTION INTEGRAL DE RESIDUOS SOLIDOS URBANOS Y MANEJO ESPECIAL|organismo|SISTEMA INTERMUNICIPAL DE GESTION INTEGRAL DE RESIDUOS SOLIDOS URBANOS Y MANEJO ESPECIAL,1,municipal,30,TXT:SISTEMA INTERMUNICIPAL DE GESTION INTEGRAL DE RESIDUOS SOLIDOS URBANOS Y MANEJO ESPECIAL,,organismo,SISTEMA INTERMUNICIPAL DE GESTION INTEGRAL DE RESIDUOS SOLIDOS URBANOS Y MANEJO ESPECIAL,low,state:clave;level:GEM/EPP;muni:unresolved,SISTEMA INTERMUNICIPAL DE GESTIÓN INTEGRAL DE RESIDUOS SÓLIDOS URBANOS Y MANEJO ESPECIAL,SIGIRES,GEM,,4
4267,municipal|29|29010|ayuntamiento|,2,municipal,29,29010,Chiautempan,ayuntamiento,,high,state:clave;level:GEM/GM;muni:inegi;singleton-body,CHIAUTEMPAN,,GEM,,8
4268,state|01||organismo|ESCUELA NORMAL,2,state,01,,,organismo,ESCUELA NORMAL,high,state:clave;level:GEM/GE,ESCUELA NORMAL DE AGUASCALIENTES,ENA,GEM,,14
4269,state|15||universidad politecnica|UNIVERSIDAD POLITECNICA DE TEXCOCO,1,state,15,,,universidad politecnica,UNIVERSIDAD POLITECNICA DE TEXCOCO,high,state:clave;level:GEM/GE,UNIVERSIDAD POLITÉCNICA DE TEXCOCO,UPTEXCOCO,GEM,,8
4270,state|05||organismo de agua|COMISION DE AGUAS Y SANEAMIENTO,2,state,05,,,organismo de agua,COMISION DE AGUAS Y SANEAMIENTO,high,state:clave;level:GEM/GE,COMISIÓN ESTATAL DE AGUAS Y SANEAMIENTO,CEAS,GEM,,1
4271,,,federal,,,,organismo,FONDO ESPECIAL PARA FINANCIAMIENTOS AGROPECUARIOS,n/a,level:gobierno_nivel,FONDO ESPECIAL PARA FINANCIAMIENTOS AGROPECUARIOS,FEFA,APF,,22
4272,,,federal,,,,organismo,COMISION NACIONAL DE SALUD MENTAL Y ADICCIONES,n/a,level:gobierno_nivel,COMISIÓN NACIONAL DE SALUD MENTAL Y ADICCIONES,CONASAMA,APF,,358
4273,state|25||universidad tecnologica|UNIVERSIDAD TECNOLOGICA DE ESCUINAPA,1,state,25,,,universidad tecnologica,UNIVERSIDAD TECNOLOGICA DE ESCUINAPA,high,state:clave;level:GEM/GE,UNIVERSIDAD TECNOLÓGICA DE ESCUINAPA,UTESC,GEM,,1
4274,state|25||universidad tecnologica|UNIVERSIDAD TECNOLOGICA DE CULIACAN,1,state,25,,,universidad tecnologica,UNIVERSIDAD TECNOLOGICA DE CULIACAN,high,state:clave;level:GEM/GE,UNIVERSIDAD TECNOLÓGICA DE CULIACÁN,UTCULIACAN,GEM,,1
4275,state|01||universidad tecnologica|UNIVERSIDAD TECNOLOGICA METROPOLITANA,1,state,01,,,universidad tecnologica,UNIVERSIDAD TECNOLOGICA METROPOLITANA,high,state:clave;level:GEM/GE,UNIVERSIDAD TECNOLÓGICA METROPOLITANA DE AGUASCALIENTES,UTMA,GEM,,8
4276,municipal|30|30160|ayuntamiento|,2,municipal,30,30160,Álamo Temapache,ayuntamiento,,high,state:clave;level:GEM/GM;muni:inegi;singleton-body,ÁLAMO TEMAPACHE,,GEM,,2
4277,municipal|30|30142|ayuntamiento|,2,municipal,30,30142,San Juan Evangelista,ayuntamiento,,high,state:clave;level:GEM/GM;muni:inegi;singleton-body,SAN JUAN EVANGELISTA,,GEM,,1
4278,municipal|20|20473|ayuntamiento|,2,municipal,20,20473,Santiago Laxopa,ayuntamiento,,high,state:clave;level:GEM/GM;muni:inegi;singleton-body,SANTIAGO LAXOPA,,GEM,,2
4279,municipal|20|20364|ayuntamiento|,2,municipal,20,20364,Santa Catarina Juquila,ayuntamiento,,high,state:clave;level:GEM/GM;muni:inegi;singleton-body,SANTA CATARINA JUQUILA,,GEM,,2
4280,municipal|30|30189|ayuntamiento|,1,municipal,30,30189,Tuxpan,ayuntamiento,,high,state:clave;level:GEM/GM;muni:inegi;singleton-body,TUXPAN,,GEM,,15
4281,state|14||organismo de agua|SISTEMA DE AGUA POTABLE DE ZAPOTLAN,1,state,14,,,organismo de agua,SISTEMA DE AGUA POTABLE DE ZAPOTLAN,high,state:clave;level:GEM/EPP,OPD SISTEMA DE AGUA POTABLE DE ZAPOTLAN,SAPAZA,GEM,,9
4282,municipal|29|29060|ayuntamiento|,2,municipal,29,29060,Santa Isabel Xiloxoxtla,ayuntamiento,,high,state:clave;level:GEM/GM;muni:inegi;singleton-body,SANTA ISABEL XILOXOXTLA,,GEM,,1
4283,state|30||universidad politecnica|UNIVERSIDAD POLITECNICA DE HUATUSCO,2,state,30,,,universidad politecnica,UNIVERSIDAD POLITECNICA DE HUATUSCO,high,state:clave;level:GEM/GE,UNIVERSIDAD POLITÉCNICA DE HUATUSCO,UPH,GEM,,3
4284,state|04||organismo|INSTITUTO DEL DEPORTE,1,state,04,,,organismo,INSTITUTO DEL DEPORTE,high,state:clave;level:GEM/GE,INSTITUTO DEL DEPORTE DEL ESTADO DE CAMPECHE,INDECAM,GEM,,2
4285,state|20||infraestructura educativa|INSTITUTO CONSTRUCTOR DE INFRAESTRUCTURA EDUCATIVA,1,state,20,,,infraestructura educativa,INSTITUTO CONSTRUCTOR DE INFRAESTRUCTURA EDUCATIVA,medium,state:clave;level:GEM/GE;gentilicio-stripped,INSTITUTO OAXAQUEÑO CONSTRUCTOR DE INFRAESTRUCTURA EDUCATIVA,IOCIED,GEM,,6
4286,state|20||organismo de agua|SISTEMA OPERADOR DE LOS SERVICIOS DE AGUA POTABLE Y ALCANTARILLADO,1,state,20,,,organismo de agua,SISTEMA OPERADOR DE LOS SERVICIOS DE AGUA POTABLE Y ALCANTARILLADO,high,state:clave;level:GEM/GE,SISTEMA OPERADOR DE LOS SERVICIOS DE AGUA POTABLE Y ALCANTARILLADO,SOAPA,GEM,,20
4287,state|15||universidad politecnica|UNIVERSIDAD POLITECNICA DEL VALLE DE TOLUCA,1,state,15,,,universidad politecnica,UNIVERSIDAD POLITECNICA DEL VALLE DE TOLUCA,high,state:clave;level:GEM/GE,UNIVERSIDAD POLITÉCNICA DEL VALLE DE TOLUCA,UPVT,GEM,,14
4288,municipal|21|21156|organismo de agua|ORGANISMO OPERADOR DE LOS SERVICIOS DE AGUA POTABLE Y ALCANTARILLADO,1,municipal,21,21156,Tehuacán,organismo de agua,ORGANISMO OPERADOR DE LOS SERVICIOS DE AGUA POTABLE Y ALCANTARILLADO,high,state:clave;level:GEM/EPP;muni:inegi,ORGANISMO OPERADOR DE LOS SERVICIOS DE AGUA POTABLE Y ALCANTARILLADO DEL MUNICIPIO DE TEHUACÁN,OOSAPAT,GEM,,8
4289,state|30||organismo de agua|COMISION MUNCIPAL DE AGUA POTABLE Y SANEAMIENTO DE FORTIN,1,state,30,,,organismo de agua,COMISION MUNCIPAL DE AGUA POTABLE Y SANEAMIENTO DE FORTIN,high,state:clave;level:GEM/EPP,COMISIÓN MUNCIPAL DE AGUA POTABLE Y SANEAMIENTO DE FORTÍN,CASFORTIN,GEM,,2
4290,state|15||organismo|INSTITUTO DE CAPACITACION Y ADIESTRAMIENTO PARA EL TRABAJO INDUSTRIAL,3,state,15,,,organismo,INSTITUTO DE CAPACITACION Y ADIESTRAMIENTO PARA EL TRABAJO INDUSTRIAL,high,state:clave;level:GEM/GE,INSTITUTO DE CAPACITACIÓN Y ADIESTRAMIENTO PARA EL TRABAJO INDUSTRIAL,ICATI,GEM,,11
4291,municipal|27|27009|ayuntamiento|,3,municipal,27,27009,Jalapa,ayuntamiento,,high,state:clave;level:GEM/GM;muni:inegi;singleton-body,JALAPA,,GEM,,2
4292,municipal|14|14097|ayuntamiento|,3,municipal,14,14097,Tlajomulco de Zúñiga,ayuntamiento,,high,state:clave;level:GEM/GM;muni:inegi;singleton-body,TLAJOMULCO DE ZÚÑIGA,,GEM,,1
4293,municipal|20|20297|ayuntamiento|,2,municipal,20,20297,San Pablo Tijaltepec,ayuntamiento,,high,state:clave;level:GEM/GM;muni:inegi;singleton-body,SAN PABLO TIJALTEPEC,,GEM,,4
4294,municipal|30|30072|ayuntamiento|,1,municipal,30,30072,Huayacocotla,ayuntamiento,,high,state:clave;level:GEM/GM;muni:inegi;singleton-body,HUAYACOCOTLA,,GEM,,7
4295,municipal|20|20087|ayuntamiento|,2,municipal,20,20087,San Agustín Yatareni,ayuntamiento,,high,state:clave;level:GEM/GM;muni:inegi;singleton-body,SAN AGUSTÍN YATARENI,,GEM,,1
4296,municipal|20|20482|ayuntamiento|,2,municipal,20,20482,Santiago Pinotepa Nacional,ayuntamiento,,high,state:clave;level:GEM/GM;muni:inegi;singleton-body,SANTIAGO PINOTEPA NACIONAL,,GEM,,1
4297,state|07||tecnologico superior (estatal)|INSTITUTO TECNOLOGICO SUPERIOR DE CINTALAPA,1,state,07,,,tecnologico superior (estatal),INSTITUTO TECNOLOGICO SUPERIOR DE CINTALAPA,high,state:clave;level:GEM/GE,INSTITUTO TECNOLÓGICO SUPERIOR DE CINTALAPA,TECNM,GEM,,8
4298,municipal|07|07024|ayuntamiento|,1,municipal,07,07024,Chanal,ayuntamiento,,high,state:clave;level:GEM/GM;muni:inegi;singleton-body,CHANAL,,GEM,,1
4299,municipal|24|24031|ayuntamiento|,2,municipal,24,24031,Santa Catarina,ayuntamiento,,high,state:clave;level:GEM/GM;muni:inegi;singleton-body,SANTA CATARINA,,GEM,,2
4300,municipal|21|21019|organismo de agua|SISTEMA OPERADOR DE LOS SERVICIOS DE AGUA POTABLE Y ALCANTARILLADO,1,municipal,21,21019,Atlixco,organismo de agua,SISTEMA OPERADOR DE LOS SERVICIOS DE AGUA POTABLE Y ALCANTARILLADO,high,state:clave;level:GEM/EPP;muni:inegi,SISTEMA OPERADOR DE LOS SERVICIOS DE AGUA POTABLE Y ALCANTARILLADO DEL MUNICIPIO DE ATLIXCO,SOAPAMA,GEM,,3
4301,municipal|20|20154|ayuntamiento|,1,municipal,20,20154,San Ildefonso Amatlán,ayuntamiento,,high,state:clave;level:GEM/GM;muni:inegi;singleton-body,SAN ILDEFONSO AMATLÁN,,GEM,,5
4302,municipal|20|20331|ayuntamiento|,2,municipal,20,20331,San Pedro Tidaá,ayuntamiento,,high,state:clave;level:GEM/GM;muni:inegi;singleton-body,SAN PEDRO TIDAÁ,,GEM,,2
4303,municipal|20|20492|ayuntamiento|,1,municipal,20,20492,Santiago Tilantongo,ayuntamiento,,high,state:clave;level:GEM/GM;muni:inegi;singleton-body,SANTIAGO TILANTONGO,,GEM,,5
4304,municipal|20|20538|ayuntamiento|,2,municipal,20,20538,Sitio de Xitlapehua,ayuntamiento,,high,state:clave;level:GEM/GM;muni:inegi;singleton-body,SITIO DE XITLAPEHUA,,GEM,,5
4305,state|15||universidad politecnica|UNIVERSIDAD POLITECNICA DE CUAUTITLAN IZCALLI,1,state,15,,,universidad politecnica,UNIVERSIDAD POLITECNICA DE CUAUTITLAN IZCALLI,high,state:clave;level:GEM/GE,UNIVERSIDAD POLITÉCNICA DE CUAUTITLÁN IZCALLI,UPCI,GEM,,2
4306,municipal|25|25005|ayuntamiento|,2,municipal,25,25005,Cosalá,ayuntamiento,,high,state:clave;level:GEM/GM;muni:inegi;singleton-body,COSALÁ,,GEM,,1
4307,state|23||universidad politecnica|UNIVERSIDAD POLITECNICA,1,state,23,,,universidad politecnica,UNIVERSIDAD POLITECNICA,high,state:clave;level:GEM/GE,UNIVERSIDAD POLITÉCNICA DE QUINTANA ROO,UPQROO,GEM,,11
4308,municipal|30|30188|ayuntamiento|,1,municipal,30,30188,Totutla,ayuntamiento,,high,state:clave;level:GEM/GM;muni:inegi;singleton-body,TOTUTLA,,GEM,,2
4309,municipal|21|21051|ayuntamiento|,2,municipal,21,21051,Chietla,ayuntamiento,,high,state:clave;level:GEM/GM;muni:inegi;singleton-body,CHIETLA,,GEM,,2
4310,state|26||organismo|SERVICIOS EDUCATIVOS,2,state,26,,,organismo,SERVICIOS EDUCATIVOS,high,state:clave;level:GEM/GE,SERVICIOS EDUCATIVOS DEL ESTADO DE SONORA,SEES,GEM,,4
4311,state|15||organismo de agua|SERVICIOS DE AGUA POTABLE ALCANTARILLADO Y SANEAMIENTO DE ATIZAPAN DE ZARAGOZA,2,state,15,,,organismo de agua,SERVICIOS DE AGUA POTABLE ALCANTARILLADO Y SANEAMIENTO DE ATIZAPAN DE ZARAGOZA,high,state:clave;level:GEM/EPP,"SERVICIOS DE AGUA POTABLE, ALCANTARILLADO Y SANEAMIENTO DE ATIZAPÁN DE ZARAGOZA",SAPASA,GEM,,1
4312,municipal|24|24011|ayuntamiento|,3,municipal,24,24011,Ciudad Fernández,ayuntamiento,,high,state:clave;level:GEM/GM;muni:inegi;singleton-body,CIUDAD FERNÁNDEZ,,GEM,,2
4313,municipal|26|26043|organismo de agua|ORGANISMO OPERADOR MUNICIPAL DE AGUA POTABLE ALCANTARILLADO Y SANEAMIENTO,1,municipal,26,26043,Nogales,organismo de agua,ORGANISMO OPERADOR MUNICIPAL DE AGUA POTABLE ALCANTARILLADO Y SANEAMIENTO,high,state:clave;level:GEM/EPP;muni:inegi,"ORGANISMO OPERADOR MUNICIPAL DE AGUA POTABLE, ALCANTARILLADO Y SANEAMIENTO DE NOGALES",OOMAPASNOGALES,GEM,,1
4314,state|15||tecnologico superior (estatal)|TECNOLOGICO DE ESTUDIOS SUPERIORES DE SAN FELIPE DEL PROGRESO,3,state,15,,,tecnologico superior (estatal),TECNOLOGICO DE ESTUDIOS SUPERIORES DE SAN FELIPE DEL PROGRESO,high,state:clave;level:GEM/GE,TECNOLOGICO DE ESTUDIOS SUPERIORES DE SAN FELIPE DEL PROGRESO,TESSFP,GEM,,2
4315,municipal|20|20445|ayuntamiento|,1,municipal,20,20445,Santa María Yosoyúa,ayuntamiento,,high,state:clave;level:GEM/GM;muni:inegi;singleton-body,SANTA MARÍA YOSOYÚA,,GEM,,2
4316,state|26||organismo|INSTITUTO DE CAPACITACION PARA EL TRABAJO,2,state,26,,,organismo,INSTITUTO DE CAPACITACION PARA EL TRABAJO,high,state:clave;level:GEM/GE,INSTITUTO DE CAPACITACIÓN PARA EL TRABAJO DEL ESTADO DE SONORA (ICATSON),ICATSON,GEM,,5
4317,municipal|24|24045|ayuntamiento|,1,municipal,24,24045,Venado,ayuntamiento,,high,state:clave;level:GEM/GM;muni:inegi;singleton-body,VENADO,,GEM,,1
4318,state|17||organismo|INSTITUTO DE SERVICIOS REGISTRALES Y CATASTRALES,2,state,17,,,organismo,INSTITUTO DE SERVICIOS REGISTRALES Y CATASTRALES,high,state:clave;level:GEM/GE,INSTITUTO DE SERVICIOS REGISTRALES Y CATASTRALES DEL ESTADO DE MORELOS,ISRYC,GEM,,1
4319,municipal|26|26069|ayuntamiento|,1,municipal,26,26069,Yécora,ayuntamiento,,high,state:clave;level:GEM/GM;muni:inegi;singleton-body,YÉCORA,,GEM,,3
4320,state|19||organismo|SISTEMA INTEGRAL PARA EL MANEJO ECOLOGICO Y PROCESAMIENTO DE DESECHOS,3,state,19,,,organismo,SISTEMA INTEGRAL PARA EL MANEJO ECOLOGICO Y PROCESAMIENTO DE DESECHOS,high,state:clave;level:GEM/GE,SISTEMA INTEGRAL PARA EL MANEJO ECOLÓGICO Y PROCESAMIENTO DE DESECHOS,SIMEPRODE,GEM,,1
4321,state|15||universidad politecnica|UNIVERSIDAD POLITECNICA DE ATLAUTLA,1,state,15,,,universidad politecnica,UNIVERSIDAD POLITECNICA DE ATLAUTLA,high,state:clave;level:GEM/GE,UNIVERSIDAD POLITÉCNICA DE ATLAUTLA,UPATLAUTLA,GEM,,1
4322,state|17||fiscalia/procuraduria|FISCALIA GENERAL,1,state,17,,,fiscalia/procuraduria,FISCALIA GENERAL,high,state:clave;level:GEM/GE,FISCALÍA GENERAL DEL ESTADO DE MORELOS,FISCALIAMORELOS,GEM,,1
4323,municipal|10|10015|ayuntamiento|,2,municipal,10,10015,Nazas,ayuntamiento,,high,state:clave;level:GEM/GM;muni:inegi;singleton-body,NAZAS,,GEM,,5
4324,state|18||organismo de agua|SISTEMA INTEGRAL DE AGUA POTABLE Y ALCANTARILLADO DE TEPIC,1,state,18,,,organismo de agua,SISTEMA INTEGRAL DE AGUA POTABLE Y ALCANTARILLADO DE TEPIC,high,state:clave;level:GEM/EPP,SISTEMA INTEGRAL DE AGUA POTABLE Y ALCANTARILLADO DE TEPIC NAYARIT,SIAPA,GEM,,5
4325,state|20||secretaria|SECRETARIA DE LA CONTRALORIA,2,state,20,,,secretaria,SECRETARIA DE LA CONTRALORIA,high,state:clave;level:GEM/GE,SECRETARÍA DE LA CONTRALORÍA,,GEM,,7
4326,municipal|30|30109|ayuntamiento|,2,municipal,30,30109,Misantla,ayuntamiento,,high,state:clave;level:GEM/GM;muni:inegi;singleton-body,MISANTLA,,GEM,,1
4327,state|18||dif estatal|,1,state,18,,,dif estatal,,high,state:clave;level:GEM/GE;singleton-body,SISTEMA PARA EL DESARROLLO INTEGRAL DE LA FAMILIA DEL ESTADO DE NAYARIT,DIFNAYARIT,GEM,,7
4328,municipal|15|15109|ayuntamiento|,3,municipal,15,15109,Tultitlán,ayuntamiento,,high,state:clave;level:GEM/GM;muni:inegi;singleton-body,TULTITLÁN,,GEM,,1
4329,municipal|13|13051|ayuntamiento|,2,municipal,13,13051,Mineral de la Reforma,ayuntamiento,,high,state:clave;level:GEM/GM;muni:inegi;singleton-body,MINERAL DE LA REFORMA,,GEM,,2
4330,municipal|30|30087|ayuntamiento|,3,municipal,30,30087,Xalapa,ayuntamiento,,high,state:clave;level:GEM/GM;muni:inegi;singleton-body,XALAPA,,GEM,,2
4331,state|20||organismo|COLEGIO SUPERIOR PARA LA EDUCACION INTEGRAL INTERCULTURAL,1,state,20,,,organismo,COLEGIO SUPERIOR PARA LA EDUCACION INTEGRAL INTERCULTURAL,high,state:clave;level:GEM/GE,COLEGIO SUPERIOR PARA LA EDUCACIÓN INTEGRAL INTERCULTURAL DE OAXACA (CSEIIO),CSEIIO,GEM,,2
4332,municipal|01|01005|organismo de agua|COMISION DE AGUA POTABLE ALCANTARILLADO Y SANEAMIENTO,1,municipal,01,01005,Jesús María,organismo de agua,COMISION DE AGUA POTABLE ALCANTARILLADO Y SANEAMIENTO,high,state:clave;level:GEM/EPP;muni:inegi,"COMISIÓN DE AGUA POTABLE, ALCANTARILLADO Y SANEAMIENTO DEL MUNICIPIO DE JESÚS MARÍA",CAPASJM,GEM,,3
4334,municipal|17|17028|ayuntamiento|,2,municipal,17,17028,Xochitepec,ayuntamiento,,high,state:clave;level:GEM/GM;muni:inegi;singleton-body,XOCHITEPEC,,GEM,,2
4335,municipal|27|27007|ayuntamiento|,2,municipal,27,27007,Emiliano Zapata,ayuntamiento,,high,state:clave;level:GEM/GM;muni:inegi;singleton-body,EMILIANO ZAPATA,,GEM,,9
4336,municipal|18|18004|ayuntamiento|,2,municipal,18,18004,Compostela,ayuntamiento,,high,state:clave;level:GEM/GM;muni:inegi;singleton-body,COMPOSTELA,,GEM,,1
4337,state|25||dif estatal|,1,state,25,,,dif estatal,,high,state:clave;level:GEM/GE;singleton-body,SISTEMA PARA EL DESARROLLO INTEGRAL DE LA FAMILIA EN EL ESTADO DE SINALOA,DIFSINALOA,GEM,,5
4338,municipal|24|24019|ayuntamiento|,2,municipal,24,24019,Lagunillas,ayuntamiento,,high,state:clave;level:GEM/GM;muni:inegi;singleton-body,LAGUNILLAS,,GEM,,3
4339,municipal|11|11044|ayuntamiento|,2,municipal,11,11044,Villagrán,ayuntamiento,,high,state:clave;level:GEM/GM;muni:inegi;singleton-body,VILLAGRÁN,,GEM,,2
4340,state|22||organismo|COMISION DE INFRAESTRUCTURA,2,state,22,,,organismo,COMISION DE INFRAESTRUCTURA,high,state:clave;level:GEM/GE,COMISIÓN ESTATAL DE INFRAESTRUCTURA DE QUERÉTARO,CEIQRO,GEM,,2
4341,state|15||fiscalia/procuraduria|FISCALIA GENERAL DE JUSTICIA,1,state,15,,,fiscalia/procuraduria,FISCALIA GENERAL DE JUSTICIA,high,state:clave;level:GEM/GE,FISCALÍA GENERAL DE JUSTICIA,FGJEM,GEM,,3
4342,municipal|21|21102|ayuntamiento|,2,municipal,21,21102,Nealtican,ayuntamiento,,high,state:clave;level:GEM/GM;muni:inegi;singleton-body,NEALTICAN,,GEM,,1
4343,municipal|30|30132|ayuntamiento|,2,municipal,30,30132,Las Vigas de Ramírez,ayuntamiento,,high,state:clave;level:GEM/GM;muni:inegi;singleton-body,LAS VIGAS DE RAMÍREZ,,GEM,,4
4344,municipal|30|30024|ayuntamiento|,1,municipal,30,30024,Tlaltetela,ayuntamiento,,high,state:clave;level:GEM/GM;muni:inegi;singleton-body,TLALTETELA,,GEM,,2
4345,municipal|30|30029|ayuntamiento|,2,municipal,30,30029,Calcahualco,ayuntamiento,,high,state:clave;level:GEM/GM;muni:inegi;singleton-body,CALCAHUALCO,,GEM,,3
4346,municipal|20|20305|ayuntamiento|,1,municipal,20,20305,San Pedro Comitancillo,ayuntamiento,,high,state:clave;level:GEM/GM;muni:inegi;singleton-body,SAN PEDRO COMITANCILLO,,GEM,,1
4347,municipal|31|31050|ayuntamiento|,3,municipal,31,31050,Mérida,ayuntamiento,,high,state:clave;level:GEM/GM;muni:inegi;singleton-body,MÉRIDA,,GEM,,10
4348,municipal|26|26002|organismo de agua|,1,municipal,26,26002,Agua Prieta,organismo de agua,,high,state:clave;level:GEM/GM;muni:inegi,AGUA PRIETA,,GEM,,6
4349,municipal|30|30166|ayuntamiento|,2,municipal,30,30166,Tepetlán,ayuntamiento,,high,state:clave;level:GEM/GM;muni:inegi;singleton-body,TEPETLÁN,,GEM,,1
4350,state|24||organismo|CENTRO DE CONCILIACION LABORAL,1,state,24,,,organismo,CENTRO DE CONCILIACION LABORAL,high,state:clave;level:GEM/GE,CENTRO DE CONCILIACIÓN LABORAL DEL ESTADO DE SAN LUIS POTOSÍ,CCLSLP,GEM,,1
4351,municipal|17|17025|ayuntamiento|,2,municipal,17,17025,Tlaquiltenango,ayuntamiento,,high,state:clave;level:GEM/GM;muni:inegi;singleton-body,TLAQUILTENANGO,,GEM,,1
4352,municipal|28|28037|ayuntamiento|,2,municipal,28,28037,Soto la Marina,ayuntamiento,,high,state:clave;level:GEM/GM;muni:inegi;singleton-body,SOTO LA MARINA,,GEM,,14
4353,municipal|30|30039|organismo de agua|COMISION MUNICIPAL DE AGUA POTABLE Y SANEAMIENTO,1,municipal,30,30039,Coatzacoalcos,organismo de agua,COMISION MUNICIPAL DE AGUA POTABLE Y SANEAMIENTO,high,state:clave;level:GEM/EPP;muni:inegi,COMISIÓN MUNICIPAL DE AGUA POTABLE Y SANEAMIENTO DE COATZACOALCOS,CMASCOATZACOALCOS,GEM,,1
4354,municipal|21|21041|ayuntamiento|,2,municipal,21,21041,Cuautlancingo,ayuntamiento,,high,state:clave;level:GEM/GM;muni:inegi;singleton-body,CUAUTLANCINGO,,GEM,,1
4355,state|01||secretaria|SECRETARIA DE INFRAESTRUCTURA Y COMUNICACIONES,2,state,01,,,secretaria,SECRETARIA DE INFRAESTRUCTURA Y COMUNICACIONES,high,state:clave;level:GEM/GE,SECRETARIA DE INFRAESTRUCTURA Y COMUNICACIONES,SOP,GEM,,3
4356,municipal|32|32035|ayuntamiento|,2,municipal,32,32035,Noria de Ángeles,ayuntamiento,,high,state:clave;level:GEM/GM;muni:inegi;singleton-body,NORIA DE ÁNGELES,,GEM,,4
4357,municipal|21|21094|ayuntamiento|,2,municipal,21,21094,Libres,ayuntamiento,,high,state:clave;level:GEM/GM;muni:inegi;singleton-body,LIBRES,,GEM,,1
4358,municipal|20|20444|ayuntamiento|,2,municipal,20,20444,Santa María Yolotepec,ayuntamiento,,high,state:clave;level:GEM/GM;muni:inegi;singleton-body,SANTA MARÍA YOLOTEPEC,,GEM,,2
4359,municipal|20|20474|ayuntamiento|,1,municipal,20,20474,Santiago Llano Grande,ayuntamiento,,high,state:clave;level:GEM/GM;muni:inegi;singleton-body,SANTIAGO LLANO GRANDE,,GEM,,2
4360,municipal|21|21124|ayuntamiento|,2,municipal,21,21124,San Gabriel Chilac,ayuntamiento,,high,state:clave;level:GEM/GM;muni:inegi;singleton-body,SAN GABRIEL CHILAC,,GEM,,2
4361,municipal|01|01004|ayuntamiento|,2,municipal,01,01004,Cosío,ayuntamiento,,high,state:clave;level:GEM/GM;muni:inegi;singleton-body,COSÍO,COSIO,GEM,,3
4362,municipal|30|30156|ayuntamiento|,2,municipal,30,30156,Tatatila,ayuntamiento,,high,state:clave;level:GEM/GM;muni:inegi;singleton-body,TATATILA,,GEM,,2
4363,municipal|02|02001|ayuntamiento|,3,municipal,02,02001,Ensenada,ayuntamiento,,high,state:clave;level:GEM/GM;muni:inegi;singleton-body,ENSENADA,,GEM,,3
4364,municipal|16|16016|ayuntamiento|,2,municipal,16,16016,Coeneo,ayuntamiento,,high,state:clave;level:GEM/GM;muni:inegi;singleton-body,COENEO,,GEM,,1
4365,state|30||tecnologico superior (estatal)|INSTITUTO TECNOLOGICO SUPERIOR DE NARANJOS,1,state,30,,,tecnologico superior (estatal),INSTITUTO TECNOLOGICO SUPERIOR DE NARANJOS,high,state:clave;level:GEM/GE,INSTITUTO TECNOLÓGICO SUPERIOR DE NARANJOS,ITSNA,GEM,,1
4366,municipal|26|26004|ayuntamiento|,2,municipal,26,26004,Altar,ayuntamiento,,high,state:clave;level:GEM/GM;muni:inegi;singleton-body,ALTAR,,GEM,,1
4367,municipal|24|24037|ayuntamiento|,3,municipal,24,24037,Tamazunchale,ayuntamiento,,high,state:clave;level:GEM/GM;muni:inegi;singleton-body,TAMAZUNCHALE,,GEM,,3
4368,municipal|11|11007|organismo|INSTITUTO MUNICIPAL DE ARTE Y CULTURA,1,municipal,11,11007,Celaya,organismo,INSTITUTO MUNICIPAL DE ARTE Y CULTURA,high,state:clave;level:GEM/EPP;muni:inegi,INSTITUTO MUNICIPAL DE ARTE Y CULTURA DE CELAYA,INSMACC,GEM,,1
4369,municipal|30|30121|ayuntamiento|,1,municipal,30,30121,Ozuluama de Mascareñas,ayuntamiento,,high,state:clave;level:GEM/GM;muni:inegi;singleton-body,OZULUAMA DE MASCAREÑAS,,GEM,,1
4370,municipal|15|15054|organismo de agua|ORGANISMO PUBLICO DESCENTRALIZADO PARA LA PRESTACION DE LOS SERVICIOS DE AGUA POTABLE ALCANTARILLADO Y SANEAMIENTO,2,municipal,15,15054,Metepec,organismo de agua,ORGANISMO PUBLICO DESCENTRALIZADO PARA LA PRESTACION DE LOS SERVICIOS DE AGUA POTABLE ALCANTARILLADO Y SANEAMIENTO,high,state:clave;level:GEM/EPP;muni:inegi,"ORGANISMO PÚBLICO DESCENTRALIZADO, PARA LA PRESTACION DE LOS SERVICIOS DE AGUA POTABLE, ALCANTARILLADO Y SANEAMIENTO DEL MUNICIPIO DE METEPEC",OPDAPAS,GEM,,1
4371,state|14||universidad politecnica|UNIVERSIDAD POLITECNICA DE LA ZONA METROPOLITANA DE GUADALAJARA,2,state,14,,,universidad politecnica,UNIVERSIDAD POLITECNICA DE LA ZONA METROPOLITANA DE GUADALAJARA,high,state:clave;level:GEM/GE,UNIVERSIDAD POLITÉCNICA DE LA ZONA METROPOLITANA DE GUADALAJARA,UPZMG,GEM,,2
4372,state|13||universidad politecnica|UNIVERSIDAD POLITECNICA METROPOLITANA,2,state,13,,,universidad politecnica,UNIVERSIDAD POLITECNICA METROPOLITANA,high,state:clave;level:GEM/GE,UNIVERSIDAD POLITÉCNICA METROPOLITANA DE HIDALGO,UPMH,GEM,,1
4373,municipal|24|24013|ayuntamiento|,2,municipal,24,24013,Ciudad Valles,ayuntamiento,,high,state:clave;level:GEM/GM;muni:inegi;singleton-body,CIUDAD VALLES,,GEM,,1
4374,municipal|32|32018|ayuntamiento|,2,municipal,32,32018,Huanusco,ayuntamiento,,high,state:clave;level:GEM/GM;muni:inegi;singleton-body,HUANUSCO,,GEM,,1
4375,municipal|21|21197|organismo de agua|SISTEMA OPERADOR DE LOS SERVICIOS DE AGUA POTABLE Y ALCANTARILLADO DE JUAREZ PUE,1,municipal,21,21197,Xicotepec,organismo de agua,SISTEMA OPERADOR DE LOS SERVICIOS DE AGUA POTABLE Y ALCANTARILLADO DE JUAREZ PUE,high,state:clave;level:GEM/EPP;muni:inegi,"SISTEMA OPERADOR DE LOS SERVICIOS DE AGUA POTABLE Y ALCANTARILLADO DEL MUNICIPIO DE XICOTEPEC DE JUÁREZ, PUE.",SOSAPAX,GEM,,1
4376,municipal|20|20270|ayuntamiento|,1,municipal,20,20270,San Miguel Huautla,ayuntamiento,,high,state:clave;level:GEM/GM;muni:inegi;singleton-body,SAN MIGUEL HUAUTLA,,GEM,,1
4377,municipal|20|20229|ayuntamiento|,2,municipal,20,20229,San Lorenzo Texmelúcan,ayuntamiento,,high,state:clave;level:GEM/GM;muni:inegi;singleton-body,SAN LORENZO TEXMELÚCAN,,GEM,,1
4378,municipal|20|20566|ayuntamiento|,1,municipal,20,20566,San Mateo Yucutindoo,ayuntamiento,,high,state:clave;level:GEM/GM;muni:inegi;singleton-body,SAN MATEO YUCUTINDOO,,GEM,,1
4379,state|17||universidad tecnologica|UNIVERSIDAD TECNOLOGICA DEL SUR,2,state,17,,,universidad tecnologica,UNIVERSIDAD TECNOLOGICA DEL SUR,high,state:clave;level:GEM/GE,UNIVERSIDAD TECNOLÓGICA DEL SUR,UTSEM,GEM,,2
4380,municipal|28|28003|organismo de agua|COMISION MUNICIPAL DE AGUA POTABLE Y ALCANTARILLADO,2,municipal,28,28003,Altamira,organismo de agua,COMISION MUNICIPAL DE AGUA POTABLE Y ALCANTARILLADO,high,state:clave;level:GEM/EPP;muni:inegi,COMISIÓN MUNICIPAL DE AGUA POTABLE Y ALCANTARILLADO DEL MUNICIPIO DE ALTAMIRA TAMAULIPAS,COMAPAALTAMIRA,GEM,,16
4381,state|24||organismo|JUNTA DE CAMINOS,3,state,24,,,organismo,JUNTA DE CAMINOS,high,state:clave;level:GEM/GE,JUNTA ESTATAL DE CAMINOS,JEC,GEM,,1
4382,state|07||universidad estatal|UNIVERSIDAD AUTONOMA,2,state,07,,,universidad estatal,UNIVERSIDAD AUTONOMA,high,state:clave;level:GEM/GE,UNIVERSIDAD AUTÓNOMA DE CHIAPAS,UNACH,GEM,,1
4383,state|21||universidad politecnica|UNIVERSIDAD POLITECNICA,2,state,21,,,universidad politecnica,UNIVERSIDAD POLITECNICA,high,state:clave;level:GEM/GE,UNIVERSIDAD POLITÉCNICA DE PUEBLA,UPPPUEBLA,GEM,,1
4384,,,federal,,,,organismo,ADMINISTRACION DEL SISTEMA PORTUARIO NACIONAL ACAPULCO,n/a,level:gobierno_nivel,"ADMINISTRACIÓN DEL SISTEMA PORTUARIO NACIONAL ACAPULCO, S.A. DE C.V.",ASIPONAACAPULCO,APF,,2
4385,municipal|20|20397|ayuntamiento|,1,municipal,20,20397,Heroica Ciudad de Tlaxiaco,ayuntamiento,,high,state:clave;level:GEM/GM;muni:inegi;singleton-body,HEROICA CIUDAD DE TLAXIACO,,GEM,,2
4386,municipal|21|21149|ayuntamiento|,2,municipal,21,21149,Santiago Miahuatlán,ayuntamiento,,high,state:clave;level:GEM/GM;muni:inegi;singleton-body,SANTIAGO MIAHUATLÁN,,GEM,,2
4387,state|10||organismo|INSTITUTO DE CULTURA,2,state,10,,,organismo,INSTITUTO DE CULTURA,high,state:clave;level:GEM/GE,INSTITUTO DE CULTURA DEL ESTADO DE DURANGO,ICED,GEM,,1
4388,state|15||infraestructura educativa|INSTITUTO DE LA INFRAESTRUCTURA FISICA EDUCATIVA,1,state,15,,,infraestructura educativa,INSTITUTO DE LA INFRAESTRUCTURA FISICA EDUCATIVA,medium,state:clave;level:GEM/GE;gentilicio-stripped,INSTITUTO MEXIQUENSE DE LA INFRAESTRUCTURA FÍSICA EDUCATIVA,IMIFE,GEM,,11
4389,,,federal,,,,organismo,CENTRO NACIONAL PARA LA PREVENCION Y CONTROL DEL VIH SIDA Y HEPATITIS,n/a,level:gobierno_nivel,CENTRO NACIONAL PARA LA PREVENCIÓN Y CONTROL DEL VIH/SIDA Y HEPATITIS,CENSIDA,APF,,18
4390,,,federal,,,,organismo,CENTRO NACIONAL DE EQUIDAD DE GENERO SALUD SEXUAL Y REPRODUCTIVA,n/a,level:gobierno_nivel,"CENTRO NACIONAL DE EQUIDAD DE GÉNERO, SALUD SEXUAL Y REPRODUCTIVA",CNEGSR,APF,,47
4391,,,federal,,,,organismo,AGENCIA DE TRANSFORMACION DIGITAL Y TELECOMUNICACIONES,n/a,level:gobierno_nivel,AGENCIA DE TRANSFORMACIÓN DIGITAL Y TELECOMUNICACIONES,ATDT,APF,,8
4392,municipal|24|24034|ayuntamiento|,1,municipal,24,24034,San Vicente Tancuayalab,ayuntamiento,,high,state:clave;level:GEM/GM;muni:inegi;singleton-body,SAN VICENTE TANCUAYALAB,,GEM,,4
4393,state|18||organismo|SERVICIOS DE EDUCACION PUBLICA,2,state,18,,,organismo,SERVICIOS DE EDUCACION PUBLICA,high,state:clave;level:GEM/GE,SERVICIOS DE EDUCACIÓN PÚBLICA DEL ESTADO DE NAYARIT,SEPEN,GEM,,6
4394,,,federal,,,,organismo,CENTRO NACIONAL DE PREVENCION Y CONTROL DE ENFERMEDADES,n/a,level:gobierno_nivel,CENTRO NACIONAL DE PREVENCIÓN Y CONTROL DE ENFERMEDADES,CENAPRECE,APF,,77
4395,municipal|15|15099|ayuntamiento|,3,municipal,15,15099,Texcoco,ayuntamiento,,high,state:clave;level:GEM/GM;muni:inegi;singleton-body,TEXCOCO,,GEM,,1
4396,state|07||organismo|INSTITUTO PARA LA GESTION INTEGRAL DE RIESGOS DE DESASTRES,1,state,07,,,organismo,INSTITUTO PARA LA GESTION INTEGRAL DE RIESGOS DE DESASTRES,high,state:clave;level:GEM/GE,INSTITUTO PARA LA GESTIÓN INTEGRAL DE RIESGOS DE DESASTRES DEL ESTADO DE CHIAPAS,IGIRD,GEM,,1
4397,state|25||universidad estatal|UNIVERSIDAD AUTONOMA,2,state,25,,,universidad estatal,UNIVERSIDAD AUTONOMA,high,state:clave;level:GEM/GE,UNIVERSIDAD AUTÓNOMA DE SINALOA,UAS,GEM,,5
4398,,,federal,,,,universidad estatal,UNIVERSIDAD NACIONAL ROSARIO CASTELLANOS,n/a,level:gobierno_nivel,UNIVERSIDAD NACIONAL ROSARIO CASTELLANOS,UNRC,APF,,23
4399,municipal|13|13024|ayuntamiento|,2,municipal,13,13024,Huasca de Ocampo,ayuntamiento,,high,state:clave;level:GEM/GM;muni:inegi;singleton-body,HUASCA DE OCAMPO,HUASCA,GEM,,1
4400,state|11||organismo|INSTITUTO PARA LAS MUJERES,1,state,11,,,organismo,INSTITUTO PARA LAS MUJERES,medium,state:clave;level:GEM/GE;gentilicio-stripped,INSTITUTO PARA LAS MUJERES GUANAJUATENSES,IMUG,GEM,,5
4401,municipal|07|07093|ayuntamiento|,1,municipal,07,07093,Tenejapa,ayuntamiento,,high,state:clave;level:GEM/GM;muni:inegi;singleton-body,TENEJAPA,,GEM,,1
4402,municipal|28|28017|ayuntamiento|,2,municipal,28,28017,Jaumave,ayuntamiento,,high,state:clave;level:GEM/GM;muni:inegi;singleton-body,JAUMAVE,,GEM,,2
4403,state|25||colegio de bachilleres|COLEGIO DE BACHILLERES,1,state,25,,,colegio de bachilleres,COLEGIO DE BACHILLERES,high,state:clave;level:GEM/GE,COLEGIO DE BACHILLERES DEL ESTADO DE SINALOA,COBAES,GEM,,2
4404,municipal|31|31103|ayuntamiento|,1,municipal,31,31103,Xocchel,ayuntamiento,,high,state:clave;level:GEM/GM;muni:inegi;singleton-body,XOCCHEL,,GEM,,1
4405,municipal|20|20071|ayuntamiento|,1,municipal,20,20071,Pluma Hidalgo,ayuntamiento,,high,state:clave;level:GEM/GM;muni:inegi;singleton-body,PLUMA HIDALGO,,GEM,,3
4406,municipal|22|22007|ayuntamiento|,2,municipal,22,22007,Ezequiel Montes,ayuntamiento,,high,state:clave;level:GEM/GM;muni:inegi;singleton-body,EZEQUIEL MONTES,,GEM,,3
4407,municipal|04|04004|ayuntamiento|,3,municipal,04,04004,Champotón,ayuntamiento,,high,state:clave;level:GEM/GM;muni:inegi;singleton-body,CHAMPOTÓN,,GEM,,7
4408,municipal|24|24028|ayuntamiento|,3,municipal,24,24028,San Luis Potosí,ayuntamiento,,high,state:clave;level:GEM/GM;muni:inegi;singleton-body,SAN LUIS POTOSÍ,,GEM,,5
4409,municipal|15|15123|ayuntamiento|,1,municipal,15,15123,Luvianos,ayuntamiento,,high,state:clave;level:GEM/GM;muni:inegi;singleton-body,LUVIANOS,,GEM,,1
4410,municipal|31|31021|ayuntamiento|,1,municipal,31,31021,Chichimilá,ayuntamiento,,high,state:clave;level:GEM/GM;muni:inegi;singleton-body,CHICHIMILÁ,,GEM,,1
4411,municipal|21|21210|ayuntamiento|,2,municipal,21,21210,Zapotitlán de Méndez,ayuntamiento,,high,state:clave;level:GEM/GM;muni:inegi;singleton-body,ZAPOTITLAN DE MENDEZ,,GEM,,2
4412,municipal|13|13014|ayuntamiento|,1,municipal,13,13014,Calnali,ayuntamiento,,high,state:clave;level:GEM/GM;muni:inegi;singleton-body,CALNALI,,GEM,,2
4413,state|15||organismo|INSTITUTO DE ENERGIA Y CAMBIO CLIMATICO,1,state,15,,,organismo,INSTITUTO DE ENERGIA Y CAMBIO CLIMATICO,high,state:clave;level:GEM/GE,INSTITUTO ESTATAL DE ENERGIA Y CAMBIO CLIMATICO,IEECC,GEM,,3
4414,municipal|04|04009|ayuntamiento|,1,municipal,04,04009,Escárcega,ayuntamiento,,high,state:clave;level:GEM/GM;muni:inegi;singleton-body,ESCÁRCEGA,,GEM,,2
4415,municipal|06|06009|ayuntamiento|,3,municipal,06,06009,Tecomán,ayuntamiento,,high,state:clave;level:GEM/GM;muni:inegi;singleton-body,TECOMÁN,,GEM,,1
4416,municipal|10|10007|organismo de agua|SISTEMA DESCENTRALIZADO DE AGUA POTABLE Y ALCANTARILLADO DGO,2,municipal,10,10007,Gómez Palacio,organismo de agua,SISTEMA DESCENTRALIZADO DE AGUA POTABLE Y ALCANTARILLADO DGO,high,state:clave;level:GEM/EPP;muni:inegi,"SISTEMA DESCENTRALIZADO DE AGUA POTABLE Y ALCANTARILLADO DEL MUNICIPIO DE GÓMEZ PALACIO, DGO.",SIDEAPA,GEM,,2
4417,municipal|01|01007|organismo de agua|ORGANISMO OPERADOR DE AGUA POTABLE ALCANTARILLADO Y SANEAMIENTO,1,municipal,01,01007,Rincón de Romos,organismo de agua,ORGANISMO OPERADOR DE AGUA POTABLE ALCANTARILLADO Y SANEAMIENTO,high,state:clave;level:GEM/EPP;muni:inegi,"ORGANISMO OPERADOR DE AGUA POTABLE, ALCANTARILLADO Y SANEAMIENTO DEL MUNICIPIO DE RINCON DE ROMOS",OOAPASRR,GEM,,1
4418,municipal|31|31098|ayuntamiento|,1,municipal,31,31098,Tzucacab,ayuntamiento,,high,state:clave;level:GEM/GM;muni:inegi;singleton-body,TZUCACAB,,GEM,,1
4419,municipal|31|31096|ayuntamiento|,3,municipal,31,31096,Tizimín,ayuntamiento,,high,state:clave;level:GEM/GM;muni:inegi;singleton-body,TIZIMÍN,,GEM,,2
4420,municipal|24|24036|ayuntamiento|,1,municipal,24,24036,Tamasopo,ayuntamiento,,high,state:clave;level:GEM/GM;muni:inegi;singleton-body,TAMASOPO,,GEM,,1
4421,municipal|26|26026|ayuntamiento|,1,municipal,26,26026,Etchojoa,ayuntamiento,,high,state:clave;level:GEM/GM;muni:inegi;singleton-body,ETCHOJOA,,GEM,,1
4422,municipal|24|24049|ayuntamiento|,2,municipal,24,24049,Villa de Ramos,ayuntamiento,,high,state:clave;level:GEM/GM;muni:inegi;singleton-body,VILLA DE RAMOS,,GEM,,2
4423,municipal|20|20263|ayuntamiento|,1,municipal,20,20263,San Miguel Coatlán,ayuntamiento,,high,state:clave;level:GEM/GM;muni:inegi;singleton-body,SAN MIGUEL COATLÁN,,GEM,,3
4424,municipal|20|20146|ayuntamiento|,2,municipal,20,20146,San Francisco Logueche,ayuntamiento,,high,state:clave;level:GEM/GM;muni:inegi;singleton-body,SAN FRANCISCO LOGUECHE,,GEM,,3
4425,state|19||organismo|INSTITUTO REGISTRAL Y CATASTRAL,1,state,19,,,organismo,INSTITUTO REGISTRAL Y CATASTRAL,high,state:clave;level:GEM/GE,INSTITUTO REGISTRAL Y CATASTRAL DEL ESTADO DE NUEVO LEÓN,IRCNL,GEM,,2
4426,municipal|26|26021|ayuntamiento|,2,municipal,26,26021,La Colorada,ayuntamiento,,high,state:clave;level:GEM/GM;muni:inegi;singleton-body,LA COLORADA,,GEM,,1
4427,state|06||organismo de agua|COMISION DE AGUA POTABLE DRENAJE Y ALCANTARILLADO DE MANZANILLO,2,state,06,,,organismo de agua,COMISION DE AGUA POTABLE DRENAJE Y ALCANTARILLADO DE MANZANILLO,high,state:clave;level:GEM/EPP,COMISIÓN DE AGUA POTABLE DRENAJE Y ALCANTARILLADO DE MANZANILLO,CAPDAM,GEM,,1
4428,municipal|22|22017|ayuntamiento|,2,municipal,22,22017,Tequisquiapan,ayuntamiento,,high,state:clave;level:GEM/GM;muni:inegi;singleton-body,TEQUISQUIAPAN,,GEM,,5
4429,municipal|15|15098|ayuntamiento|,2,municipal,15,15098,Texcalyacac,ayuntamiento,,high,state:clave;level:GEM/GM;muni:inegi;singleton-body,TEXCALYACAC,,GEM,,2
4430,state|04||universidad estatal|UNIVERSIDAD AUTONOMA DEL CARMEN,1,state,04,,,universidad estatal,UNIVERSIDAD AUTONOMA DEL CARMEN,high,state:clave;level:GEM/GE,UNIVERSIDAD AUTÓNOMA DEL CARMEN,UNACAR,GEM,,7
4431,municipal|28|28015|ayuntamiento|,2,municipal,28,28015,Gustavo Díaz Ordaz,ayuntamiento,,high,state:clave;level:GEM/GM;muni:inegi;singleton-body,GUSTAVO DÍAZ ORDAZ,,GEM,,5
4432,municipal|24|24055|ayuntamiento|,1,municipal,24,24055,Zaragoza,ayuntamiento,,high,state:clave;level:GEM/GM;muni:inegi;singleton-body,ZARAGOZA,,GEM,,1
4433,municipal|15|15090|ayuntamiento|,2,municipal,15,15090,Tenango del Valle,ayuntamiento,,high,state:clave;level:GEM/GM;muni:inegi;singleton-body,TENANGO DEL VALLE,,GEM,,4
4434,municipal|30|30026|organismo de agua|COMISION MUNICIPAL DE AGUA POTABLE DRENAJE Y ALCANTARILLADO,2,municipal,30,30026,Banderilla,organismo de agua,COMISION MUNICIPAL DE AGUA POTABLE DRENAJE Y ALCANTARILLADO,high,state:clave;level:GEM/EPP;muni:inegi,"COMISIÓN MUNICIPAL DE AGUA POTABLE, DRENAJE Y ALCANTARILLADO DE BANDERILLA",CMAPBANDERILLA,GEM,,1
4435,municipal|24|24043|ayuntamiento|,1,municipal,24,24043,Tierra Nueva,ayuntamiento,,high,state:clave;level:GEM/GM;muni:inegi;singleton-body,TIERRA NUEVA,,GEM,,2
4436,municipal|13|13023|ayuntamiento|,1,municipal,13,13023,Francisco I. Madero,ayuntamiento,,high,state:clave;level:GEM/GM;muni:inegi;singleton-body,FRANCISCO I. MADERO,,GEM,,3
4437,municipal|13|13004|organismo de agua|,1,municipal,13,13004,Agua Blanca de Iturbide,organismo de agua,,high,state:clave;level:GEM/GM;muni:inegi,AGUA BLANCA DE ITURBIDE,,GEM,,3
4438,municipal|13|13080|ayuntamiento|,1,municipal,13,13080,Yahualica,ayuntamiento,,high,state:clave;level:GEM/GM;muni:inegi;singleton-body,YAHUALICA,,GEM,,1
4439,state|19||organismo|FIDEICOMISO PROMOTOR DE PROYECTOS ESTRATEGICOS URBANOS,2,state,19,,,organismo,FIDEICOMISO PROMOTOR DE PROYECTOS ESTRATEGICOS URBANOS,high,state:clave;level:GEM/GE,FIDEICOMISO PROMOTOR DE PROYECTOS ESTRATÉGICOS URBANOS (FIDEPROES-BP3617),FIDEPROES,GEM,,1
4440,municipal|24|24015|ayuntamiento|,1,municipal,24,24015,Charcas,ayuntamiento,,high,state:clave;level:GEM/GM;muni:inegi;singleton-body,CHARCAS,,GEM,,1
4441,municipal|27|27016|ayuntamiento|,2,municipal,27,27016,Teapa,ayuntamiento,,high,state:clave;level:GEM/GM;muni:inegi;singleton-body,TEAPA,,GEM,,1
4442,municipal|13|13048|ayuntamiento|,2,municipal,13,13048,Pachuca de Soto,ayuntamiento,,high,state:clave;level:GEM/GM;muni:inegi;singleton-body,PACHUCA DE SOTO,,GEM,,1
4443,state|27||secretaria|SECRETARIA DE DESARROLLO AGROPECUARIO Y PESCA,1,state,27,,,secretaria,SECRETARIA DE DESARROLLO AGROPECUARIO Y PESCA,high,state:clave;level:GEM/GE,SECRETARÍA DE DESARROLLO AGROPECUARIO Y PESCA,SEDAFOP,GEM,,6
4444,municipal|30|30147|ayuntamiento|,1,municipal,30,30147,Soledad Atzompa,ayuntamiento,,high,state:clave;level:GEM/GM;muni:inegi;singleton-body,SOLEDAD ATZOMPA,,GEM,,1
4445,state|08||organismo de agua|JUNTA MUNICIPAL DE AGUA Y SANEAMIENTO DE JUAREZ,1,state,08,,,organismo de agua,JUNTA MUNICIPAL DE AGUA Y SANEAMIENTO DE JUAREZ,high,state:clave;level:GEM/GE,JUNTA MUNICIPAL DE AGUA Y SANEAMIENTO DE JUÁREZ,JMAS-JUAREZ,GEM,,1
4446,municipal|28|28014|ayuntamiento|,1,municipal,28,28014,Guerrero,ayuntamiento,,high,state:clave;text-state-overruled:12;level:GEM/GM;muni:inegi;singleton-body,GUERRERO,,GEM,,3
4447,state|08||colegio de bachilleres|COLEGIO DE BACHILLERES,1,state,08,,,colegio de bachilleres,COLEGIO DE BACHILLERES,high,state:clave;level:GEM/GE,COLEGIO DE BACHILLERES DEL ESTADO DE CHIHUAHUA,COBACHIH,GEM,,1
4448,state|11||tecnologico superior (estatal)|INSTITUTO TECNOLOGICO SUPERIOR DE PURISIMA DEL RINCON,1,state,11,,,tecnologico superior (estatal),INSTITUTO TECNOLOGICO SUPERIOR DE PURISIMA DEL RINCON,high,state:clave;level:GEM/GE,INSTITUTO TECNOLÓGICO SUPERIOR DE PURISIMA DEL RINCÓN,ITSPR,GEM,,1
4449,municipal|31|31072|ayuntamiento|,1,municipal,31,31072,Suma,ayuntamiento,,high,state:clave;level:GEM/GM;muni:inegi;singleton-body,SUMA,,GEM,,1
4450,municipal|15|15014|ayuntamiento|,3,municipal,15,15014,Atlacomulco,ayuntamiento,,high,state:clave;level:GEM/GM;muni:inegi;singleton-body,ATLACOMULCO,,GEM,,2
4451,state|20||organismo|INSTITUTO DE CAPACITACION Y PRODUCTIVIDAD PARA EL TRABAJO,1,state,20,,,organismo,INSTITUTO DE CAPACITACION Y PRODUCTIVIDAD PARA EL TRABAJO,high,state:clave;level:GEM/GE,INSTITUTO DE CAPACITACIÓN Y PRODUCTIVIDAD PARA EL TRABAJO DEL ESTADO DE OAXACA,ICAPET,GEM,,1
4452,municipal|30|30211|ayuntamiento|,1,municipal,30,30211,San Rafael,ayuntamiento,,high,state:clave;level:GEM/GM;muni:inegi;singleton-body,SAN RAFAEL,,GEM,,1
4453,municipal|08|08062|ayuntamiento|,2,municipal,08,08062,Saucillo,ayuntamiento,,high,state:clave;level:GEM/GM;muni:inegi;singleton-body,SAUCILLO,,GEM,,1
4454,state|11||organismo|CENTRO DE CONCILIACION LABORAL,1,state,11,,,organismo,CENTRO DE CONCILIACION LABORAL,high,state:clave;level:GEM/GE,CENTRO DE CONCILIACIÓN LABORAL DEL ESTADO DE GUANAJUATO,CCLGTO,GEM,,1
4455,municipal|15|15056|ayuntamiento|,2,municipal,15,15056,Morelos,ayuntamiento,,high,state:clave;text-state-overruled:17;level:GEM/GM;muni:inegi;singleton-body,MORELOS,,GEM,,1
4456,municipal|15|15079|ayuntamiento|,2,municipal,15,15079,Soyaniquilpan de Juárez,ayuntamiento,,high,state:clave;level:GEM/GM;muni:inegi;singleton-body,SOYANIQUILPAN DE JUÁREZ,,GEM,,1
